<?xml version="1.0" encoding="UTF-8"?>
<kml xmlns="http://www.opengis.net/kml/2.2">
  <Document>
    <name>KL Plaszow</name>
    <description><![CDATA[Plan KL Plaszow zrekonstruowany na podstawie archiwalnych map, zdjęć lotniczych oraz relacji świadków.<br><br>Plan przedstawia stan na połowę 1944 r.<br><br>Oprac. S. Różycki, R. Kulig, K. Karski<br><br>Wersja trzecia, uzupełniona, kwiecień 2024.<br><br>(c) Muzeum-Miejsce Pamięci KL Plaszow. Niemiecki nazistowski obóz pracy i obóz koncentracyjny (1942-1945) (w organizacji)]]></description>
    <Style id="icon-1500-F9A825-normal">
      <IconStyle>
        <color>ff25a8f9</color>
        <scale>1</scale>
        <Icon>
          <href>https://www.gstatic.com/mapspro/images/stock/503-wht-blank_maps.png</href>
        </Icon>
      </IconStyle>
      <LabelStyle>
        <scale>0</scale>
      </LabelStyle>
    </Style>
    <Style id="icon-1500-F9A825-highlight">
      <IconStyle>
        <color>ff25a8f9</color>
        <scale>1</scale>
        <Icon>
          <href>https://www.gstatic.com/mapspro/images/stock/503-wht-blank_maps.png</href>
        </Icon>
      </IconStyle>
      <LabelStyle>
        <scale>1</scale>
      </LabelStyle>
    </Style>
    <StyleMap id="icon-1500-F9A825">
      <Pair>
        <key>normal</key>
        <styleUrl>#icon-1500-F9A825-normal</styleUrl>
      </Pair>
      <Pair>
        <key>highlight</key>
        <styleUrl>#icon-1500-F9A825-highlight</styleUrl>
      </Pair>
    </StyleMap>
    <Style id="icon-1608-E65100-labelson">
      <IconStyle>
        <color>ff0051e6</color>
        <scale>1</scale>
        <Icon>
          <href>https://www.gstatic.com/mapspro/images/stock/503-wht-blank_maps.png</href>
        </Icon>
      </IconStyle>
    </Style>
    <Style id="icon-1728-E65100-labelson">
      <IconStyle>
        <color>ff0051e6</color>
        <scale>1</scale>
        <Icon>
          <href>https://www.gstatic.com/mapspro/images/stock/503-wht-blank_maps.png</href>
        </Icon>
      </IconStyle>
    </Style>
    <Style id="icon-1739-F9A825-normal">
      <IconStyle>
        <color>ff25a8f9</color>
        <scale>1</scale>
        <Icon>
          <href>https://www.gstatic.com/mapspro/images/stock/503-wht-blank_maps.png</href>
        </Icon>
      </IconStyle>
      <LabelStyle>
        <scale>0</scale>
      </LabelStyle>
    </Style>
    <Style id="icon-1739-F9A825-highlight">
      <IconStyle>
        <color>ff25a8f9</color>
        <scale>1</scale>
        <Icon>
          <href>https://www.gstatic.com/mapspro/images/stock/503-wht-blank_maps.png</href>
        </Icon>
      </IconStyle>
      <LabelStyle>
        <scale>1</scale>
      </LabelStyle>
    </Style>
    <StyleMap id="icon-1739-F9A825">
      <Pair>
        <key>normal</key>
        <styleUrl>#icon-1739-F9A825-normal</styleUrl>
      </Pair>
      <Pair>
        <key>highlight</key>
        <styleUrl>#icon-1739-F9A825-highlight</styleUrl>
      </Pair>
    </StyleMap>
    <Style id="icon-1739-FFD600-normal">
      <IconStyle>
        <color>ff00d6ff</color>
        <scale>1</scale>
        <Icon>
          <href>https://www.gstatic.com/mapspro/images/stock/503-wht-blank_maps.png</href>
        </Icon>
      </IconStyle>
      <LabelStyle>
        <scale>0</scale>
      </LabelStyle>
    </Style>
    <Style id="icon-1739-FFD600-highlight">
      <IconStyle>
        <color>ff00d6ff</color>
        <scale>1</scale>
        <Icon>
          <href>https://www.gstatic.com/mapspro/images/stock/503-wht-blank_maps.png</href>
        </Icon>
      </IconStyle>
      <LabelStyle>
        <scale>1</scale>
      </LabelStyle>
    </Style>
    <StyleMap id="icon-1739-FFD600">
      <Pair>
        <key>normal</key>
        <styleUrl>#icon-1739-FFD600-normal</styleUrl>
      </Pair>
      <Pair>
        <key>highlight</key>
        <styleUrl>#icon-1739-FFD600-highlight</styleUrl>
      </Pair>
    </StyleMap>
    <Style id="icon-1803-FFD600-normal">
      <IconStyle>
        <color>ff00d6ff</color>
        <scale>1</scale>
        <Icon>
          <href>https://www.gstatic.com/mapspro/images/stock/503-wht-blank_maps.png</href>
        </Icon>
      </IconStyle>
      <LabelStyle>
        <scale>0</scale>
      </LabelStyle>
    </Style>
    <Style id="icon-1803-FFD600-highlight">
      <IconStyle>
        <color>ff00d6ff</color>
        <scale>1</scale>
        <Icon>
          <href>https://www.gstatic.com/mapspro/images/stock/503-wht-blank_maps.png</href>
        </Icon>
      </IconStyle>
      <LabelStyle>
        <scale>1</scale>
      </LabelStyle>
    </Style>
    <StyleMap id="icon-1803-FFD600">
      <Pair>
        <key>normal</key>
        <styleUrl>#icon-1803-FFD600-normal</styleUrl>
      </Pair>
      <Pair>
        <key>highlight</key>
        <styleUrl>#icon-1803-FFD600-highlight</styleUrl>
      </Pair>
    </StyleMap>
    <Style id="icon-1877-880E4F-nodesc-normal">
      <IconStyle>
        <color>ff4f0e88</color>
        <scale>1</scale>
        <Icon>
          <href>https://www.gstatic.com/mapspro/images/stock/503-wht-blank_maps.png</href>
        </Icon>
      </IconStyle>
      <LabelStyle>
        <scale>0</scale>
      </LabelStyle>
      <BalloonStyle>
        <text><![CDATA[<h3>$[name]</h3>]]></text>
      </BalloonStyle>
    </Style>
    <Style id="icon-1877-880E4F-nodesc-highlight">
      <IconStyle>
        <color>ff4f0e88</color>
        <scale>1</scale>
        <Icon>
          <href>https://www.gstatic.com/mapspro/images/stock/503-wht-blank_maps.png</href>
        </Icon>
      </IconStyle>
      <LabelStyle>
        <scale>1</scale>
      </LabelStyle>
      <BalloonStyle>
        <text><![CDATA[<h3>$[name]</h3>]]></text>
      </BalloonStyle>
    </Style>
    <StyleMap id="icon-1877-880E4F-nodesc">
      <Pair>
        <key>normal</key>
        <styleUrl>#icon-1877-880E4F-nodesc-normal</styleUrl>
      </Pair>
      <Pair>
        <key>highlight</key>
        <styleUrl>#icon-1877-880E4F-nodesc-highlight</styleUrl>
      </Pair>
    </StyleMap>
    <Style id="line-000000-1200-normal">
      <LineStyle>
        <color>ff000000</color>
        <width>1.2</width>
      </LineStyle>
    </Style>
    <Style id="line-000000-1200-highlight">
      <LineStyle>
        <color>ff000000</color>
        <width>1.8</width>
      </LineStyle>
    </Style>
    <StyleMap id="line-000000-1200">
      <Pair>
        <key>normal</key>
        <styleUrl>#line-000000-1200-normal</styleUrl>
      </Pair>
      <Pair>
        <key>highlight</key>
        <styleUrl>#line-000000-1200-highlight</styleUrl>
      </Pair>
    </StyleMap>
    <Style id="line-000000-3325-normal">
      <LineStyle>
        <color>ff000000</color>
        <width>3.325</width>
      </LineStyle>
    </Style>
    <Style id="line-000000-3325-highlight">
      <LineStyle>
        <color>ff000000</color>
        <width>4.9875</width>
      </LineStyle>
    </Style>
    <StyleMap id="line-000000-3325">
      <Pair>
        <key>normal</key>
        <styleUrl>#line-000000-3325-normal</styleUrl>
      </Pair>
      <Pair>
        <key>highlight</key>
        <styleUrl>#line-000000-3325-highlight</styleUrl>
      </Pair>
    </StyleMap>
    <Style id="line-BDBDBD-3713-normal">
      <LineStyle>
        <color>ffbdbdbd</color>
        <width>3.713</width>
      </LineStyle>
    </Style>
    <Style id="line-BDBDBD-3713-highlight">
      <LineStyle>
        <color>ffbdbdbd</color>
        <width>5.5695</width>
      </LineStyle>
    </Style>
    <StyleMap id="line-BDBDBD-3713">
      <Pair>
        <key>normal</key>
        <styleUrl>#line-BDBDBD-3713-normal</styleUrl>
      </Pair>
      <Pair>
        <key>highlight</key>
        <styleUrl>#line-BDBDBD-3713-highlight</styleUrl>
      </Pair>
    </StyleMap>
    <Style id="line-BDBDBD-4100-normal">
      <LineStyle>
        <color>ffbdbdbd</color>
        <width>4.1</width>
      </LineStyle>
    </Style>
    <Style id="line-BDBDBD-4100-highlight">
      <LineStyle>
        <color>ffbdbdbd</color>
        <width>6.15</width>
      </LineStyle>
    </Style>
    <StyleMap id="line-BDBDBD-4100">
      <Pair>
        <key>normal</key>
        <styleUrl>#line-BDBDBD-4100-normal</styleUrl>
      </Pair>
      <Pair>
        <key>highlight</key>
        <styleUrl>#line-BDBDBD-4100-highlight</styleUrl>
      </Pair>
    </StyleMap>
    <Style id="line-FFFFFF-4100-nodesc-normal">
      <LineStyle>
        <color>ffffffff</color>
        <width>4.1</width>
      </LineStyle>
      <BalloonStyle>
        <text><![CDATA[<h3>$[name]</h3>]]></text>
      </BalloonStyle>
    </Style>
    <Style id="line-FFFFFF-4100-nodesc-highlight">
      <LineStyle>
        <color>ffffffff</color>
        <width>6.15</width>
      </LineStyle>
      <BalloonStyle>
        <text><![CDATA[<h3>$[name]</h3>]]></text>
      </BalloonStyle>
    </Style>
    <StyleMap id="line-FFFFFF-4100-nodesc">
      <Pair>
        <key>normal</key>
        <styleUrl>#line-FFFFFF-4100-nodesc-normal</styleUrl>
      </Pair>
      <Pair>
        <key>highlight</key>
        <styleUrl>#line-FFFFFF-4100-nodesc-highlight</styleUrl>
      </Pair>
    </StyleMap>
    <Style id="poly-000000-1200-43-normal">
      <LineStyle>
        <color>ff000000</color>
        <width>1.2</width>
      </LineStyle>
      <PolyStyle>
        <color>2b000000</color>
        <fill>1</fill>
        <outline>1</outline>
      </PolyStyle>
    </Style>
    <Style id="poly-000000-1200-43-highlight">
      <LineStyle>
        <color>ff000000</color>
        <width>1.8</width>
      </LineStyle>
      <PolyStyle>
        <color>2b000000</color>
        <fill>1</fill>
        <outline>1</outline>
      </PolyStyle>
    </Style>
    <StyleMap id="poly-000000-1200-43">
      <Pair>
        <key>normal</key>
        <styleUrl>#poly-000000-1200-43-normal</styleUrl>
      </Pair>
      <Pair>
        <key>highlight</key>
        <styleUrl>#poly-000000-1200-43-highlight</styleUrl>
      </Pair>
    </StyleMap>
    <Style id="poly-0288D1-1200-120-nodesc-normal">
      <LineStyle>
        <color>ffd18802</color>
        <width>1.2</width>
      </LineStyle>
      <PolyStyle>
        <color>78d18802</color>
        <fill>1</fill>
        <outline>1</outline>
      </PolyStyle>
      <BalloonStyle>
        <text><![CDATA[<h3>$[name]</h3>]]></text>
      </BalloonStyle>
    </Style>
    <Style id="poly-0288D1-1200-120-nodesc-highlight">
      <LineStyle>
        <color>ffd18802</color>
        <width>1.8</width>
      </LineStyle>
      <PolyStyle>
        <color>78d18802</color>
        <fill>1</fill>
        <outline>1</outline>
      </PolyStyle>
      <BalloonStyle>
        <text><![CDATA[<h3>$[name]</h3>]]></text>
      </BalloonStyle>
    </Style>
    <StyleMap id="poly-0288D1-1200-120-nodesc">
      <Pair>
        <key>normal</key>
        <styleUrl>#poly-0288D1-1200-120-nodesc-normal</styleUrl>
      </Pair>
      <Pair>
        <key>highlight</key>
        <styleUrl>#poly-0288D1-1200-120-nodesc-highlight</styleUrl>
      </Pair>
    </StyleMap>
    <Style id="poly-424242-1200-145-normal">
      <LineStyle>
        <color>ff424242</color>
        <width>1.2</width>
      </LineStyle>
      <PolyStyle>
        <color>91424242</color>
        <fill>1</fill>
        <outline>1</outline>
      </PolyStyle>
    </Style>
    <Style id="poly-424242-1200-145-highlight">
      <LineStyle>
        <color>ff424242</color>
        <width>1.8</width>
      </LineStyle>
      <PolyStyle>
        <color>91424242</color>
        <fill>1</fill>
        <outline>1</outline>
      </PolyStyle>
    </Style>
    <StyleMap id="poly-424242-1200-145">
      <Pair>
        <key>normal</key>
        <styleUrl>#poly-424242-1200-145-normal</styleUrl>
      </Pair>
      <Pair>
        <key>highlight</key>
        <styleUrl>#poly-424242-1200-145-highlight</styleUrl>
      </Pair>
    </StyleMap>
    <Style id="poly-A52714-1000-33-normal">
      <LineStyle>
        <color>ff1427a5</color>
        <width>1</width>
      </LineStyle>
      <PolyStyle>
        <color>211427a5</color>
        <fill>1</fill>
        <outline>1</outline>
      </PolyStyle>
    </Style>
    <Style id="poly-A52714-1000-33-highlight">
      <LineStyle>
        <color>ff1427a5</color>
        <width>1.5</width>
      </LineStyle>
      <PolyStyle>
        <color>211427a5</color>
        <fill>1</fill>
        <outline>1</outline>
      </PolyStyle>
    </Style>
    <StyleMap id="poly-A52714-1000-33">
      <Pair>
        <key>normal</key>
        <styleUrl>#poly-A52714-1000-33-normal</styleUrl>
      </Pair>
      <Pair>
        <key>highlight</key>
        <styleUrl>#poly-A52714-1000-33-highlight</styleUrl>
      </Pair>
    </StyleMap>
    <Style id="poly-A52714-401-74-nodesc-normal">
      <LineStyle>
        <color>ff1427a5</color>
        <width>0.401</width>
      </LineStyle>
      <PolyStyle>
        <color>4a1427a5</color>
        <fill>1</fill>
        <outline>1</outline>
      </PolyStyle>
      <BalloonStyle>
        <text><![CDATA[<h3>$[name]</h3>]]></text>
      </BalloonStyle>
    </Style>
    <Style id="poly-A52714-401-74-nodesc-highlight">
      <LineStyle>
        <color>ff1427a5</color>
        <width>0.6015</width>
      </LineStyle>
      <PolyStyle>
        <color>4a1427a5</color>
        <fill>1</fill>
        <outline>1</outline>
      </PolyStyle>
      <BalloonStyle>
        <text><![CDATA[<h3>$[name]</h3>]]></text>
      </BalloonStyle>
    </Style>
    <StyleMap id="poly-A52714-401-74-nodesc">
      <Pair>
        <key>normal</key>
        <styleUrl>#poly-A52714-401-74-nodesc-normal</styleUrl>
      </Pair>
      <Pair>
        <key>highlight</key>
        <styleUrl>#poly-A52714-401-74-nodesc-highlight</styleUrl>
      </Pair>
    </StyleMap>
    <Style id="poly-C2185B-1000-36-normal">
      <LineStyle>
        <color>ff5b18c2</color>
        <width>1</width>
      </LineStyle>
      <PolyStyle>
        <color>245b18c2</color>
        <fill>1</fill>
        <outline>1</outline>
      </PolyStyle>
    </Style>
    <Style id="poly-C2185B-1000-36-highlight">
      <LineStyle>
        <color>ff5b18c2</color>
        <width>1.5</width>
      </LineStyle>
      <PolyStyle>
        <color>245b18c2</color>
        <fill>1</fill>
        <outline>1</outline>
      </PolyStyle>
    </Style>
    <StyleMap id="poly-C2185B-1000-36">
      <Pair>
        <key>normal</key>
        <styleUrl>#poly-C2185B-1000-36-normal</styleUrl>
      </Pair>
      <Pair>
        <key>highlight</key>
        <styleUrl>#poly-C2185B-1000-36-highlight</styleUrl>
      </Pair>
    </StyleMap>
    <Style id="poly-FFFFFF-4401-15-nodesc-normal">
      <LineStyle>
        <color>ffffffff</color>
        <width>4.401</width>
      </LineStyle>
      <PolyStyle>
        <color>0fffffff</color>
        <fill>1</fill>
        <outline>1</outline>
      </PolyStyle>
      <BalloonStyle>
        <text><![CDATA[<h3>$[name]</h3>]]></text>
      </BalloonStyle>
    </Style>
    <Style id="poly-FFFFFF-4401-15-nodesc-highlight">
      <LineStyle>
        <color>ffffffff</color>
        <width>6.6015</width>
      </LineStyle>
      <PolyStyle>
        <color>0fffffff</color>
        <fill>1</fill>
        <outline>1</outline>
      </PolyStyle>
      <BalloonStyle>
        <text><![CDATA[<h3>$[name]</h3>]]></text>
      </BalloonStyle>
    </Style>
    <StyleMap id="poly-FFFFFF-4401-15-nodesc">
      <Pair>
        <key>normal</key>
        <styleUrl>#poly-FFFFFF-4401-15-nodesc-normal</styleUrl>
      </Pair>
      <Pair>
        <key>highlight</key>
        <styleUrl>#poly-FFFFFF-4401-15-nodesc-highlight</styleUrl>
      </Pair>
    </StyleMap>
    <Folder>
      <name>Budynki obozowe / camp buildings</name>
      <Placemark>
        <name/>
        <description><![CDATA[opis: <br>Id: 0<br>Nr: 34<br>Opis: lodownia<br>Nr_ok: 34<br>Opis_ok: 34 - lodownia<br>zmiany_1: 0<br>Zmiany: ]]></description>
        <styleUrl>#poly-424242-1200-145</styleUrl>
        <ExtendedData>
          <Data name="opis">
            <value/>
          </Data>
          <Data name="Id">
            <value>0</value>
          </Data>
          <Data name="Nr">
            <value>34</value>
          </Data>
          <Data name="Opis">
            <value>lodownia</value>
          </Data>
          <Data name="Nr_ok">
            <value>34</value>
          </Data>
          <Data name="Opis_ok">
            <value>34 - lodownia</value>
          </Data>
          <Data name="zmiany_1">
            <value>0</value>
          </Data>
          <Data name="Zmiany">
            <value/>
          </Data>
        </ExtendedData>
        <Polygon>
          <outerBoundaryIs>
            <LinearRing>
              <tessellate>1</tessellate>
              <coordinates>
                19.962623,50.031826,0
                19.963237,50.032041,0
                19.963168,50.032123,0
                19.962554,50.031908,0
                19.962623,50.031826,0
              </coordinates>
            </LinearRing>
          </outerBoundaryIs>
        </Polygon>
      </Placemark>
      <Placemark>
        <name/>
        <description><![CDATA[opis: <br>Id: 0<br>Nr: 171<br>Opis: Szary dom<br>Nr_ok: 171<br>Opis_ok: 171 - Szary dom<br>zmiany_1: 0<br>Zmiany: ]]></description>
        <styleUrl>#poly-424242-1200-145</styleUrl>
        <ExtendedData>
          <Data name="opis">
            <value/>
          </Data>
          <Data name="Id">
            <value>0</value>
          </Data>
          <Data name="Nr">
            <value>171</value>
          </Data>
          <Data name="Opis">
            <value>Szary dom</value>
          </Data>
          <Data name="Nr_ok">
            <value>171</value>
          </Data>
          <Data name="Opis_ok">
            <value>171 - Szary dom</value>
          </Data>
          <Data name="zmiany_1">
            <value>0</value>
          </Data>
          <Data name="Zmiany">
            <value/>
          </Data>
        </ExtendedData>
        <Polygon>
          <outerBoundaryIs>
            <LinearRing>
              <tessellate>1</tessellate>
              <coordinates>
                19.966311,50.033036,0
                19.966531,50.033091,0
                19.966448,50.03323,0
                19.966227,50.033176,0
                19.966311,50.033036,0
              </coordinates>
            </LinearRing>
          </outerBoundaryIs>
        </Polygon>
      </Placemark>
      <Placemark>
        <name/>
        <description><![CDATA[opis: <br>Id: 0<br>Nr: 172<br>Opis: biuro zarzadu obozu<br>Nr_ok: 172<br>Opis_ok: 172 - biuro zarzadu obozu<br>zmiany_1: 1<br>Zmiany: ]]></description>
        <styleUrl>#poly-424242-1200-145</styleUrl>
        <ExtendedData>
          <Data name="opis">
            <value/>
          </Data>
          <Data name="Id">
            <value>0</value>
          </Data>
          <Data name="Nr">
            <value>172</value>
          </Data>
          <Data name="Opis">
            <value>biuro zarzadu obozu</value>
          </Data>
          <Data name="Nr_ok">
            <value>172</value>
          </Data>
          <Data name="Opis_ok">
            <value>172 - biuro zarzadu obozu</value>
          </Data>
          <Data name="zmiany_1">
            <value>1</value>
          </Data>
          <Data name="Zmiany">
            <value/>
          </Data>
        </ExtendedData>
        <Polygon>
          <outerBoundaryIs>
            <LinearRing>
              <tessellate>1</tessellate>
              <coordinates>
                19.96617,50.032652,0
                19.966073,50.032719,0
                19.965752,50.032526,0
                19.96585,50.032459,0
                19.96617,50.032652,0
              </coordinates>
            </LinearRing>
          </outerBoundaryIs>
        </Polygon>
      </Placemark>
      <Placemark>
        <name/>
        <description><![CDATA[opis: <br>Id: 0<br>Nr: 173<br>Opis: dom publiczny<br>Nr_ok: 173<br>Opis_ok: 173 - dom publiczny<br>zmiany_1: 0<br>Zmiany: ]]></description>
        <styleUrl>#poly-424242-1200-145</styleUrl>
        <ExtendedData>
          <Data name="opis">
            <value/>
          </Data>
          <Data name="Id">
            <value>0</value>
          </Data>
          <Data name="Nr">
            <value>173</value>
          </Data>
          <Data name="Opis">
            <value>dom publiczny</value>
          </Data>
          <Data name="Nr_ok">
            <value>173</value>
          </Data>
          <Data name="Opis_ok">
            <value>173 - dom publiczny</value>
          </Data>
          <Data name="zmiany_1">
            <value>0</value>
          </Data>
          <Data name="Zmiany">
            <value/>
          </Data>
        </ExtendedData>
        <Polygon>
          <outerBoundaryIs>
            <LinearRing>
              <tessellate>1</tessellate>
              <coordinates>
                19.966059,50.032509,0
                19.966061,50.032412,0
                19.966638,50.032416,0
                19.966636,50.032514,0
                19.966059,50.032509,0
              </coordinates>
            </LinearRing>
          </outerBoundaryIs>
        </Polygon>
      </Placemark>
      <Placemark>
        <name/>
        <description><![CDATA[opis: <br>Id: 0<br>Nr: 0<br>Opis: nieznany<br>Nr_ok: <br>Opis_ok: <br>zmiany_1: 1<br>Zmiany: ]]></description>
        <styleUrl>#poly-424242-1200-145</styleUrl>
        <ExtendedData>
          <Data name="opis">
            <value/>
          </Data>
          <Data name="Id">
            <value>0</value>
          </Data>
          <Data name="Nr">
            <value>0</value>
          </Data>
          <Data name="Opis">
            <value>nieznany</value>
          </Data>
          <Data name="Nr_ok">
            <value/>
          </Data>
          <Data name="Opis_ok">
            <value/>
          </Data>
          <Data name="zmiany_1">
            <value>1</value>
          </Data>
          <Data name="Zmiany">
            <value/>
          </Data>
        </ExtendedData>
        <Polygon>
          <outerBoundaryIs>
            <LinearRing>
              <tessellate>1</tessellate>
              <coordinates>
                19.965663,50.03247,0
                19.965594,50.032431,0
                19.965672,50.032373,0
                19.965742,50.032412,0
                19.965663,50.03247,0
              </coordinates>
            </LinearRing>
          </outerBoundaryIs>
        </Polygon>
      </Placemark>
      <Placemark>
        <name/>
        <description><![CDATA[opis: <br>Id: 0<br>Nr: 0<br>Opis: barak dla mezczyzn<br>Nr_ok: <br>Opis_ok: <br>zmiany_1: 0<br>Zmiany: ]]></description>
        <styleUrl>#poly-424242-1200-145</styleUrl>
        <ExtendedData>
          <Data name="opis">
            <value/>
          </Data>
          <Data name="Id">
            <value>0</value>
          </Data>
          <Data name="Nr">
            <value>0</value>
          </Data>
          <Data name="Opis">
            <value>barak dla mezczyzn</value>
          </Data>
          <Data name="Nr_ok">
            <value/>
          </Data>
          <Data name="Opis_ok">
            <value/>
          </Data>
          <Data name="zmiany_1">
            <value>0</value>
          </Data>
          <Data name="Zmiany">
            <value/>
          </Data>
        </ExtendedData>
        <Polygon>
          <outerBoundaryIs>
            <LinearRing>
              <tessellate>1</tessellate>
              <coordinates>
                19.962173,50.032352,0
                19.962787,50.032567,0
                19.962718,50.032648,0
                19.962104,50.032433,0
                19.962173,50.032352,0
              </coordinates>
            </LinearRing>
          </outerBoundaryIs>
        </Polygon>
      </Placemark>
      <Placemark>
        <name/>
        <description><![CDATA[opis: <br>Id: 0<br>Nr: 25<br>Opis: barak dla mezczyzn<br>Nr_ok: 25<br>Opis_ok: 25 - barak dla mezczyzn<br>zmiany_1: 0<br>Zmiany: ]]></description>
        <styleUrl>#poly-424242-1200-145</styleUrl>
        <ExtendedData>
          <Data name="opis">
            <value/>
          </Data>
          <Data name="Id">
            <value>0</value>
          </Data>
          <Data name="Nr">
            <value>25</value>
          </Data>
          <Data name="Opis">
            <value>barak dla mezczyzn</value>
          </Data>
          <Data name="Nr_ok">
            <value>25</value>
          </Data>
          <Data name="Opis_ok">
            <value>25 - barak dla mezczyzn</value>
          </Data>
          <Data name="zmiany_1">
            <value>0</value>
          </Data>
          <Data name="Zmiany">
            <value/>
          </Data>
        </ExtendedData>
        <Polygon>
          <outerBoundaryIs>
            <LinearRing>
              <tessellate>1</tessellate>
              <coordinates>
                19.962279,50.032217,0
                19.962893,50.032433,0
                19.962824,50.032514,0
                19.96221,50.032299,0
                19.962279,50.032217,0
              </coordinates>
            </LinearRing>
          </outerBoundaryIs>
        </Polygon>
      </Placemark>
      <Placemark>
        <name/>
        <description><![CDATA[opis: <br>Id: 0<br>Nr: 29<br>Opis: barak dla mezczyzn<br>Nr_ok: 29<br>Opis_ok: 29 - barak dla mezczyzn<br>zmiany_1: 0<br>Zmiany: ]]></description>
        <styleUrl>#poly-424242-1200-145</styleUrl>
        <ExtendedData>
          <Data name="opis">
            <value/>
          </Data>
          <Data name="Id">
            <value>0</value>
          </Data>
          <Data name="Nr">
            <value>29</value>
          </Data>
          <Data name="Opis">
            <value>barak dla mezczyzn</value>
          </Data>
          <Data name="Nr_ok">
            <value>29</value>
          </Data>
          <Data name="Opis_ok">
            <value>29 - barak dla mezczyzn</value>
          </Data>
          <Data name="zmiany_1">
            <value>0</value>
          </Data>
          <Data name="Zmiany">
            <value/>
          </Data>
        </ExtendedData>
        <Polygon>
          <outerBoundaryIs>
            <LinearRing>
              <tessellate>1</tessellate>
              <coordinates>
                19.962456,50.032022,0
                19.96307,50.032237,0
                19.963001,50.032319,0
                19.962387,50.032103,0
                19.962456,50.032022,0
              </coordinates>
            </LinearRing>
          </outerBoundaryIs>
        </Polygon>
      </Placemark>
      <Placemark>
        <name/>
        <description><![CDATA[opis: <br>Id: 0<br>Nr: 40<br>Opis: barak dla mezczyzn<br>Nr_ok: 40<br>Opis_ok: 40 - barak dla mezczyzn<br>zmiany_1: 0<br>Zmiany: T]]></description>
        <styleUrl>#poly-424242-1200-145</styleUrl>
        <ExtendedData>
          <Data name="opis">
            <value/>
          </Data>
          <Data name="Id">
            <value>0</value>
          </Data>
          <Data name="Nr">
            <value>40</value>
          </Data>
          <Data name="Opis">
            <value>barak dla mezczyzn</value>
          </Data>
          <Data name="Nr_ok">
            <value>40</value>
          </Data>
          <Data name="Opis_ok">
            <value>40 - barak dla mezczyzn</value>
          </Data>
          <Data name="zmiany_1">
            <value>0</value>
          </Data>
          <Data name="Zmiany">
            <value>T</value>
          </Data>
        </ExtendedData>
        <Polygon>
          <outerBoundaryIs>
            <LinearRing>
              <tessellate>1</tessellate>
              <coordinates>
                19.962785,50.031644,0
                19.963399,50.031859,0
                19.96333,50.031941,0
                19.962716,50.031726,0
                19.962785,50.031644,0
              </coordinates>
            </LinearRing>
          </outerBoundaryIs>
        </Polygon>
      </Placemark>
      <Placemark>
        <name/>
        <description><![CDATA[opis: <br>Id: 0<br>Nr: 163<br>Opis: koszary dla wachmanow<br>Nr_ok: 163<br>Opis_ok: 163 - koszary dla wachmanow<br>zmiany_1: 0<br>Zmiany: ]]></description>
        <styleUrl>#poly-424242-1200-145</styleUrl>
        <ExtendedData>
          <Data name="opis">
            <value/>
          </Data>
          <Data name="Id">
            <value>0</value>
          </Data>
          <Data name="Nr">
            <value>163</value>
          </Data>
          <Data name="Opis">
            <value>koszary dla wachmanow</value>
          </Data>
          <Data name="Nr_ok">
            <value>163</value>
          </Data>
          <Data name="Opis_ok">
            <value>163 - koszary dla wachmanow</value>
          </Data>
          <Data name="zmiany_1">
            <value>0</value>
          </Data>
          <Data name="Zmiany">
            <value/>
          </Data>
        </ExtendedData>
        <Polygon>
          <outerBoundaryIs>
            <LinearRing>
              <tessellate>1</tessellate>
              <coordinates>
                19.96673,50.034212,0
                19.966633,50.034312,0
                19.965988,50.034052,0
                19.966081,50.033957,0
                19.966308,50.033731,0
                19.966287,50.033722,0
                19.96642,50.033584,0
                19.96644,50.033591,0
                19.9667,50.033318,0
                19.96678,50.033236,0
                19.967303,50.033446,0
                19.967426,50.033495,0
                19.96673,50.034212,0
              </coordinates>
            </LinearRing>
          </outerBoundaryIs>
          <innerBoundaryIs>
            <LinearRing>
              <tessellate>1</tessellate>
              <coordinates>
                19.966224,50.034014,0
                19.966442,50.03378,0
                19.966464,50.033788,0
                19.966595,50.033656,0
                19.966578,50.033648,0
                19.966689,50.033533,0
                19.966844,50.033376,0
                19.967222,50.033529,0
                19.966603,50.034167,0
                19.966224,50.034014,0
              </coordinates>
            </LinearRing>
          </innerBoundaryIs>
        </Polygon>
      </Placemark>
      <Placemark>
        <name/>
        <description><![CDATA[opis: <br>Id: 0<br>Nr: 160<br>Opis: baraki dla ss-manow<br>Nr_ok: 160<br>Opis_ok: 160 - baraki dla ss-manow<br>zmiany_1: 0<br>Zmiany: ]]></description>
        <styleUrl>#poly-424242-1200-145</styleUrl>
        <ExtendedData>
          <Data name="opis">
            <value/>
          </Data>
          <Data name="Id">
            <value>0</value>
          </Data>
          <Data name="Nr">
            <value>160</value>
          </Data>
          <Data name="Opis">
            <value>baraki dla ss-manow</value>
          </Data>
          <Data name="Nr_ok">
            <value>160</value>
          </Data>
          <Data name="Opis_ok">
            <value>160 - baraki dla ss-manow</value>
          </Data>
          <Data name="zmiany_1">
            <value>0</value>
          </Data>
          <Data name="Zmiany">
            <value/>
          </Data>
        </ExtendedData>
        <Polygon>
          <outerBoundaryIs>
            <LinearRing>
              <tessellate>1</tessellate>
              <coordinates>
                19.967637,50.033688,0
                19.968088,50.033873,0
                19.967997,50.033965,0
                19.967546,50.03378,0
                19.967637,50.033688,0
              </coordinates>
            </LinearRing>
          </outerBoundaryIs>
        </Polygon>
      </Placemark>
      <Placemark>
        <name/>
        <description><![CDATA[opis: <br>Id: 0<br>Nr: 159<br>Opis: barak dla ss-manow<br>Nr_ok: 159<br>Opis_ok: 159 - barak dla ss-manow<br>zmiany_1: 0<br>Zmiany: ]]></description>
        <styleUrl>#poly-424242-1200-145</styleUrl>
        <ExtendedData>
          <Data name="opis">
            <value/>
          </Data>
          <Data name="Id">
            <value>0</value>
          </Data>
          <Data name="Nr">
            <value>159</value>
          </Data>
          <Data name="Opis">
            <value>barak dla ss-manow</value>
          </Data>
          <Data name="Nr_ok">
            <value>159</value>
          </Data>
          <Data name="Opis_ok">
            <value>159 - barak dla ss-manow</value>
          </Data>
          <Data name="zmiany_1">
            <value>0</value>
          </Data>
          <Data name="Zmiany">
            <value/>
          </Data>
        </ExtendedData>
        <Polygon>
          <outerBoundaryIs>
            <LinearRing>
              <tessellate>1</tessellate>
              <coordinates>
                19.967416,50.033919,0
                19.967867,50.034103,0
                19.967776,50.034195,0
                19.967325,50.034011,0
                19.967416,50.033919,0
              </coordinates>
            </LinearRing>
          </outerBoundaryIs>
        </Polygon>
      </Placemark>
      <Placemark>
        <name/>
        <description><![CDATA[opis: <br>Id: 0<br>Nr: 158<br>Opis: barak dla ss-manow<br>Nr_ok: 158<br>Opis_ok: 158 - barak dla ss-manow<br>zmiany_1: 0<br>Zmiany: ]]></description>
        <styleUrl>#poly-424242-1200-145</styleUrl>
        <ExtendedData>
          <Data name="opis">
            <value/>
          </Data>
          <Data name="Id">
            <value>0</value>
          </Data>
          <Data name="Nr">
            <value>158</value>
          </Data>
          <Data name="Opis">
            <value>barak dla ss-manow</value>
          </Data>
          <Data name="Nr_ok">
            <value>158</value>
          </Data>
          <Data name="Opis_ok">
            <value>158 - barak dla ss-manow</value>
          </Data>
          <Data name="zmiany_1">
            <value>0</value>
          </Data>
          <Data name="Zmiany">
            <value/>
          </Data>
        </ExtendedData>
        <Polygon>
          <outerBoundaryIs>
            <LinearRing>
              <tessellate>1</tessellate>
              <coordinates>
                19.967224,50.034111,0
                19.967675,50.034295,0
                19.967584,50.034387,0
                19.967133,50.034203,0
                19.967224,50.034111,0
              </coordinates>
            </LinearRing>
          </outerBoundaryIs>
        </Polygon>
      </Placemark>
      <Placemark>
        <name/>
        <description><![CDATA[opis: <br>Id: 0<br>Nr: 155<br>Opis: wartownia<br>Nr_ok: 155<br>Opis_ok: 155 - wartownia<br>zmiany_1: 0<br>Zmiany: ]]></description>
        <styleUrl>#poly-424242-1200-145</styleUrl>
        <ExtendedData>
          <Data name="opis">
            <value/>
          </Data>
          <Data name="Id">
            <value>0</value>
          </Data>
          <Data name="Nr">
            <value>155</value>
          </Data>
          <Data name="Opis">
            <value>wartownia</value>
          </Data>
          <Data name="Nr_ok">
            <value>155</value>
          </Data>
          <Data name="Opis_ok">
            <value>155 - wartownia</value>
          </Data>
          <Data name="zmiany_1">
            <value>0</value>
          </Data>
          <Data name="Zmiany">
            <value/>
          </Data>
        </ExtendedData>
        <Polygon>
          <outerBoundaryIs>
            <LinearRing>
              <tessellate>1</tessellate>
              <coordinates>
                19.966418,50.034602,0
                19.966368,50.034612,0
                19.966385,50.034647,0
                19.966291,50.034666,0
                19.966274,50.03463,0
                19.966233,50.034545,0
                19.966377,50.034516,0
                19.966418,50.034602,0
              </coordinates>
            </LinearRing>
          </outerBoundaryIs>
        </Polygon>
      </Placemark>
      <Placemark>
        <name/>
        <description><![CDATA[opis: <br>Id: 0<br>Nr: 156<br>Opis: centrala telefoniczna, radiostacja<br>Nr_ok: 156<br>Opis_ok: 156 - centrala telefoniczna, radiostacja<br>zmiany_1: 0<br>Zmiany: ]]></description>
        <styleUrl>#poly-424242-1200-145</styleUrl>
        <ExtendedData>
          <Data name="opis">
            <value/>
          </Data>
          <Data name="Id">
            <value>0</value>
          </Data>
          <Data name="Nr">
            <value>156</value>
          </Data>
          <Data name="Opis">
            <value>centrala telefoniczna, radiostacja</value>
          </Data>
          <Data name="Nr_ok">
            <value>156</value>
          </Data>
          <Data name="Opis_ok">
            <value>156 - centrala telefoniczna, radiostacja</value>
          </Data>
          <Data name="zmiany_1">
            <value>0</value>
          </Data>
          <Data name="Zmiany">
            <value/>
          </Data>
        </ExtendedData>
        <Polygon>
          <outerBoundaryIs>
            <LinearRing>
              <tessellate>1</tessellate>
              <coordinates>
                19.966335,50.034392,0
                19.966393,50.034513,0
                19.966233,50.034545,0
                19.966175,50.034424,0
                19.966335,50.034392,0
              </coordinates>
            </LinearRing>
          </outerBoundaryIs>
        </Polygon>
      </Placemark>
      <Placemark>
        <name/>
        <description><![CDATA[opis: <br>Id: 0<br>Nr: 0<br>Opis: <br>Nr_ok: <br>Opis_ok: <br>zmiany_1: 0<br>Zmiany: ]]></description>
        <styleUrl>#poly-424242-1200-145</styleUrl>
        <ExtendedData>
          <Data name="opis">
            <value/>
          </Data>
          <Data name="Id">
            <value>0</value>
          </Data>
          <Data name="Nr">
            <value>0</value>
          </Data>
          <Data name="Opis">
            <value/>
          </Data>
          <Data name="Nr_ok">
            <value/>
          </Data>
          <Data name="Opis_ok">
            <value/>
          </Data>
          <Data name="zmiany_1">
            <value>0</value>
          </Data>
          <Data name="Zmiany">
            <value/>
          </Data>
        </ExtendedData>
        <Polygon>
          <outerBoundaryIs>
            <LinearRing>
              <tessellate>1</tessellate>
              <coordinates>
                19.966875,50.036401,0
                19.966711,50.036337,0
                19.967583,50.035415,0
                19.967747,50.035479,0
                19.966875,50.036401,0
              </coordinates>
            </LinearRing>
          </outerBoundaryIs>
        </Polygon>
      </Placemark>
      <Placemark>
        <name/>
        <description><![CDATA[opis: <br>Id: 0<br>Nr: 0<br>Opis: <br>Nr_ok: <br>Opis_ok: <br>zmiany_1: 1<br>Zmiany: ]]></description>
        <styleUrl>#poly-424242-1200-145</styleUrl>
        <ExtendedData>
          <Data name="opis">
            <value/>
          </Data>
          <Data name="Id">
            <value>0</value>
          </Data>
          <Data name="Nr">
            <value>0</value>
          </Data>
          <Data name="Opis">
            <value/>
          </Data>
          <Data name="Nr_ok">
            <value/>
          </Data>
          <Data name="Opis_ok">
            <value/>
          </Data>
          <Data name="zmiany_1">
            <value>1</value>
          </Data>
          <Data name="Zmiany">
            <value/>
          </Data>
        </ExtendedData>
        <Polygon>
          <outerBoundaryIs>
            <LinearRing>
              <tessellate>1</tessellate>
              <coordinates>
                19.96652,50.034934,0
                19.966701,50.034933,0
                19.966714,50.035606,0
                19.966533,50.035608,0
                19.96652,50.034934,0
              </coordinates>
            </LinearRing>
          </outerBoundaryIs>
        </Polygon>
      </Placemark>
      <Placemark>
        <name/>
        <description><![CDATA[opis: <br>Id: 0<br>Nr: 0<br>Opis: <br>Nr_ok: <br>Opis_ok: <br>zmiany_1: 0<br>Zmiany: ]]></description>
        <styleUrl>#poly-424242-1200-145</styleUrl>
        <ExtendedData>
          <Data name="opis">
            <value/>
          </Data>
          <Data name="Id">
            <value>0</value>
          </Data>
          <Data name="Nr">
            <value>0</value>
          </Data>
          <Data name="Opis">
            <value/>
          </Data>
          <Data name="Nr_ok">
            <value/>
          </Data>
          <Data name="Opis_ok">
            <value/>
          </Data>
          <Data name="zmiany_1">
            <value>0</value>
          </Data>
          <Data name="Zmiany">
            <value/>
          </Data>
        </ExtendedData>
        <Polygon>
          <outerBoundaryIs>
            <LinearRing>
              <tessellate>1</tessellate>
              <coordinates>
                19.966548,50.035611,0
                19.966677,50.03561,0
                19.966684,50.035943,0
                19.966555,50.035944,0
                19.966548,50.035611,0
              </coordinates>
            </LinearRing>
          </outerBoundaryIs>
        </Polygon>
      </Placemark>
      <Placemark>
        <name/>
        <description><![CDATA[opis: <br>Id: 0<br>Nr: 0<br>Opis: <br>Nr_ok: <br>Opis_ok: <br>zmiany_1: 0<br>Zmiany: ]]></description>
        <styleUrl>#poly-424242-1200-145</styleUrl>
        <ExtendedData>
          <Data name="opis">
            <value/>
          </Data>
          <Data name="Id">
            <value>0</value>
          </Data>
          <Data name="Nr">
            <value>0</value>
          </Data>
          <Data name="Opis">
            <value/>
          </Data>
          <Data name="Nr_ok">
            <value/>
          </Data>
          <Data name="Opis_ok">
            <value/>
          </Data>
          <Data name="zmiany_1">
            <value>0</value>
          </Data>
          <Data name="Zmiany">
            <value/>
          </Data>
        </ExtendedData>
        <Polygon>
          <outerBoundaryIs>
            <LinearRing>
              <tessellate>1</tessellate>
              <coordinates>
                19.966533,50.036006,0
                19.96667,50.03601,0
                19.966653,50.036248,0
                19.966516,50.036244,0
                19.966533,50.036006,0
              </coordinates>
            </LinearRing>
          </outerBoundaryIs>
        </Polygon>
      </Placemark>
      <Placemark>
        <name/>
        <description><![CDATA[opis: <br>Id: 0<br>Nr: 0<br>Opis: <br>Nr_ok: <br>Opis_ok: <br>zmiany_1: 0<br>Zmiany: ]]></description>
        <styleUrl>#poly-424242-1200-145</styleUrl>
        <ExtendedData>
          <Data name="opis">
            <value/>
          </Data>
          <Data name="Id">
            <value>0</value>
          </Data>
          <Data name="Nr">
            <value>0</value>
          </Data>
          <Data name="Opis">
            <value/>
          </Data>
          <Data name="Nr_ok">
            <value/>
          </Data>
          <Data name="Opis_ok">
            <value/>
          </Data>
          <Data name="zmiany_1">
            <value>0</value>
          </Data>
          <Data name="Zmiany">
            <value/>
          </Data>
        </ExtendedData>
        <Polygon>
          <outerBoundaryIs>
            <LinearRing>
              <tessellate>1</tessellate>
              <coordinates>
                19.966534,50.036502,0
                19.966407,50.036492,0
                19.966433,50.036344,0
                19.96656,50.036354,0
                19.966534,50.036502,0
              </coordinates>
            </LinearRing>
          </outerBoundaryIs>
        </Polygon>
      </Placemark>
      <Placemark>
        <name/>
        <description><![CDATA[opis: <br>Id: 0<br>Nr: 0<br>Opis: <br>Nr_ok: <br>Opis_ok: <br>zmiany_1: 0<br>Zmiany: ]]></description>
        <styleUrl>#poly-424242-1200-145</styleUrl>
        <ExtendedData>
          <Data name="opis">
            <value/>
          </Data>
          <Data name="Id">
            <value>0</value>
          </Data>
          <Data name="Nr">
            <value>0</value>
          </Data>
          <Data name="Opis">
            <value/>
          </Data>
          <Data name="Nr_ok">
            <value/>
          </Data>
          <Data name="Opis_ok">
            <value/>
          </Data>
          <Data name="zmiany_1">
            <value>0</value>
          </Data>
          <Data name="Zmiany">
            <value/>
          </Data>
        </ExtendedData>
        <Polygon>
          <outerBoundaryIs>
            <LinearRing>
              <tessellate>1</tessellate>
              <coordinates>
                19.966245,50.036309,0
                19.966196,50.036448,0
                19.965744,50.036382,0
                19.965792,50.036243,0
                19.966245,50.036309,0
              </coordinates>
            </LinearRing>
          </outerBoundaryIs>
        </Polygon>
      </Placemark>
      <Placemark>
        <name/>
        <description><![CDATA[opis: <br>Id: 0<br>Nr: 0<br>Opis: <br>Nr_ok: <br>Opis_ok: <br>zmiany_1: 1<br>Zmiany: ]]></description>
        <styleUrl>#poly-424242-1200-145</styleUrl>
        <ExtendedData>
          <Data name="opis">
            <value/>
          </Data>
          <Data name="Id">
            <value>0</value>
          </Data>
          <Data name="Nr">
            <value>0</value>
          </Data>
          <Data name="Opis">
            <value/>
          </Data>
          <Data name="Nr_ok">
            <value/>
          </Data>
          <Data name="Opis_ok">
            <value/>
          </Data>
          <Data name="zmiany_1">
            <value>1</value>
          </Data>
          <Data name="Zmiany">
            <value/>
          </Data>
        </ExtendedData>
        <Polygon>
          <outerBoundaryIs>
            <LinearRing>
              <tessellate>1</tessellate>
              <coordinates>
                19.966271,50.0359,0
                19.966146,50.036139,0
                19.965998,50.036107,0
                19.966122,50.035868,0
                19.966271,50.0359,0
              </coordinates>
            </LinearRing>
          </outerBoundaryIs>
        </Polygon>
      </Placemark>
      <Placemark>
        <name/>
        <description><![CDATA[opis: <br>Id: 0<br>Nr: 203<br>Opis: barak towarowy<br>Nr_ok: 203<br>Opis_ok: 203 - barak towarowy<br>zmiany_1: 0<br>Zmiany: ]]></description>
        <styleUrl>#poly-424242-1200-145</styleUrl>
        <ExtendedData>
          <Data name="opis">
            <value/>
          </Data>
          <Data name="Id">
            <value>0</value>
          </Data>
          <Data name="Nr">
            <value>203</value>
          </Data>
          <Data name="Opis">
            <value>barak towarowy</value>
          </Data>
          <Data name="Nr_ok">
            <value>203</value>
          </Data>
          <Data name="Opis_ok">
            <value>203 - barak towarowy</value>
          </Data>
          <Data name="zmiany_1">
            <value>0</value>
          </Data>
          <Data name="Zmiany">
            <value/>
          </Data>
        </ExtendedData>
        <Polygon>
          <outerBoundaryIs>
            <LinearRing>
              <tessellate>1</tessellate>
              <coordinates>
                19.96573,50.035779,0
                19.965561,50.034927,0
                19.965699,50.034916,0
                19.965871,50.035775,0
                19.96573,50.035779,0
              </coordinates>
            </LinearRing>
          </outerBoundaryIs>
        </Polygon>
      </Placemark>
      <Placemark>
        <name/>
        <description><![CDATA[opis: <br>Id: 0<br>Nr: 201<br>Opis: komendatura<br>Nr_ok: 201<br>Opis_ok: 201 - komendatura<br>zmiany_1: 0<br>Zmiany: ]]></description>
        <styleUrl>#poly-424242-1200-145</styleUrl>
        <ExtendedData>
          <Data name="opis">
            <value/>
          </Data>
          <Data name="Id">
            <value>0</value>
          </Data>
          <Data name="Nr">
            <value>201</value>
          </Data>
          <Data name="Opis">
            <value>komendatura</value>
          </Data>
          <Data name="Nr_ok">
            <value>201</value>
          </Data>
          <Data name="Opis_ok">
            <value>201 - komendatura</value>
          </Data>
          <Data name="zmiany_1">
            <value>0</value>
          </Data>
          <Data name="Zmiany">
            <value/>
          </Data>
        </ExtendedData>
        <Polygon>
          <outerBoundaryIs>
            <LinearRing>
              <tessellate>1</tessellate>
              <coordinates>
                19.965687,50.034749,0
                19.965466,50.034789,0
                19.965428,50.034703,0
                19.96529,50.034385,0
                19.965413,50.034363,0
                19.965552,50.034681,0
                19.965649,50.034663,0
                19.965687,50.034749,0
              </coordinates>
            </LinearRing>
          </outerBoundaryIs>
        </Polygon>
      </Placemark>
      <Placemark>
        <name/>
        <description><![CDATA[opis: <br>Id: 0<br>Nr: 202<br>Opis: barak odziezowy<br>Nr_ok: 202<br>Opis_ok: 202 - barak odziezowy<br>zmiany_1: 0<br>Zmiany: ]]></description>
        <styleUrl>#poly-424242-1200-145</styleUrl>
        <ExtendedData>
          <Data name="opis">
            <value/>
          </Data>
          <Data name="Id">
            <value>0</value>
          </Data>
          <Data name="Nr">
            <value>202</value>
          </Data>
          <Data name="Opis">
            <value>barak odziezowy</value>
          </Data>
          <Data name="Nr_ok">
            <value>202</value>
          </Data>
          <Data name="Opis_ok">
            <value>202 - barak odziezowy</value>
          </Data>
          <Data name="zmiany_1">
            <value>0</value>
          </Data>
          <Data name="Zmiany">
            <value/>
          </Data>
        </ExtendedData>
        <Polygon>
          <outerBoundaryIs>
            <LinearRing>
              <tessellate>1</tessellate>
              <coordinates>
                19.965862,50.035086,0
                19.966018,50.035077,0
                19.966085,50.035535,0
                19.965937,50.035544,0
                19.965862,50.035086,0
              </coordinates>
            </LinearRing>
          </outerBoundaryIs>
        </Polygon>
      </Placemark>
      <Placemark>
        <name/>
        <description><![CDATA[opis: <br>Id: 0<br>Nr: 200<br>Opis: szpital dla zalogi obozu<br>Nr_ok: 200<br>Opis_ok: 200 - szpital dla zalogi obozu<br>zmiany_1: 1<br>Zmiany: ]]></description>
        <styleUrl>#poly-424242-1200-145</styleUrl>
        <ExtendedData>
          <Data name="opis">
            <value/>
          </Data>
          <Data name="Id">
            <value>0</value>
          </Data>
          <Data name="Nr">
            <value>200</value>
          </Data>
          <Data name="Opis">
            <value>szpital dla zalogi obozu</value>
          </Data>
          <Data name="Nr_ok">
            <value>200</value>
          </Data>
          <Data name="Opis_ok">
            <value>200 - szpital dla zalogi obozu</value>
          </Data>
          <Data name="zmiany_1">
            <value>1</value>
          </Data>
          <Data name="Zmiany">
            <value/>
          </Data>
        </ExtendedData>
        <Polygon>
          <outerBoundaryIs>
            <LinearRing>
              <tessellate>1</tessellate>
              <coordinates>
                19.964759,50.034909,0
                19.964127,50.034611,0
                19.964248,50.034504,0
                19.96488,50.034802,0
                19.964759,50.034909,0
              </coordinates>
            </LinearRing>
          </outerBoundaryIs>
        </Polygon>
      </Placemark>
      <Placemark>
        <name/>
        <description><![CDATA[opis: <br>Id: 0<br>Nr: 0<br>Opis: <br>Nr_ok: <br>Opis_ok: <br>zmiany_1: 1<br>Zmiany: ]]></description>
        <styleUrl>#poly-424242-1200-145</styleUrl>
        <ExtendedData>
          <Data name="opis">
            <value/>
          </Data>
          <Data name="Id">
            <value>0</value>
          </Data>
          <Data name="Nr">
            <value>0</value>
          </Data>
          <Data name="Opis">
            <value/>
          </Data>
          <Data name="Nr_ok">
            <value/>
          </Data>
          <Data name="Opis_ok">
            <value/>
          </Data>
          <Data name="zmiany_1">
            <value>1</value>
          </Data>
          <Data name="Zmiany">
            <value/>
          </Data>
        </ExtendedData>
        <Polygon>
          <outerBoundaryIs>
            <LinearRing>
              <tessellate>1</tessellate>
              <coordinates>
                19.968048,50.034462,0
                19.968314,50.034569,0
                19.968239,50.034646,0
                19.967973,50.034539,0
                19.968048,50.034462,0
              </coordinates>
            </LinearRing>
          </outerBoundaryIs>
        </Polygon>
      </Placemark>
      <Placemark>
        <name/>
        <description><![CDATA[opis: <br>Id: 0<br>Nr: 191<br>Opis: magazyna dla grupy Balba<br>Nr_ok: 191<br>Opis_ok: 191 - magazyna dla grupy Balba<br>zmiany_1: 0<br>Zmiany: ]]></description>
        <styleUrl>#poly-424242-1200-145</styleUrl>
        <ExtendedData>
          <Data name="opis">
            <value/>
          </Data>
          <Data name="Id">
            <value>0</value>
          </Data>
          <Data name="Nr">
            <value>191</value>
          </Data>
          <Data name="Opis">
            <value>magazyna dla grupy Balba</value>
          </Data>
          <Data name="Nr_ok">
            <value>191</value>
          </Data>
          <Data name="Opis_ok">
            <value>191 - magazyna dla grupy Balba</value>
          </Data>
          <Data name="zmiany_1">
            <value>0</value>
          </Data>
          <Data name="Zmiany">
            <value/>
          </Data>
        </ExtendedData>
        <Polygon>
          <outerBoundaryIs>
            <LinearRing>
              <tessellate>1</tessellate>
              <coordinates>
                19.96879,50.033599,0
                19.968369,50.033426,0
                19.968438,50.033356,0
                19.968859,50.033529,0
                19.96879,50.033599,0
              </coordinates>
            </LinearRing>
          </outerBoundaryIs>
        </Polygon>
      </Placemark>
      <Placemark>
        <name/>
        <description><![CDATA[opis: <br>Id: 0<br>Nr: 194<br>Opis: magazyny grupy Balba<br>Nr_ok: 194<br>Opis_ok: 194 - magazyny grupy Balba<br>zmiany_1: 0<br>Zmiany: ]]></description>
        <styleUrl>#poly-424242-1200-145</styleUrl>
        <ExtendedData>
          <Data name="opis">
            <value/>
          </Data>
          <Data name="Id">
            <value>0</value>
          </Data>
          <Data name="Nr">
            <value>194</value>
          </Data>
          <Data name="Opis">
            <value>magazyny grupy Balba</value>
          </Data>
          <Data name="Nr_ok">
            <value>194</value>
          </Data>
          <Data name="Opis_ok">
            <value>194 - magazyny grupy Balba</value>
          </Data>
          <Data name="zmiany_1">
            <value>0</value>
          </Data>
          <Data name="Zmiany">
            <value/>
          </Data>
        </ExtendedData>
        <Polygon>
          <outerBoundaryIs>
            <LinearRing>
              <tessellate>1</tessellate>
              <coordinates>
                19.969266,50.033554,0
                19.969101,50.033486,0
                19.969471,50.033116,0
                19.969635,50.033184,0
                19.969266,50.033554,0
              </coordinates>
            </LinearRing>
          </outerBoundaryIs>
        </Polygon>
      </Placemark>
      <Placemark>
        <name/>
        <description><![CDATA[opis: <br>Id: 0<br>Nr: 193<br>Opis: magazyny grupy Balba<br>Nr_ok: 193<br>Opis_ok: 193 - magazyny grupy Balba<br>zmiany_1: 0<br>Zmiany: ]]></description>
        <styleUrl>#poly-424242-1200-145</styleUrl>
        <ExtendedData>
          <Data name="opis">
            <value/>
          </Data>
          <Data name="Id">
            <value>0</value>
          </Data>
          <Data name="Nr">
            <value>193</value>
          </Data>
          <Data name="Opis">
            <value>magazyny grupy Balba</value>
          </Data>
          <Data name="Nr_ok">
            <value>193</value>
          </Data>
          <Data name="Opis_ok">
            <value>193 - magazyny grupy Balba</value>
          </Data>
          <Data name="zmiany_1">
            <value>0</value>
          </Data>
          <Data name="Zmiany">
            <value/>
          </Data>
        </ExtendedData>
        <Polygon>
          <outerBoundaryIs>
            <LinearRing>
              <tessellate>1</tessellate>
              <coordinates>
                19.969382,50.033094,0
                19.969027,50.033451,0
                19.96886,50.033382,0
                19.969215,50.033025,0
                19.969382,50.033094,0
              </coordinates>
            </LinearRing>
          </outerBoundaryIs>
        </Polygon>
      </Placemark>
      <Placemark>
        <name/>
        <description><![CDATA[opis: <br>Id: 0<br>Nr: 196<br>Opis: magazyny gupy Balba<br>Nr_ok: 196<br>Opis_ok: 196 - magazyny gupy Balba<br>zmiany_1: 0<br>Zmiany: ]]></description>
        <styleUrl>#poly-424242-1200-145</styleUrl>
        <ExtendedData>
          <Data name="opis">
            <value/>
          </Data>
          <Data name="Id">
            <value>0</value>
          </Data>
          <Data name="Nr">
            <value>196</value>
          </Data>
          <Data name="Opis">
            <value>magazyny gupy Balba</value>
          </Data>
          <Data name="Nr_ok">
            <value>196</value>
          </Data>
          <Data name="Opis_ok">
            <value>196 - magazyny gupy Balba</value>
          </Data>
          <Data name="zmiany_1">
            <value>0</value>
          </Data>
          <Data name="Zmiany">
            <value/>
          </Data>
        </ExtendedData>
        <Polygon>
          <outerBoundaryIs>
            <LinearRing>
              <tessellate>1</tessellate>
              <coordinates>
                19.969444,50.033038,0
                19.969306,50.032994,0
                19.969425,50.032841,0
                19.969563,50.032885,0
                19.969444,50.033038,0
              </coordinates>
            </LinearRing>
          </outerBoundaryIs>
        </Polygon>
      </Placemark>
      <Placemark>
        <name/>
        <description><![CDATA[opis: <br>Id: 0<br>Nr: 192<br>Opis: magazyny grupy Balba<br>Nr_ok: 192<br>Opis_ok: 192 - magazyny grupy Balba<br>zmiany_1: 0<br>Zmiany: ]]></description>
        <styleUrl>#poly-424242-1200-145</styleUrl>
        <ExtendedData>
          <Data name="opis">
            <value/>
          </Data>
          <Data name="Id">
            <value>0</value>
          </Data>
          <Data name="Nr">
            <value>192</value>
          </Data>
          <Data name="Opis">
            <value>magazyny grupy Balba</value>
          </Data>
          <Data name="Nr_ok">
            <value>192</value>
          </Data>
          <Data name="Opis_ok">
            <value>192 - magazyny grupy Balba</value>
          </Data>
          <Data name="zmiany_1">
            <value>0</value>
          </Data>
          <Data name="Zmiany">
            <value/>
          </Data>
        </ExtendedData>
        <Polygon>
          <outerBoundaryIs>
            <LinearRing>
              <tessellate>1</tessellate>
              <coordinates>
                19.96855,50.033255,0
                19.969094,50.032725,0
                19.969232,50.032784,0
                19.968689,50.033314,0
                19.96855,50.033255,0
              </coordinates>
            </LinearRing>
          </outerBoundaryIs>
        </Polygon>
      </Placemark>
      <Placemark>
        <name/>
        <description><![CDATA[opis: <br>Id: 0<br>Nr: 190<br>Opis: Magazyny grupy Balba<br>Nr_ok: 190<br>Opis_ok: 190 - Magazyny grupy Balba<br>zmiany_1: 0<br>Zmiany: ]]></description>
        <styleUrl>#poly-424242-1200-145</styleUrl>
        <ExtendedData>
          <Data name="opis">
            <value/>
          </Data>
          <Data name="Id">
            <value>0</value>
          </Data>
          <Data name="Nr">
            <value>190</value>
          </Data>
          <Data name="Opis">
            <value>Magazyny grupy Balba</value>
          </Data>
          <Data name="Nr_ok">
            <value>190</value>
          </Data>
          <Data name="Opis_ok">
            <value>190 - Magazyny grupy Balba</value>
          </Data>
          <Data name="zmiany_1">
            <value>0</value>
          </Data>
          <Data name="Zmiany">
            <value/>
          </Data>
        </ExtendedData>
        <Polygon>
          <outerBoundaryIs>
            <LinearRing>
              <tessellate>1</tessellate>
              <coordinates>
                19.96813,50.033326,0
                19.968775,50.032687,0
                19.968889,50.032734,0
                19.968244,50.033373,0
                19.96813,50.033326,0
              </coordinates>
            </LinearRing>
          </outerBoundaryIs>
        </Polygon>
      </Placemark>
      <Placemark>
        <name/>
        <description><![CDATA[opis: <br>Id: 0<br>Nr: 174<br>Opis: warsztaty krawcow<br>Nr_ok: 174<br>Opis_ok: 174 - warsztaty krawcow<br>zmiany_1: 0<br>Zmiany: ]]></description>
        <styleUrl>#poly-424242-1200-145</styleUrl>
        <ExtendedData>
          <Data name="opis">
            <value/>
          </Data>
          <Data name="Id">
            <value>0</value>
          </Data>
          <Data name="Nr">
            <value>174</value>
          </Data>
          <Data name="Opis">
            <value>warsztaty krawcow</value>
          </Data>
          <Data name="Nr_ok">
            <value>174</value>
          </Data>
          <Data name="Opis_ok">
            <value>174 - warsztaty krawcow</value>
          </Data>
          <Data name="zmiany_1">
            <value>0</value>
          </Data>
          <Data name="Zmiany">
            <value/>
          </Data>
        </ExtendedData>
        <Polygon>
          <outerBoundaryIs>
            <LinearRing>
              <tessellate>1</tessellate>
              <coordinates>
                19.967523,50.032885,0
                19.967605,50.032802,0
                19.967956,50.032946,0
                19.967874,50.033029,0
                19.967523,50.032885,0
              </coordinates>
            </LinearRing>
          </outerBoundaryIs>
        </Polygon>
      </Placemark>
      <Placemark>
        <name/>
        <description><![CDATA[opis: <br>Id: 0<br>Nr: 175<br>Opis: barak podoficerow SS<br>Nr_ok: 175<br>Opis_ok: 175 - barak podoficerow SS<br>zmiany_1: 0<br>Zmiany: ]]></description>
        <styleUrl>#poly-424242-1200-145</styleUrl>
        <ExtendedData>
          <Data name="opis">
            <value/>
          </Data>
          <Data name="Id">
            <value>0</value>
          </Data>
          <Data name="Nr">
            <value>175</value>
          </Data>
          <Data name="Opis">
            <value>barak podoficerow SS</value>
          </Data>
          <Data name="Nr_ok">
            <value>175</value>
          </Data>
          <Data name="Opis_ok">
            <value>175 - barak podoficerow SS</value>
          </Data>
          <Data name="zmiany_1">
            <value>0</value>
          </Data>
          <Data name="Zmiany">
            <value/>
          </Data>
        </ExtendedData>
        <Polygon>
          <outerBoundaryIs>
            <LinearRing>
              <tessellate>1</tessellate>
              <coordinates>
                19.967752,50.032724,0
                19.967838,50.032639,0
                19.968311,50.032835,0
                19.968226,50.03292,0
                19.967752,50.032724,0
              </coordinates>
            </LinearRing>
          </outerBoundaryIs>
        </Polygon>
      </Placemark>
      <Placemark>
        <name/>
        <description><![CDATA[opis: <br>Id: 0<br>Nr: 176<br>Opis: wartownia<br>Nr_ok: 176<br>Opis_ok: 176 - wartownia<br>zmiany_1: 0<br>Zmiany: ]]></description>
        <styleUrl>#poly-424242-1200-145</styleUrl>
        <ExtendedData>
          <Data name="opis">
            <value/>
          </Data>
          <Data name="Id">
            <value>0</value>
          </Data>
          <Data name="Nr">
            <value>176</value>
          </Data>
          <Data name="Opis">
            <value>wartownia</value>
          </Data>
          <Data name="Nr_ok">
            <value>176</value>
          </Data>
          <Data name="Opis_ok">
            <value>176 - wartownia</value>
          </Data>
          <Data name="zmiany_1">
            <value>0</value>
          </Data>
          <Data name="Zmiany">
            <value/>
          </Data>
        </ExtendedData>
        <Polygon>
          <outerBoundaryIs>
            <LinearRing>
              <tessellate>1</tessellate>
              <coordinates>
                19.968037,50.032553,0
                19.968123,50.032468,0
                19.968515,50.032634,0
                19.968429,50.032718,0
                19.968037,50.032553,0
              </coordinates>
            </LinearRing>
          </outerBoundaryIs>
        </Polygon>
      </Placemark>
      <Placemark>
        <name/>
        <description><![CDATA[opis: <br>Id: 0<br>Nr: 0<br>Opis: <br>Nr_ok: <br>Opis_ok: <br>zmiany_1: 1<br>Zmiany: ]]></description>
        <styleUrl>#poly-424242-1200-145</styleUrl>
        <ExtendedData>
          <Data name="opis">
            <value/>
          </Data>
          <Data name="Id">
            <value>0</value>
          </Data>
          <Data name="Nr">
            <value>0</value>
          </Data>
          <Data name="Opis">
            <value/>
          </Data>
          <Data name="Nr_ok">
            <value/>
          </Data>
          <Data name="Opis_ok">
            <value/>
          </Data>
          <Data name="zmiany_1">
            <value>1</value>
          </Data>
          <Data name="Zmiany">
            <value/>
          </Data>
        </ExtendedData>
        <Polygon>
          <outerBoundaryIs>
            <LinearRing>
              <tessellate>1</tessellate>
              <coordinates>
                19.970721,50.03193,0
                19.970567,50.031863,0
                19.970989,50.031459,0
                19.971143,50.031525,0
                19.970721,50.03193,0
              </coordinates>
            </LinearRing>
          </outerBoundaryIs>
        </Polygon>
      </Placemark>
      <Placemark>
        <name/>
        <description><![CDATA[opis: <br>Id: 0<br>Nr: 0<br>Opis: <br>Nr_ok: <br>Opis_ok: <br>zmiany_1: 1<br>Zmiany: ]]></description>
        <styleUrl>#poly-424242-1200-145</styleUrl>
        <ExtendedData>
          <Data name="opis">
            <value/>
          </Data>
          <Data name="Id">
            <value>0</value>
          </Data>
          <Data name="Nr">
            <value>0</value>
          </Data>
          <Data name="Opis">
            <value/>
          </Data>
          <Data name="Nr_ok">
            <value/>
          </Data>
          <Data name="Opis_ok">
            <value/>
          </Data>
          <Data name="zmiany_1">
            <value>1</value>
          </Data>
          <Data name="Zmiany">
            <value/>
          </Data>
        </ExtendedData>
        <Polygon>
          <outerBoundaryIs>
            <LinearRing>
              <tessellate>1</tessellate>
              <coordinates>
                19.970681,50.031753,0
                19.970567,50.031863,0
                19.970343,50.031766,0
                19.970457,50.031656,0
                19.970681,50.031753,0
              </coordinates>
            </LinearRing>
          </outerBoundaryIs>
        </Polygon>
      </Placemark>
      <Placemark>
        <name/>
        <description><![CDATA[opis: <br>Id: 0<br>Nr: 0<br>Opis: <br>Nr_ok: <br>Opis_ok: <br>zmiany_1: 1<br>Zmiany: ]]></description>
        <styleUrl>#poly-424242-1200-145</styleUrl>
        <ExtendedData>
          <Data name="opis">
            <value/>
          </Data>
          <Data name="Id">
            <value>0</value>
          </Data>
          <Data name="Nr">
            <value>0</value>
          </Data>
          <Data name="Opis">
            <value/>
          </Data>
          <Data name="Nr_ok">
            <value/>
          </Data>
          <Data name="Opis_ok">
            <value/>
          </Data>
          <Data name="zmiany_1">
            <value>1</value>
          </Data>
          <Data name="Zmiany">
            <value/>
          </Data>
        </ExtendedData>
        <Polygon>
          <outerBoundaryIs>
            <LinearRing>
              <tessellate>1</tessellate>
              <coordinates>
                19.970457,50.031656,0
                19.970361,50.031749,0
                19.97005,50.031614,0
                19.970146,50.031522,0
                19.970457,50.031656,0
              </coordinates>
            </LinearRing>
          </outerBoundaryIs>
        </Polygon>
      </Placemark>
      <Placemark>
        <name/>
        <description><![CDATA[opis: <br>Id: 0<br>Nr: 0<br>Opis: <br>Nr_ok: <br>Opis_ok: <br>zmiany_1: 1<br>Zmiany: ]]></description>
        <styleUrl>#poly-424242-1200-145</styleUrl>
        <ExtendedData>
          <Data name="opis">
            <value/>
          </Data>
          <Data name="Id">
            <value>0</value>
          </Data>
          <Data name="Nr">
            <value>0</value>
          </Data>
          <Data name="Opis">
            <value/>
          </Data>
          <Data name="Nr_ok">
            <value/>
          </Data>
          <Data name="Opis_ok">
            <value/>
          </Data>
          <Data name="zmiany_1">
            <value>1</value>
          </Data>
          <Data name="Zmiany">
            <value/>
          </Data>
        </ExtendedData>
        <Polygon>
          <outerBoundaryIs>
            <LinearRing>
              <tessellate>1</tessellate>
              <coordinates>
                19.970146,50.031522,0
                19.970314,50.031361,0
                19.970374,50.031388,0
                19.970207,50.031548,0
                19.970146,50.031522,0
              </coordinates>
            </LinearRing>
          </outerBoundaryIs>
        </Polygon>
      </Placemark>
      <Placemark>
        <name/>
        <description><![CDATA[opis: <br>Id: 0<br>Nr: 0<br>Opis: <br>Nr_ok: <br>Opis_ok: <br>zmiany_1: 1<br>Zmiany: ]]></description>
        <styleUrl>#poly-424242-1200-145</styleUrl>
        <ExtendedData>
          <Data name="opis">
            <value/>
          </Data>
          <Data name="Id">
            <value>0</value>
          </Data>
          <Data name="Nr">
            <value>0</value>
          </Data>
          <Data name="Opis">
            <value/>
          </Data>
          <Data name="Nr_ok">
            <value/>
          </Data>
          <Data name="Opis_ok">
            <value/>
          </Data>
          <Data name="zmiany_1">
            <value>1</value>
          </Data>
          <Data name="Zmiany">
            <value/>
          </Data>
        </ExtendedData>
        <Polygon>
          <outerBoundaryIs>
            <LinearRing>
              <tessellate>1</tessellate>
              <coordinates>
                19.970585,50.031393,0
                19.970662,50.03143,0
                19.970516,50.031555,0
                19.97044,50.031518,0
                19.970585,50.031393,0
              </coordinates>
            </LinearRing>
          </outerBoundaryIs>
        </Polygon>
      </Placemark>
      <Placemark>
        <name/>
        <description><![CDATA[opis: <br>Id: 0<br>Nr: 0<br>Opis: <br>Nr_ok: <br>Opis_ok: <br>zmiany_1: 1<br>Zmiany: ]]></description>
        <styleUrl>#poly-424242-1200-145</styleUrl>
        <ExtendedData>
          <Data name="opis">
            <value/>
          </Data>
          <Data name="Id">
            <value>0</value>
          </Data>
          <Data name="Nr">
            <value>0</value>
          </Data>
          <Data name="Opis">
            <value/>
          </Data>
          <Data name="Nr_ok">
            <value/>
          </Data>
          <Data name="Opis_ok">
            <value/>
          </Data>
          <Data name="zmiany_1">
            <value>1</value>
          </Data>
          <Data name="Zmiany">
            <value/>
          </Data>
        </ExtendedData>
        <Polygon>
          <outerBoundaryIs>
            <LinearRing>
              <tessellate>1</tessellate>
              <coordinates>
                19.971143,50.031525,0
                19.970727,50.031345,0
                19.970815,50.03126,0
                19.971232,50.03144,0
                19.971143,50.031525,0
              </coordinates>
            </LinearRing>
          </outerBoundaryIs>
        </Polygon>
      </Placemark>
      <Placemark>
        <name/>
        <description><![CDATA[opis: <br>Id: 0<br>Nr: 0<br>Opis: <br>Nr_ok: <br>Opis_ok: <br>zmiany_1: 1<br>Zmiany: ]]></description>
        <styleUrl>#poly-424242-1200-145</styleUrl>
        <ExtendedData>
          <Data name="opis">
            <value/>
          </Data>
          <Data name="Id">
            <value>0</value>
          </Data>
          <Data name="Nr">
            <value>0</value>
          </Data>
          <Data name="Opis">
            <value/>
          </Data>
          <Data name="Nr_ok">
            <value/>
          </Data>
          <Data name="Opis_ok">
            <value/>
          </Data>
          <Data name="zmiany_1">
            <value>1</value>
          </Data>
          <Data name="Zmiany">
            <value/>
          </Data>
        </ExtendedData>
        <Polygon>
          <outerBoundaryIs>
            <LinearRing>
              <tessellate>1</tessellate>
              <coordinates>
                19.970815,50.03126,0
                19.970727,50.031345,0
                19.970443,50.031222,0
                19.970531,50.031137,0
                19.970815,50.03126,0
              </coordinates>
            </LinearRing>
          </outerBoundaryIs>
        </Polygon>
      </Placemark>
      <Placemark>
        <name/>
        <description><![CDATA[opis: <br>Id: 0<br>Nr: 0<br>Opis: <br>Nr_ok: <br>Opis_ok: <br>zmiany_1: 1<br>Zmiany: ]]></description>
        <styleUrl>#poly-424242-1200-145</styleUrl>
        <ExtendedData>
          <Data name="opis">
            <value/>
          </Data>
          <Data name="Id">
            <value>0</value>
          </Data>
          <Data name="Nr">
            <value>0</value>
          </Data>
          <Data name="Opis">
            <value/>
          </Data>
          <Data name="Nr_ok">
            <value/>
          </Data>
          <Data name="Opis_ok">
            <value/>
          </Data>
          <Data name="zmiany_1">
            <value>1</value>
          </Data>
          <Data name="Zmiany">
            <value/>
          </Data>
        </ExtendedData>
        <Polygon>
          <outerBoundaryIs>
            <LinearRing>
              <tessellate>1</tessellate>
              <coordinates>
                19.971109,50.031387,0
                19.971365,50.031142,0
                19.971488,50.031195,0
                19.971232,50.03144,0
                19.971109,50.031387,0
              </coordinates>
            </LinearRing>
          </outerBoundaryIs>
        </Polygon>
      </Placemark>
      <Placemark>
        <name/>
        <description><![CDATA[opis: <br>Id: 0<br>Nr: 0<br>Opis: <br>Nr_ok: <br>Opis_ok: <br>zmiany_1: 0<br>Zmiany: ]]></description>
        <styleUrl>#poly-424242-1200-145</styleUrl>
        <ExtendedData>
          <Data name="opis">
            <value/>
          </Data>
          <Data name="Id">
            <value>0</value>
          </Data>
          <Data name="Nr">
            <value>0</value>
          </Data>
          <Data name="Opis">
            <value/>
          </Data>
          <Data name="Nr_ok">
            <value/>
          </Data>
          <Data name="Opis_ok">
            <value/>
          </Data>
          <Data name="zmiany_1">
            <value>0</value>
          </Data>
          <Data name="Zmiany">
            <value/>
          </Data>
        </ExtendedData>
        <Polygon>
          <outerBoundaryIs>
            <LinearRing>
              <tessellate>1</tessellate>
              <coordinates>
                19.971664,50.03102,0
                19.971557,50.030972,0
                19.971683,50.030855,0
                19.971789,50.030903,0
                19.971664,50.03102,0
              </coordinates>
            </LinearRing>
          </outerBoundaryIs>
        </Polygon>
      </Placemark>
      <Placemark>
        <name/>
        <description><![CDATA[opis: <br>Id: 0<br>Nr: 0<br>Opis: <br>Nr_ok: <br>Opis_ok: <br>zmiany_1: 0<br>Zmiany: ]]></description>
        <styleUrl>#poly-424242-1200-145</styleUrl>
        <ExtendedData>
          <Data name="opis">
            <value/>
          </Data>
          <Data name="Id">
            <value>0</value>
          </Data>
          <Data name="Nr">
            <value>0</value>
          </Data>
          <Data name="Opis">
            <value/>
          </Data>
          <Data name="Nr_ok">
            <value/>
          </Data>
          <Data name="Opis_ok">
            <value/>
          </Data>
          <Data name="zmiany_1">
            <value>0</value>
          </Data>
          <Data name="Zmiany">
            <value/>
          </Data>
        </ExtendedData>
        <Polygon>
          <outerBoundaryIs>
            <LinearRing>
              <tessellate>1</tessellate>
              <coordinates>
                19.971161,50.031183,0
                19.971059,50.031139,0
                19.971124,50.031077,0
                19.971226,50.031121,0
                19.971161,50.031183,0
              </coordinates>
            </LinearRing>
          </outerBoundaryIs>
        </Polygon>
      </Placemark>
      <Placemark>
        <name/>
        <description><![CDATA[opis: <br>Id: 0<br>Nr: 133<br>Opis: magazyn ksiag zydowskich<br>Nr_ok: 133<br>Opis_ok: 133 - magazyn ksiag zydowskich<br>zmiany_1: 0<br>Zmiany: ]]></description>
        <styleUrl>#poly-424242-1200-145</styleUrl>
        <ExtendedData>
          <Data name="opis">
            <value/>
          </Data>
          <Data name="Id">
            <value>0</value>
          </Data>
          <Data name="Nr">
            <value>133</value>
          </Data>
          <Data name="Opis">
            <value>magazyn ksiag zydowskich</value>
          </Data>
          <Data name="Nr_ok">
            <value>133</value>
          </Data>
          <Data name="Opis_ok">
            <value>133 - magazyn ksiag zydowskich</value>
          </Data>
          <Data name="zmiany_1">
            <value>0</value>
          </Data>
          <Data name="Zmiany">
            <value/>
          </Data>
        </ExtendedData>
        <Polygon>
          <outerBoundaryIs>
            <LinearRing>
              <tessellate>1</tessellate>
              <coordinates>
                19.970662,50.030285,0
                19.970793,50.030304,0
                19.970712,50.030535,0
                19.970581,50.030516,0
                19.970662,50.030285,0
              </coordinates>
            </LinearRing>
          </outerBoundaryIs>
        </Polygon>
      </Placemark>
      <Placemark>
        <name/>
        <description><![CDATA[opis: <br>Id: 0<br>Nr: 134<br>Opis: magazyn ksiag zydowskich<br>Nr_ok: 134<br>Opis_ok: 134 - magazyn ksiag zydowskich<br>zmiany_1: 0<br>Zmiany: ]]></description>
        <styleUrl>#poly-424242-1200-145</styleUrl>
        <ExtendedData>
          <Data name="opis">
            <value/>
          </Data>
          <Data name="Id">
            <value>0</value>
          </Data>
          <Data name="Nr">
            <value>134</value>
          </Data>
          <Data name="Opis">
            <value>magazyn ksiag zydowskich</value>
          </Data>
          <Data name="Nr_ok">
            <value>134</value>
          </Data>
          <Data name="Opis_ok">
            <value>134 - magazyn ksiag zydowskich</value>
          </Data>
          <Data name="zmiany_1">
            <value>0</value>
          </Data>
          <Data name="Zmiany">
            <value/>
          </Data>
        </ExtendedData>
        <Polygon>
          <outerBoundaryIs>
            <LinearRing>
              <tessellate>1</tessellate>
              <coordinates>
                19.970469,50.030836,0
                19.970553,50.030597,0
                19.970683,50.030616,0
                19.970599,50.030855,0
                19.970469,50.030836,0
              </coordinates>
            </LinearRing>
          </outerBoundaryIs>
        </Polygon>
      </Placemark>
      <Placemark>
        <name/>
        <description><![CDATA[opis: <br>Id: 0<br>Nr: 132<br>Opis: garaze i warsztaty samochodowe<br>Nr_ok: 132<br>Opis_ok: 132 - garaze i warsztaty samochodowe<br>zmiany_1: 0<br>Zmiany: ]]></description>
        <styleUrl>#poly-424242-1200-145</styleUrl>
        <ExtendedData>
          <Data name="opis">
            <value/>
          </Data>
          <Data name="Id">
            <value>0</value>
          </Data>
          <Data name="Nr">
            <value>132</value>
          </Data>
          <Data name="Opis">
            <value>garaze i warsztaty samochodowe</value>
          </Data>
          <Data name="Nr_ok">
            <value>132</value>
          </Data>
          <Data name="Opis_ok">
            <value>132 - garaze i warsztaty samochodowe</value>
          </Data>
          <Data name="zmiany_1">
            <value>0</value>
          </Data>
          <Data name="Zmiany">
            <value/>
          </Data>
        </ExtendedData>
        <Polygon>
          <outerBoundaryIs>
            <LinearRing>
              <tessellate>1</tessellate>
              <coordinates>
                19.970162,50.030204,0
                19.970312,50.030225,0
                19.970091,50.030858,0
                19.969942,50.030837,0
                19.970162,50.030204,0
              </coordinates>
            </LinearRing>
          </outerBoundaryIs>
        </Polygon>
      </Placemark>
      <Placemark>
        <name/>
        <description><![CDATA[opis: <br>Id: 0<br>Nr: 137<br>Opis: pomieszczenia dla bydla<br>Nr_ok: 137<br>Opis_ok: 137 - pomieszczenia dla bydla<br>zmiany_1: 0<br>Zmiany: ]]></description>
        <styleUrl>#poly-424242-1200-145</styleUrl>
        <ExtendedData>
          <Data name="opis">
            <value/>
          </Data>
          <Data name="Id">
            <value>0</value>
          </Data>
          <Data name="Nr">
            <value>137</value>
          </Data>
          <Data name="Opis">
            <value>pomieszczenia dla bydla</value>
          </Data>
          <Data name="Nr_ok">
            <value>137</value>
          </Data>
          <Data name="Opis_ok">
            <value>137 - pomieszczenia dla bydla</value>
          </Data>
          <Data name="zmiany_1">
            <value>0</value>
          </Data>
          <Data name="Zmiany">
            <value/>
          </Data>
        </ExtendedData>
        <Polygon>
          <outerBoundaryIs>
            <LinearRing>
              <tessellate>1</tessellate>
              <coordinates>
                19.971725,50.030548,0
                19.971031,50.030464,0
                19.971066,50.030342,0
                19.97176,50.030425,0
                19.971725,50.030548,0
              </coordinates>
            </LinearRing>
          </outerBoundaryIs>
        </Polygon>
      </Placemark>
      <Placemark>
        <name/>
        <description><![CDATA[opis: <br>Id: 0<br>Nr: 135<br>Opis: pomieszczenia dla konic<br>Nr_ok: 135<br>Opis_ok: 135 - pomieszczenia dla konic<br>zmiany_1: 0<br>Zmiany: ]]></description>
        <styleUrl>#poly-424242-1200-145</styleUrl>
        <ExtendedData>
          <Data name="opis">
            <value/>
          </Data>
          <Data name="Id">
            <value>0</value>
          </Data>
          <Data name="Nr">
            <value>135</value>
          </Data>
          <Data name="Opis">
            <value>pomieszczenia dla konic</value>
          </Data>
          <Data name="Nr_ok">
            <value>135</value>
          </Data>
          <Data name="Opis_ok">
            <value>135 - pomieszczenia dla konic</value>
          </Data>
          <Data name="zmiany_1">
            <value>0</value>
          </Data>
          <Data name="Zmiany">
            <value/>
          </Data>
        </ExtendedData>
        <Polygon>
          <outerBoundaryIs>
            <LinearRing>
              <tessellate>1</tessellate>
              <coordinates>
                19.971384,50.029944,0
                19.971374,50.029975,0
                19.971195,50.02995,0
                19.971205,50.029919,0
                19.97124,50.029816,0
                19.971249,50.029789,0
                19.97139,50.029808,0
                19.971428,50.029814,0
                19.971384,50.029944,0
              </coordinates>
            </LinearRing>
          </outerBoundaryIs>
          <innerBoundaryIs>
            <LinearRing>
              <tessellate>1</tessellate>
              <coordinates>
                19.971248,50.029925,0
                19.971283,50.029822,0
                19.971381,50.029835,0
                19.971346,50.029939,0
                19.971248,50.029925,0
              </coordinates>
            </LinearRing>
          </innerBoundaryIs>
        </Polygon>
      </Placemark>
      <Placemark>
        <name/>
        <description><![CDATA[opis: <br>Id: 0<br>Nr: 136<br>Opis: stodoła<br>Nr_ok: 136<br>Opis_ok: 136 - stodoła<br>zmiany_1: 1<br>Zmiany: ]]></description>
        <styleUrl>#poly-424242-1200-145</styleUrl>
        <ExtendedData>
          <Data name="opis">
            <value/>
          </Data>
          <Data name="Id">
            <value>0</value>
          </Data>
          <Data name="Nr">
            <value>136</value>
          </Data>
          <Data name="Opis">
            <value>stodoła</value>
          </Data>
          <Data name="Nr_ok">
            <value>136</value>
          </Data>
          <Data name="Opis_ok">
            <value>136 - stodoła</value>
          </Data>
          <Data name="zmiany_1">
            <value>1</value>
          </Data>
          <Data name="Zmiany">
            <value/>
          </Data>
        </ExtendedData>
        <Polygon>
          <outerBoundaryIs>
            <LinearRing>
              <tessellate>1</tessellate>
              <coordinates>
                19.971186,50.02997,0
                19.971253,50.029979,0
                19.971158,50.030251,0
                19.971091,50.030241,0
                19.971186,50.02997,0
              </coordinates>
            </LinearRing>
          </outerBoundaryIs>
        </Polygon>
      </Placemark>
      <Placemark>
        <name/>
        <description><![CDATA[opis: <br>Id: 0<br>Nr: 140<br>Opis: kurniki<br>Nr_ok: 140<br>Opis_ok: 140 - kurniki<br>zmiany_1: 1<br>Zmiany: ]]></description>
        <styleUrl>#poly-424242-1200-145</styleUrl>
        <ExtendedData>
          <Data name="opis">
            <value/>
          </Data>
          <Data name="Id">
            <value>0</value>
          </Data>
          <Data name="Nr">
            <value>140</value>
          </Data>
          <Data name="Opis">
            <value>kurniki</value>
          </Data>
          <Data name="Nr_ok">
            <value>140</value>
          </Data>
          <Data name="Opis_ok">
            <value>140 - kurniki</value>
          </Data>
          <Data name="zmiany_1">
            <value>1</value>
          </Data>
          <Data name="Zmiany">
            <value/>
          </Data>
        </ExtendedData>
        <Polygon>
          <outerBoundaryIs>
            <LinearRing>
              <tessellate>1</tessellate>
              <coordinates>
                19.971613,50.02984,0
                19.971667,50.029847,0
                19.971649,50.029902,0
                19.971596,50.029895,0
                19.971613,50.02984,0
              </coordinates>
            </LinearRing>
          </outerBoundaryIs>
        </Polygon>
      </Placemark>
      <Placemark>
        <name/>
        <description><![CDATA[opis: <br>Id: 0<br>Nr: 139<br>Opis: pomieszczenie dla krolikow<br>Nr_ok: 139<br>Opis_ok: 139 - pomieszczenie dla krolikow<br>zmiany_1: 1<br>Zmiany: ]]></description>
        <styleUrl>#poly-424242-1200-145</styleUrl>
        <ExtendedData>
          <Data name="opis">
            <value/>
          </Data>
          <Data name="Id">
            <value>0</value>
          </Data>
          <Data name="Nr">
            <value>139</value>
          </Data>
          <Data name="Opis">
            <value>pomieszczenie dla krolikow</value>
          </Data>
          <Data name="Nr_ok">
            <value>139</value>
          </Data>
          <Data name="Opis_ok">
            <value>139 - pomieszczenie dla krolikow</value>
          </Data>
          <Data name="zmiany_1">
            <value>1</value>
          </Data>
          <Data name="Zmiany">
            <value/>
          </Data>
        </ExtendedData>
        <Polygon>
          <outerBoundaryIs>
            <LinearRing>
              <tessellate>1</tessellate>
              <coordinates>
                19.971528,50.029828,0
                19.971582,50.029835,0
                19.971564,50.02989,0
                19.971511,50.029882,0
                19.971528,50.029828,0
              </coordinates>
            </LinearRing>
          </outerBoundaryIs>
        </Polygon>
      </Placemark>
      <Placemark>
        <name/>
        <description><![CDATA[opis: <br>Id: 0<br>Nr: 138<br>Opis: pomieszczenie dla gesi<br>Nr_ok: 138<br>Opis_ok: 138 - pomieszczenie dla gesi<br>zmiany_1: 1<br>Zmiany: ]]></description>
        <styleUrl>#poly-424242-1200-145</styleUrl>
        <ExtendedData>
          <Data name="opis">
            <value/>
          </Data>
          <Data name="Id">
            <value>0</value>
          </Data>
          <Data name="Nr">
            <value>138</value>
          </Data>
          <Data name="Opis">
            <value>pomieszczenie dla gesi</value>
          </Data>
          <Data name="Nr_ok">
            <value>138</value>
          </Data>
          <Data name="Opis_ok">
            <value>138 - pomieszczenie dla gesi</value>
          </Data>
          <Data name="zmiany_1">
            <value>1</value>
          </Data>
          <Data name="Zmiany">
            <value/>
          </Data>
        </ExtendedData>
        <Polygon>
          <outerBoundaryIs>
            <LinearRing>
              <tessellate>1</tessellate>
              <coordinates>
                19.971448,50.029816,0
                19.971501,50.029824,0
                19.971483,50.029878,0
                19.97143,50.029871,0
                19.971448,50.029816,0
              </coordinates>
            </LinearRing>
          </outerBoundaryIs>
        </Polygon>
      </Placemark>
      <Placemark>
        <name/>
        <description><![CDATA[opis: <br>Id: 0<br>Nr: 130<br>Opis: buiro budowy obozu<br>Nr_ok: 130<br>Opis_ok: 130 - buiro budowy obozu<br>zmiany_1: 0<br>Zmiany: ]]></description>
        <styleUrl>#poly-424242-1200-145</styleUrl>
        <ExtendedData>
          <Data name="opis">
            <value/>
          </Data>
          <Data name="Id">
            <value>0</value>
          </Data>
          <Data name="Nr">
            <value>130</value>
          </Data>
          <Data name="Opis">
            <value>buiro budowy obozu</value>
          </Data>
          <Data name="Nr_ok">
            <value>130</value>
          </Data>
          <Data name="Opis_ok">
            <value>130 - buiro budowy obozu</value>
          </Data>
          <Data name="zmiany_1">
            <value>0</value>
          </Data>
          <Data name="Zmiany">
            <value/>
          </Data>
        </ExtendedData>
        <Polygon>
          <outerBoundaryIs>
            <LinearRing>
              <tessellate>1</tessellate>
              <coordinates>
                19.970456,50.029685,0
                19.970523,50.029477,0
                19.97067,50.029497,0
                19.970604,50.029705,0
                19.970456,50.029685,0
              </coordinates>
            </LinearRing>
          </outerBoundaryIs>
        </Polygon>
      </Placemark>
      <Placemark>
        <name/>
        <description><![CDATA[opis: <br>Id: 0<br>Nr: 131<br>Opis: stolarnia<br>Nr_ok: 131<br>Opis_ok: 131 - stolarnia<br>zmiany_1: 0<br>Zmiany: ]]></description>
        <styleUrl>#poly-424242-1200-145</styleUrl>
        <ExtendedData>
          <Data name="opis">
            <value/>
          </Data>
          <Data name="Id">
            <value>0</value>
          </Data>
          <Data name="Nr">
            <value>131</value>
          </Data>
          <Data name="Opis">
            <value>stolarnia</value>
          </Data>
          <Data name="Nr_ok">
            <value>131</value>
          </Data>
          <Data name="Opis_ok">
            <value>131 - stolarnia</value>
          </Data>
          <Data name="zmiany_1">
            <value>0</value>
          </Data>
          <Data name="Zmiany">
            <value/>
          </Data>
        </ExtendedData>
        <Polygon>
          <outerBoundaryIs>
            <LinearRing>
              <tessellate>1</tessellate>
              <coordinates>
                19.970996,50.029755,0
                19.970852,50.029736,0
                19.970918,50.02953,0
                19.971062,50.029549,0
                19.970996,50.029755,0
              </coordinates>
            </LinearRing>
          </outerBoundaryIs>
        </Polygon>
      </Placemark>
      <Placemark>
        <name/>
        <description><![CDATA[opis: <br>Id: 0<br>Nr: 128<br>Opis: wartownia<br>Nr_ok: 128<br>Opis_ok: 128 - wartownia<br>zmiany_1: 0<br>Zmiany: ]]></description>
        <styleUrl>#poly-424242-1200-145</styleUrl>
        <ExtendedData>
          <Data name="opis">
            <value/>
          </Data>
          <Data name="Id">
            <value>0</value>
          </Data>
          <Data name="Nr">
            <value>128</value>
          </Data>
          <Data name="Opis">
            <value>wartownia</value>
          </Data>
          <Data name="Nr_ok">
            <value>128</value>
          </Data>
          <Data name="Opis_ok">
            <value>128 - wartownia</value>
          </Data>
          <Data name="zmiany_1">
            <value>0</value>
          </Data>
          <Data name="Zmiany">
            <value/>
          </Data>
        </ExtendedData>
        <Polygon>
          <outerBoundaryIs>
            <LinearRing>
              <tessellate>1</tessellate>
              <coordinates>
                19.968945,50.029066,0
                19.968982,50.028982,0
                19.96916,50.029015,0
                19.969123,50.029098,0
                19.968945,50.029066,0
              </coordinates>
            </LinearRing>
          </outerBoundaryIs>
        </Polygon>
      </Placemark>
      <Placemark>
        <name/>
        <description><![CDATA[opis: <br>Id: 0<br>Nr: 184<br>Opis: dom oficera SS<br>Nr_ok: 184<br>Opis_ok: 184 - dom oficera SS<br>zmiany_1: 0<br>Zmiany: ]]></description>
        <styleUrl>#poly-424242-1200-145</styleUrl>
        <ExtendedData>
          <Data name="opis">
            <value/>
          </Data>
          <Data name="Id">
            <value>0</value>
          </Data>
          <Data name="Nr">
            <value>184</value>
          </Data>
          <Data name="Opis">
            <value>dom oficera SS</value>
          </Data>
          <Data name="Nr_ok">
            <value>184</value>
          </Data>
          <Data name="Opis_ok">
            <value>184 - dom oficera SS</value>
          </Data>
          <Data name="zmiany_1">
            <value>0</value>
          </Data>
          <Data name="Zmiany">
            <value/>
          </Data>
        </ExtendedData>
        <Polygon>
          <outerBoundaryIs>
            <LinearRing>
              <tessellate>1</tessellate>
              <coordinates>
                19.9681,50.030362,0
                19.968244,50.030361,0
                19.968245,50.030425,0
                19.968101,50.030426,0
                19.9681,50.030362,0
              </coordinates>
            </LinearRing>
          </outerBoundaryIs>
        </Polygon>
      </Placemark>
      <Placemark>
        <name/>
        <description><![CDATA[opis: <br>Id: 0<br>Nr: 183<br>Opis: dom oficera SS<br>Nr_ok: 183<br>Opis_ok: 183 - dom oficera SS<br>zmiany_1: 0<br>Zmiany: ]]></description>
        <styleUrl>#poly-424242-1200-145</styleUrl>
        <ExtendedData>
          <Data name="opis">
            <value/>
          </Data>
          <Data name="Id">
            <value>0</value>
          </Data>
          <Data name="Nr">
            <value>183</value>
          </Data>
          <Data name="Opis">
            <value>dom oficera SS</value>
          </Data>
          <Data name="Nr_ok">
            <value>183</value>
          </Data>
          <Data name="Opis_ok">
            <value>183 - dom oficera SS</value>
          </Data>
          <Data name="zmiany_1">
            <value>0</value>
          </Data>
          <Data name="Zmiany">
            <value/>
          </Data>
        </ExtendedData>
        <Polygon>
          <outerBoundaryIs>
            <LinearRing>
              <tessellate>1</tessellate>
              <coordinates>
                19.968101,50.030426,0
                19.968245,50.030425,0
                19.968247,50.030535,0
                19.968103,50.030536,0
                19.968101,50.030426,0
              </coordinates>
            </LinearRing>
          </outerBoundaryIs>
        </Polygon>
      </Placemark>
      <Placemark>
        <name/>
        <description><![CDATA[opis: <br>Id: 0<br>Nr: 182<br>Opis: dom oficer SS<br>Nr_ok: 182<br>Opis_ok: 182 - dom oficer SS<br>zmiany_1: 0<br>Zmiany: ]]></description>
        <styleUrl>#poly-424242-1200-145</styleUrl>
        <ExtendedData>
          <Data name="opis">
            <value/>
          </Data>
          <Data name="Id">
            <value>0</value>
          </Data>
          <Data name="Nr">
            <value>182</value>
          </Data>
          <Data name="Opis">
            <value>dom oficer SS</value>
          </Data>
          <Data name="Nr_ok">
            <value>182</value>
          </Data>
          <Data name="Opis_ok">
            <value>182 - dom oficer SS</value>
          </Data>
          <Data name="zmiany_1">
            <value>0</value>
          </Data>
          <Data name="Zmiany">
            <value/>
          </Data>
        </ExtendedData>
        <Polygon>
          <outerBoundaryIs>
            <LinearRing>
              <tessellate>1</tessellate>
              <coordinates>
                19.96808,50.030865,0
                19.968254,50.030863,0
                19.968256,50.030984,0
                19.968082,50.030986,0
                19.96808,50.030865,0
              </coordinates>
            </LinearRing>
          </outerBoundaryIs>
        </Polygon>
      </Placemark>
      <Placemark>
        <name/>
        <description><![CDATA[opis: <br>Id: 0<br>Nr: 180<br>Opis: dom oficera SS<br>Nr_ok: 180<br>Opis_ok: 180 - dom oficera SS<br>zmiany_1: 0<br>Zmiany: ]]></description>
        <styleUrl>#poly-424242-1200-145</styleUrl>
        <ExtendedData>
          <Data name="opis">
            <value/>
          </Data>
          <Data name="Id">
            <value>0</value>
          </Data>
          <Data name="Nr">
            <value>180</value>
          </Data>
          <Data name="Opis">
            <value>dom oficera SS</value>
          </Data>
          <Data name="Nr_ok">
            <value>180</value>
          </Data>
          <Data name="Opis_ok">
            <value>180 - dom oficera SS</value>
          </Data>
          <Data name="zmiany_1">
            <value>0</value>
          </Data>
          <Data name="Zmiany">
            <value/>
          </Data>
        </ExtendedData>
        <Polygon>
          <outerBoundaryIs>
            <LinearRing>
              <tessellate>1</tessellate>
              <coordinates>
                19.968077,50.031279,0
                19.968247,50.031277,0
                19.968252,50.031499,0
                19.968082,50.0315,0
                19.968077,50.031279,0
              </coordinates>
            </LinearRing>
          </outerBoundaryIs>
        </Polygon>
      </Placemark>
      <Placemark>
        <name/>
        <description><![CDATA[opis: <br>Id: 0<br>Nr: 178<br>Opis: dom komendanta obozu<br>Nr_ok: 178<br>Opis_ok: 178 - dom komendanta obozu<br>zmiany_1: 0<br>Zmiany: ]]></description>
        <styleUrl>#poly-424242-1200-145</styleUrl>
        <ExtendedData>
          <Data name="opis">
            <value/>
          </Data>
          <Data name="Id">
            <value>0</value>
          </Data>
          <Data name="Nr">
            <value>178</value>
          </Data>
          <Data name="Opis">
            <value>dom komendanta obozu</value>
          </Data>
          <Data name="Nr_ok">
            <value>178</value>
          </Data>
          <Data name="Opis_ok">
            <value>178 - dom komendanta obozu</value>
          </Data>
          <Data name="zmiany_1">
            <value>0</value>
          </Data>
          <Data name="Zmiany">
            <value/>
          </Data>
        </ExtendedData>
        <Polygon>
          <outerBoundaryIs>
            <LinearRing>
              <tessellate>1</tessellate>
              <coordinates>
                19.967934,50.031689,0
                19.968104,50.031697,0
                19.968082,50.031893,0
                19.967912,50.031885,0
                19.967934,50.031689,0
              </coordinates>
            </LinearRing>
          </outerBoundaryIs>
        </Polygon>
      </Placemark>
      <Placemark>
        <name/>
        <description><![CDATA[opis: <br>Id: 0<br>Nr: 179<br>Opis: dom oficera SS<br>Nr_ok: 179<br>Opis_ok: 179 -  dom oficera SS<br>zmiany_1: 0<br>Zmiany: ]]></description>
        <styleUrl>#poly-424242-1200-145</styleUrl>
        <ExtendedData>
          <Data name="opis">
            <value/>
          </Data>
          <Data name="Id">
            <value>0</value>
          </Data>
          <Data name="Nr">
            <value>179</value>
          </Data>
          <Data name="Opis">
            <value>dom oficera SS</value>
          </Data>
          <Data name="Nr_ok">
            <value>179</value>
          </Data>
          <Data name="Opis_ok">
            <value>179 -  dom oficera SS</value>
          </Data>
          <Data name="zmiany_1">
            <value>0</value>
          </Data>
          <Data name="Zmiany">
            <value/>
          </Data>
        </ExtendedData>
        <Polygon>
          <outerBoundaryIs>
            <LinearRing>
              <tessellate>1</tessellate>
              <coordinates>
                19.967684,50.031213,0
                19.967843,50.031216,0
                19.967837,50.031343,0
                19.967678,50.031339,0
                19.967684,50.031213,0
              </coordinates>
            </LinearRing>
          </outerBoundaryIs>
        </Polygon>
      </Placemark>
      <Placemark>
        <name/>
        <description><![CDATA[opis: <br>Id: 0<br>Nr: 177<br>Opis: dom oficera SS<br>Nr_ok: 177<br>Opis_ok: 177 - dom oficera SS<br>zmiany_1: 0<br>Zmiany: ]]></description>
        <styleUrl>#poly-424242-1200-145</styleUrl>
        <ExtendedData>
          <Data name="opis">
            <value/>
          </Data>
          <Data name="Id">
            <value>0</value>
          </Data>
          <Data name="Nr">
            <value>177</value>
          </Data>
          <Data name="Opis">
            <value>dom oficera SS</value>
          </Data>
          <Data name="Nr_ok">
            <value>177</value>
          </Data>
          <Data name="Opis_ok">
            <value>177 - dom oficera SS</value>
          </Data>
          <Data name="zmiany_1">
            <value>0</value>
          </Data>
          <Data name="Zmiany">
            <value/>
          </Data>
        </ExtendedData>
        <Polygon>
          <outerBoundaryIs>
            <LinearRing>
              <tessellate>1</tessellate>
              <coordinates>
                19.967927,50.032089,0
                19.968054,50.032119,0
                19.967994,50.032223,0
                19.967868,50.032193,0
                19.967927,50.032089,0
              </coordinates>
            </LinearRing>
          </outerBoundaryIs>
        </Polygon>
      </Placemark>
      <Placemark>
        <name/>
        <description><![CDATA[opis: <br>Id: 0<br>Nr: 0<br>Opis: <br>Nr_ok: <br>Opis_ok: <br>zmiany_1: 0<br>Zmiany: ]]></description>
        <styleUrl>#poly-424242-1200-145</styleUrl>
        <ExtendedData>
          <Data name="opis">
            <value/>
          </Data>
          <Data name="Id">
            <value>0</value>
          </Data>
          <Data name="Nr">
            <value>0</value>
          </Data>
          <Data name="Opis">
            <value/>
          </Data>
          <Data name="Nr_ok">
            <value/>
          </Data>
          <Data name="Opis_ok">
            <value/>
          </Data>
          <Data name="zmiany_1">
            <value>0</value>
          </Data>
          <Data name="Zmiany">
            <value/>
          </Data>
        </ExtendedData>
        <Polygon>
          <outerBoundaryIs>
            <LinearRing>
              <tessellate>1</tessellate>
              <coordinates>
                19.970774,50.030901,0
                19.970853,50.030936,0
                19.970771,50.031014,0
                19.970692,50.03098,0
                19.970774,50.030901,0
              </coordinates>
            </LinearRing>
          </outerBoundaryIs>
        </Polygon>
      </Placemark>
      <Placemark>
        <name/>
        <description><![CDATA[opis: <br>Id: 0<br>Nr: 125<br>Opis: <br>Nr_ok: 125<br>Opis_ok: 125<br>zmiany_1: 0<br>Zmiany: ]]></description>
        <styleUrl>#poly-424242-1200-145</styleUrl>
        <ExtendedData>
          <Data name="opis">
            <value/>
          </Data>
          <Data name="Id">
            <value>0</value>
          </Data>
          <Data name="Nr">
            <value>125</value>
          </Data>
          <Data name="Opis">
            <value/>
          </Data>
          <Data name="Nr_ok">
            <value>125</value>
          </Data>
          <Data name="Opis_ok">
            <value>125</value>
          </Data>
          <Data name="zmiany_1">
            <value>0</value>
          </Data>
          <Data name="Zmiany">
            <value/>
          </Data>
        </ExtendedData>
        <Polygon>
          <outerBoundaryIs>
            <LinearRing>
              <tessellate>1</tessellate>
              <coordinates>
                19.966778,50.028795,0
                19.96727,50.028902,0
                19.967217,50.029003,0
                19.966725,50.028895,0
                19.966778,50.028795,0
              </coordinates>
            </LinearRing>
          </outerBoundaryIs>
        </Polygon>
      </Placemark>
      <Placemark>
        <name/>
        <description><![CDATA[opis: <br>Id: 0<br>Nr: 126<br>Opis: <br>Nr_ok: 126<br>Opis_ok: 126<br>zmiany_1: 0<br>Zmiany: ]]></description>
        <styleUrl>#poly-424242-1200-145</styleUrl>
        <ExtendedData>
          <Data name="opis">
            <value/>
          </Data>
          <Data name="Id">
            <value>0</value>
          </Data>
          <Data name="Nr">
            <value>126</value>
          </Data>
          <Data name="Opis">
            <value/>
          </Data>
          <Data name="Nr_ok">
            <value>126</value>
          </Data>
          <Data name="Opis_ok">
            <value>126</value>
          </Data>
          <Data name="zmiany_1">
            <value>0</value>
          </Data>
          <Data name="Zmiany">
            <value/>
          </Data>
        </ExtendedData>
        <Polygon>
          <outerBoundaryIs>
            <LinearRing>
              <tessellate>1</tessellate>
              <coordinates>
                19.967407,50.028932,0
                19.967927,50.029045,0
                19.967874,50.029146,0
                19.967354,50.029033,0
                19.967407,50.028932,0
              </coordinates>
            </LinearRing>
          </outerBoundaryIs>
        </Polygon>
      </Placemark>
      <Placemark>
        <name/>
        <description><![CDATA[opis: <br>Id: 0<br>Nr: 127<br>Opis: <br>Nr_ok: 127<br>Opis_ok: 127<br>zmiany_1: 0<br>Zmiany: ]]></description>
        <styleUrl>#poly-424242-1200-145</styleUrl>
        <ExtendedData>
          <Data name="opis">
            <value/>
          </Data>
          <Data name="Id">
            <value>0</value>
          </Data>
          <Data name="Nr">
            <value>127</value>
          </Data>
          <Data name="Opis">
            <value/>
          </Data>
          <Data name="Nr_ok">
            <value>127</value>
          </Data>
          <Data name="Opis_ok">
            <value>127</value>
          </Data>
          <Data name="zmiany_1">
            <value>0</value>
          </Data>
          <Data name="Zmiany">
            <value/>
          </Data>
        </ExtendedData>
        <Polygon>
          <outerBoundaryIs>
            <LinearRing>
              <tessellate>1</tessellate>
              <coordinates>
                19.968528,50.029288,0
                19.968004,50.029174,0
                19.968057,50.029073,0
                19.968581,50.029187,0
                19.968528,50.029288,0
              </coordinates>
            </LinearRing>
          </outerBoundaryIs>
        </Polygon>
      </Placemark>
      <Placemark>
        <name/>
        <description><![CDATA[opis: <br>Id: 0<br>Nr: 119<br>Opis: <br>Nr_ok: 119<br>Opis_ok: 119<br>zmiany_1: 0<br>Zmiany: ]]></description>
        <styleUrl>#poly-424242-1200-145</styleUrl>
        <ExtendedData>
          <Data name="opis">
            <value/>
          </Data>
          <Data name="Id">
            <value>0</value>
          </Data>
          <Data name="Nr">
            <value>119</value>
          </Data>
          <Data name="Opis">
            <value/>
          </Data>
          <Data name="Nr_ok">
            <value>119</value>
          </Data>
          <Data name="Opis_ok">
            <value>119</value>
          </Data>
          <Data name="zmiany_1">
            <value>0</value>
          </Data>
          <Data name="Zmiany">
            <value/>
          </Data>
        </ExtendedData>
        <Polygon>
          <outerBoundaryIs>
            <LinearRing>
              <tessellate>1</tessellate>
              <coordinates>
                19.966611,50.029111,0
                19.966663,50.029013,0
                19.967154,50.02912,0
                19.967102,50.029219,0
                19.966611,50.029111,0
              </coordinates>
            </LinearRing>
          </outerBoundaryIs>
        </Polygon>
      </Placemark>
      <Placemark>
        <name/>
        <description><![CDATA[opis: <br>Id: 0<br>Nr: 120<br>Opis: <br>Nr_ok: 120<br>Opis_ok: 120<br>zmiany_1: 0<br>Zmiany: ]]></description>
        <styleUrl>#poly-424242-1200-145</styleUrl>
        <ExtendedData>
          <Data name="opis">
            <value/>
          </Data>
          <Data name="Id">
            <value>0</value>
          </Data>
          <Data name="Nr">
            <value>120</value>
          </Data>
          <Data name="Opis">
            <value/>
          </Data>
          <Data name="Nr_ok">
            <value>120</value>
          </Data>
          <Data name="Opis_ok">
            <value>120</value>
          </Data>
          <Data name="zmiany_1">
            <value>0</value>
          </Data>
          <Data name="Zmiany">
            <value/>
          </Data>
        </ExtendedData>
        <Polygon>
          <outerBoundaryIs>
            <LinearRing>
              <tessellate>1</tessellate>
              <coordinates>
                19.967241,50.029249,0
                19.967294,50.029147,0
                19.967817,50.029261,0
                19.967764,50.029363,0
                19.967241,50.029249,0
              </coordinates>
            </LinearRing>
          </outerBoundaryIs>
        </Polygon>
      </Placemark>
      <Placemark>
        <name/>
        <description><![CDATA[opis: <br>Id: 0<br>Nr: 121<br>Opis: <br>Nr_ok: 121<br>Opis_ok: 121<br>zmiany_1: 0<br>Zmiany: ]]></description>
        <styleUrl>#poly-424242-1200-145</styleUrl>
        <ExtendedData>
          <Data name="opis">
            <value/>
          </Data>
          <Data name="Id">
            <value>0</value>
          </Data>
          <Data name="Nr">
            <value>121</value>
          </Data>
          <Data name="Opis">
            <value/>
          </Data>
          <Data name="Nr_ok">
            <value>121</value>
          </Data>
          <Data name="Opis_ok">
            <value>121</value>
          </Data>
          <Data name="zmiany_1">
            <value>0</value>
          </Data>
          <Data name="Zmiany">
            <value/>
          </Data>
        </ExtendedData>
        <Polygon>
          <outerBoundaryIs>
            <LinearRing>
              <tessellate>1</tessellate>
              <coordinates>
                19.968414,50.029505,0
                19.967892,50.029391,0
                19.967945,50.029291,0
                19.968467,50.029405,0
                19.968414,50.029505,0
              </coordinates>
            </LinearRing>
          </outerBoundaryIs>
        </Polygon>
      </Placemark>
      <Placemark>
        <name/>
        <description><![CDATA[opis: <br>Id: 0<br>Nr: 109<br>Opis: <br>Nr_ok: 109<br>Opis_ok: 109<br>zmiany_1: 0<br>Zmiany: ]]></description>
        <styleUrl>#poly-424242-1200-145</styleUrl>
        <ExtendedData>
          <Data name="opis">
            <value/>
          </Data>
          <Data name="Id">
            <value>0</value>
          </Data>
          <Data name="Nr">
            <value>109</value>
          </Data>
          <Data name="Opis">
            <value/>
          </Data>
          <Data name="Nr_ok">
            <value>109</value>
          </Data>
          <Data name="Opis_ok">
            <value>109</value>
          </Data>
          <Data name="zmiany_1">
            <value>0</value>
          </Data>
          <Data name="Zmiany">
            <value/>
          </Data>
        </ExtendedData>
        <Polygon>
          <outerBoundaryIs>
            <LinearRing>
              <tessellate>1</tessellate>
              <coordinates>
                19.966329,50.029553,0
                19.966382,50.029458,0
                19.966927,50.029584,0
                19.966874,50.029679,0
                19.966329,50.029553,0
              </coordinates>
            </LinearRing>
          </outerBoundaryIs>
        </Polygon>
      </Placemark>
      <Placemark>
        <name/>
        <description><![CDATA[opis: <br>Id: 0<br>Nr: 110<br>Opis: <br>Nr_ok: 110<br>Opis_ok: 110<br>zmiany_1: 0<br>Zmiany: ]]></description>
        <styleUrl>#poly-424242-1200-145</styleUrl>
        <ExtendedData>
          <Data name="opis">
            <value/>
          </Data>
          <Data name="Id">
            <value>0</value>
          </Data>
          <Data name="Nr">
            <value>110</value>
          </Data>
          <Data name="Opis">
            <value/>
          </Data>
          <Data name="Nr_ok">
            <value>110</value>
          </Data>
          <Data name="Opis_ok">
            <value>110</value>
          </Data>
          <Data name="zmiany_1">
            <value>0</value>
          </Data>
          <Data name="Zmiany">
            <value/>
          </Data>
        </ExtendedData>
        <Polygon>
          <outerBoundaryIs>
            <LinearRing>
              <tessellate>1</tessellate>
              <coordinates>
                19.966991,50.029706,0
                19.967043,50.029612,0
                19.967576,50.029735,0
                19.967524,50.029829,0
                19.966991,50.029706,0
              </coordinates>
            </LinearRing>
          </outerBoundaryIs>
        </Polygon>
      </Placemark>
      <Placemark>
        <name/>
        <description><![CDATA[opis: <br>Id: 0<br>Nr: 111<br>Opis: <br>Nr_ok: 111<br>Opis_ok: 111<br>zmiany_1: 0<br>Zmiany: ]]></description>
        <styleUrl>#poly-424242-1200-145</styleUrl>
        <ExtendedData>
          <Data name="opis">
            <value/>
          </Data>
          <Data name="Id">
            <value>0</value>
          </Data>
          <Data name="Nr">
            <value>111</value>
          </Data>
          <Data name="Opis">
            <value/>
          </Data>
          <Data name="Nr_ok">
            <value>111</value>
          </Data>
          <Data name="Opis_ok">
            <value>111</value>
          </Data>
          <Data name="zmiany_1">
            <value>0</value>
          </Data>
          <Data name="Zmiany">
            <value/>
          </Data>
        </ExtendedData>
        <Polygon>
          <outerBoundaryIs>
            <LinearRing>
              <tessellate>1</tessellate>
              <coordinates>
                19.967652,50.029859,0
                19.967705,50.029764,0
                19.968212,50.029881,0
                19.96816,50.029976,0
                19.967652,50.029859,0
              </coordinates>
            </LinearRing>
          </outerBoundaryIs>
        </Polygon>
      </Placemark>
      <Placemark>
        <name/>
        <description><![CDATA[opis: <br>Id: 0<br>Nr: 114<br>Opis: <br>Nr_ok: 114<br>Opis_ok: 114<br>zmiany_1: 0<br>Zmiany: ]]></description>
        <styleUrl>#poly-424242-1200-145</styleUrl>
        <ExtendedData>
          <Data name="opis">
            <value/>
          </Data>
          <Data name="Id">
            <value>0</value>
          </Data>
          <Data name="Nr">
            <value>114</value>
          </Data>
          <Data name="Opis">
            <value/>
          </Data>
          <Data name="Nr_ok">
            <value>114</value>
          </Data>
          <Data name="Opis_ok">
            <value>114</value>
          </Data>
          <Data name="zmiany_1">
            <value>0</value>
          </Data>
          <Data name="Zmiany">
            <value/>
          </Data>
        </ExtendedData>
        <Polygon>
          <outerBoundaryIs>
            <LinearRing>
              <tessellate>1</tessellate>
              <coordinates>
                19.966447,50.029341,0
                19.966499,50.029248,0
                19.967044,50.029373,0
                19.966992,50.029466,0
                19.966447,50.029341,0
              </coordinates>
            </LinearRing>
          </outerBoundaryIs>
        </Polygon>
      </Placemark>
      <Placemark>
        <name/>
        <description><![CDATA[opis: <br>Id: 0<br>Nr: 115<br>Opis: <br>Nr_ok: 115<br>Opis_ok: 115<br>zmiany_1: 0<br>Zmiany: ]]></description>
        <styleUrl>#poly-424242-1200-145</styleUrl>
        <ExtendedData>
          <Data name="opis">
            <value/>
          </Data>
          <Data name="Id">
            <value>0</value>
          </Data>
          <Data name="Nr">
            <value>115</value>
          </Data>
          <Data name="Opis">
            <value/>
          </Data>
          <Data name="Nr_ok">
            <value>115</value>
          </Data>
          <Data name="Opis_ok">
            <value>115</value>
          </Data>
          <Data name="zmiany_1">
            <value>0</value>
          </Data>
          <Data name="Zmiany">
            <value/>
          </Data>
        </ExtendedData>
        <Polygon>
          <outerBoundaryIs>
            <LinearRing>
              <tessellate>1</tessellate>
              <coordinates>
                19.96833,50.02967,0
                19.968278,50.029763,0
                19.967767,50.029645,0
                19.967819,50.029552,0
                19.96833,50.02967,0
              </coordinates>
            </LinearRing>
          </outerBoundaryIs>
        </Polygon>
      </Placemark>
      <Placemark>
        <name/>
        <description><![CDATA[opis: <br>Id: 0<br>Nr: 0<br>Opis: <br>Nr_ok: <br>Opis_ok: <br>zmiany_1: 0<br>Zmiany: ]]></description>
        <styleUrl>#poly-424242-1200-145</styleUrl>
        <ExtendedData>
          <Data name="opis">
            <value/>
          </Data>
          <Data name="Id">
            <value>0</value>
          </Data>
          <Data name="Nr">
            <value>0</value>
          </Data>
          <Data name="Opis">
            <value/>
          </Data>
          <Data name="Nr_ok">
            <value/>
          </Data>
          <Data name="Opis_ok">
            <value/>
          </Data>
          <Data name="zmiany_1">
            <value>0</value>
          </Data>
          <Data name="Zmiany">
            <value/>
          </Data>
        </ExtendedData>
        <Polygon>
          <outerBoundaryIs>
            <LinearRing>
              <tessellate>1</tessellate>
              <coordinates>
                19.966171,50.029172,0
                19.96624,50.029188,0
                19.966212,50.029239,0
                19.966142,50.029223,0
                19.966171,50.029172,0
              </coordinates>
            </LinearRing>
          </outerBoundaryIs>
        </Polygon>
      </Placemark>
      <Placemark>
        <name/>
        <description><![CDATA[opis: <br>Id: 0<br>Nr: 124<br>Opis: <br>Nr_ok: 124<br>Opis_ok: 124<br>zmiany_1: 0<br>Zmiany: ]]></description>
        <styleUrl>#poly-424242-1200-145</styleUrl>
        <ExtendedData>
          <Data name="opis">
            <value/>
          </Data>
          <Data name="Id">
            <value>0</value>
          </Data>
          <Data name="Nr">
            <value>124</value>
          </Data>
          <Data name="Opis">
            <value/>
          </Data>
          <Data name="Nr_ok">
            <value>124</value>
          </Data>
          <Data name="Opis_ok">
            <value>124</value>
          </Data>
          <Data name="zmiany_1">
            <value>0</value>
          </Data>
          <Data name="Zmiany">
            <value/>
          </Data>
        </ExtendedData>
        <Polygon>
          <outerBoundaryIs>
            <LinearRing>
              <tessellate>1</tessellate>
              <coordinates>
                19.965588,50.028631,0
                19.965635,50.028542,0
                19.966155,50.028657,0
                19.966107,50.028746,0
                19.965588,50.028631,0
              </coordinates>
            </LinearRing>
          </outerBoundaryIs>
        </Polygon>
      </Placemark>
      <Placemark>
        <name/>
        <description><![CDATA[opis: <br>Id: 0<br>Nr: 118<br>Opis: <br>Nr_ok: 118<br>Opis_ok: 118<br>zmiany_1: 0<br>Zmiany: ]]></description>
        <styleUrl>#poly-424242-1200-145</styleUrl>
        <ExtendedData>
          <Data name="opis">
            <value/>
          </Data>
          <Data name="Id">
            <value>0</value>
          </Data>
          <Data name="Nr">
            <value>118</value>
          </Data>
          <Data name="Opis">
            <value/>
          </Data>
          <Data name="Nr_ok">
            <value>118</value>
          </Data>
          <Data name="Opis_ok">
            <value>118</value>
          </Data>
          <Data name="zmiany_1">
            <value>0</value>
          </Data>
          <Data name="Zmiany">
            <value/>
          </Data>
        </ExtendedData>
        <Polygon>
          <outerBoundaryIs>
            <LinearRing>
              <tessellate>1</tessellate>
              <coordinates>
                19.965472,50.028845,0
                19.965522,50.028754,0
                19.966041,50.028869,0
                19.965992,50.028961,0
                19.965472,50.028845,0
              </coordinates>
            </LinearRing>
          </outerBoundaryIs>
        </Polygon>
      </Placemark>
      <Placemark>
        <name/>
        <description><![CDATA[opis: <br>Id: 0<br>Nr: 113<br>Opis: <br>Nr_ok: 113<br>Opis_ok: 113<br>zmiany_1: 0<br>Zmiany: ]]></description>
        <styleUrl>#poly-424242-1200-145</styleUrl>
        <ExtendedData>
          <Data name="opis">
            <value/>
          </Data>
          <Data name="Id">
            <value>0</value>
          </Data>
          <Data name="Nr">
            <value>113</value>
          </Data>
          <Data name="Opis">
            <value/>
          </Data>
          <Data name="Nr_ok">
            <value>113</value>
          </Data>
          <Data name="Opis_ok">
            <value>113</value>
          </Data>
          <Data name="zmiany_1">
            <value>0</value>
          </Data>
          <Data name="Zmiany">
            <value/>
          </Data>
        </ExtendedData>
        <Polygon>
          <outerBoundaryIs>
            <LinearRing>
              <tessellate>1</tessellate>
              <coordinates>
                19.965338,50.029096,0
                19.965391,50.028997,0
                19.965911,50.029112,0
                19.965857,50.029212,0
                19.965338,50.029096,0
              </coordinates>
            </LinearRing>
          </outerBoundaryIs>
        </Polygon>
      </Placemark>
      <Placemark>
        <name/>
        <description><![CDATA[opis: <br>Id: 0<br>Nr: 108<br>Opis: <br>Nr_ok: 108<br>Opis_ok: 108<br>zmiany_1: 0<br>Zmiany: ]]></description>
        <styleUrl>#poly-424242-1200-145</styleUrl>
        <ExtendedData>
          <Data name="opis">
            <value/>
          </Data>
          <Data name="Id">
            <value>0</value>
          </Data>
          <Data name="Nr">
            <value>108</value>
          </Data>
          <Data name="Opis">
            <value/>
          </Data>
          <Data name="Nr_ok">
            <value>108</value>
          </Data>
          <Data name="Opis_ok">
            <value>108</value>
          </Data>
          <Data name="zmiany_1">
            <value>0</value>
          </Data>
          <Data name="Zmiany">
            <value/>
          </Data>
        </ExtendedData>
        <Polygon>
          <outerBoundaryIs>
            <LinearRing>
              <tessellate>1</tessellate>
              <coordinates>
                19.965224,50.029309,0
                19.965275,50.029214,0
                19.965795,50.029329,0
                19.965744,50.029424,0
                19.965224,50.029309,0
              </coordinates>
            </LinearRing>
          </outerBoundaryIs>
        </Polygon>
      </Placemark>
      <Placemark>
        <name/>
        <description><![CDATA[opis: <br>Id: 0<br>Nr: 104<br>Opis: <br>Nr_ok: 104<br>Opis_ok: 104<br>zmiany_1: 0<br>Zmiany: ]]></description>
        <styleUrl>#poly-424242-1200-145</styleUrl>
        <ExtendedData>
          <Data name="opis">
            <value/>
          </Data>
          <Data name="Id">
            <value>0</value>
          </Data>
          <Data name="Nr">
            <value>104</value>
          </Data>
          <Data name="Opis">
            <value/>
          </Data>
          <Data name="Nr_ok">
            <value>104</value>
          </Data>
          <Data name="Opis_ok">
            <value>104</value>
          </Data>
          <Data name="zmiany_1">
            <value>0</value>
          </Data>
          <Data name="Zmiany">
            <value/>
          </Data>
        </ExtendedData>
        <Polygon>
          <outerBoundaryIs>
            <LinearRing>
              <tessellate>1</tessellate>
              <coordinates>
                19.966189,50.029805,0
                19.966584,50.029896,0
                19.966542,50.02997,0
                19.966148,50.029879,0
                19.966189,50.029805,0
              </coordinates>
            </LinearRing>
          </outerBoundaryIs>
        </Polygon>
      </Placemark>
      <Placemark>
        <name/>
        <description><![CDATA[opis: <br>Id: 0<br>Nr: 105<br>Opis: <br>Nr_ok: 105<br>Opis_ok: 105<br>zmiany_1: 0<br>Zmiany: ]]></description>
        <styleUrl>#poly-424242-1200-145</styleUrl>
        <ExtendedData>
          <Data name="opis">
            <value/>
          </Data>
          <Data name="Id">
            <value>0</value>
          </Data>
          <Data name="Nr">
            <value>105</value>
          </Data>
          <Data name="Opis">
            <value/>
          </Data>
          <Data name="Nr_ok">
            <value>105</value>
          </Data>
          <Data name="Opis_ok">
            <value>105</value>
          </Data>
          <Data name="zmiany_1">
            <value>0</value>
          </Data>
          <Data name="Zmiany">
            <value/>
          </Data>
        </ExtendedData>
        <Polygon>
          <outerBoundaryIs>
            <LinearRing>
              <tessellate>1</tessellate>
              <coordinates>
                19.966989,50.029962,0
                19.967592,50.030102,0
                19.967518,50.030233,0
                19.966915,50.030094,0
                19.966989,50.029962,0
              </coordinates>
            </LinearRing>
          </outerBoundaryIs>
        </Polygon>
      </Placemark>
      <Placemark>
        <name/>
        <description><![CDATA[opis: <br>Id: 0<br>Nr: 146<br>Opis: barak obozu przejsciowego<br>Nr_ok: 146<br>Opis_ok: 146 - barak obozu przejsciowego<br>zmiany_1: 0<br>Zmiany: ]]></description>
        <styleUrl>#poly-424242-1200-145</styleUrl>
        <ExtendedData>
          <Data name="opis">
            <value/>
          </Data>
          <Data name="Id">
            <value>0</value>
          </Data>
          <Data name="Nr">
            <value>146</value>
          </Data>
          <Data name="Opis">
            <value>barak obozu przejsciowego</value>
          </Data>
          <Data name="Nr_ok">
            <value>146</value>
          </Data>
          <Data name="Opis_ok">
            <value>146 - barak obozu przejsciowego</value>
          </Data>
          <Data name="zmiany_1">
            <value>0</value>
          </Data>
          <Data name="Zmiany">
            <value/>
          </Data>
        </ExtendedData>
        <Polygon>
          <outerBoundaryIs>
            <LinearRing>
              <tessellate>1</tessellate>
              <coordinates>
                19.966154,50.030673,0
                19.966907,50.030907,0
                19.966834,50.031004,0
                19.966081,50.03077,0
                19.966154,50.030673,0
              </coordinates>
            </LinearRing>
          </outerBoundaryIs>
        </Polygon>
      </Placemark>
      <Placemark>
        <name/>
        <description><![CDATA[opis: <br>Id: 0<br>Nr: 160<br>Opis: barak dla ss-manow<br>Nr_ok: 160<br>Opis_ok: 160 - barak dla ss-manow<br>zmiany_1: 0<br>Zmiany: ]]></description>
        <styleUrl>#poly-424242-1200-145</styleUrl>
        <ExtendedData>
          <Data name="opis">
            <value/>
          </Data>
          <Data name="Id">
            <value>0</value>
          </Data>
          <Data name="Nr">
            <value>160</value>
          </Data>
          <Data name="Opis">
            <value>barak dla ss-manow</value>
          </Data>
          <Data name="Nr_ok">
            <value>160</value>
          </Data>
          <Data name="Opis_ok">
            <value>160 - barak dla ss-manow</value>
          </Data>
          <Data name="zmiany_1">
            <value>0</value>
          </Data>
          <Data name="Zmiany">
            <value/>
          </Data>
        </ExtendedData>
        <Polygon>
          <outerBoundaryIs>
            <LinearRing>
              <tessellate>1</tessellate>
              <coordinates>
                19.965163,50.030346,0
                19.965911,50.030578,0
                19.965826,50.030691,0
                19.965079,50.030459,0
                19.965163,50.030346,0
              </coordinates>
            </LinearRing>
          </outerBoundaryIs>
        </Polygon>
      </Placemark>
      <Placemark>
        <name/>
        <description><![CDATA[opis: <br>Id: 0<br>Nr: 147<br>Opis: barak obozu przejsciowego<br>Nr_ok: 147<br>Opis_ok: 147 - barak obozu przejsciowego<br>zmiany_1: 0<br>Zmiany: ]]></description>
        <styleUrl>#poly-424242-1200-145</styleUrl>
        <ExtendedData>
          <Data name="opis">
            <value/>
          </Data>
          <Data name="Id">
            <value>0</value>
          </Data>
          <Data name="Nr">
            <value>147</value>
          </Data>
          <Data name="Opis">
            <value>barak obozu przejsciowego</value>
          </Data>
          <Data name="Nr_ok">
            <value>147</value>
          </Data>
          <Data name="Opis_ok">
            <value>147 - barak obozu przejsciowego</value>
          </Data>
          <Data name="zmiany_1">
            <value>0</value>
          </Data>
          <Data name="Zmiany">
            <value/>
          </Data>
        </ExtendedData>
        <Polygon>
          <outerBoundaryIs>
            <LinearRing>
              <tessellate>1</tessellate>
              <coordinates>
                19.966561,50.031186,0
                19.965816,50.030954,0
                19.965898,50.030844,0
                19.966644,50.031075,0
                19.966561,50.031186,0
              </coordinates>
            </LinearRing>
          </outerBoundaryIs>
        </Polygon>
      </Placemark>
      <Placemark>
        <name/>
        <description><![CDATA[opis: <br>Id: 0<br>Nr: 0<br>Opis: <br>Nr_ok: <br>Opis_ok: <br>zmiany_1: 1<br>Zmiany: ]]></description>
        <styleUrl>#poly-424242-1200-145</styleUrl>
        <ExtendedData>
          <Data name="opis">
            <value/>
          </Data>
          <Data name="Id">
            <value>0</value>
          </Data>
          <Data name="Nr">
            <value>0</value>
          </Data>
          <Data name="Opis">
            <value/>
          </Data>
          <Data name="Nr_ok">
            <value/>
          </Data>
          <Data name="Opis_ok">
            <value/>
          </Data>
          <Data name="zmiany_1">
            <value>1</value>
          </Data>
          <Data name="Zmiany">
            <value/>
          </Data>
        </ExtendedData>
        <Polygon>
          <outerBoundaryIs>
            <LinearRing>
              <tessellate>1</tessellate>
              <coordinates>
                19.965659,50.031165,0
                19.965728,50.031072,0
                19.966474,50.031303,0
                19.966404,50.031396,0
                19.965659,50.031165,0
              </coordinates>
            </LinearRing>
          </outerBoundaryIs>
        </Polygon>
      </Placemark>
      <Placemark>
        <name/>
        <description><![CDATA[opis: <br>Id: 0<br>Nr: 0<br>Opis: <br>Nr_ok: <br>Opis_ok: <br>zmiany_1: 0<br>Zmiany: ]]></description>
        <styleUrl>#poly-424242-1200-145</styleUrl>
        <ExtendedData>
          <Data name="opis">
            <value/>
          </Data>
          <Data name="Id">
            <value>0</value>
          </Data>
          <Data name="Nr">
            <value>0</value>
          </Data>
          <Data name="Opis">
            <value/>
          </Data>
          <Data name="Nr_ok">
            <value/>
          </Data>
          <Data name="Opis_ok">
            <value/>
          </Data>
          <Data name="zmiany_1">
            <value>0</value>
          </Data>
          <Data name="Zmiany">
            <value/>
          </Data>
        </ExtendedData>
        <Polygon>
          <outerBoundaryIs>
            <LinearRing>
              <tessellate>1</tessellate>
              <coordinates>
                19.964868,50.028481,0
                19.964921,50.028383,0
                19.96543,50.028496,0
                19.965377,50.028595,0
                19.964868,50.028481,0
              </coordinates>
            </LinearRing>
          </outerBoundaryIs>
        </Polygon>
      </Placemark>
      <Placemark>
        <name/>
        <description><![CDATA[opis: <br>Id: 0<br>Nr: 117<br>Opis: <br>Nr_ok: 117<br>Opis_ok: 117<br>zmiany_1: 0<br>Zmiany: ]]></description>
        <styleUrl>#poly-424242-1200-145</styleUrl>
        <ExtendedData>
          <Data name="opis">
            <value/>
          </Data>
          <Data name="Id">
            <value>0</value>
          </Data>
          <Data name="Nr">
            <value>117</value>
          </Data>
          <Data name="Opis">
            <value/>
          </Data>
          <Data name="Nr_ok">
            <value>117</value>
          </Data>
          <Data name="Opis_ok">
            <value>117</value>
          </Data>
          <Data name="zmiany_1">
            <value>0</value>
          </Data>
          <Data name="Zmiany">
            <value/>
          </Data>
        </ExtendedData>
        <Polygon>
          <outerBoundaryIs>
            <LinearRing>
              <tessellate>1</tessellate>
              <coordinates>
                19.964761,50.028681,0
                19.964812,50.028587,0
                19.965321,50.028701,0
                19.96527,50.028794,0
                19.964761,50.028681,0
              </coordinates>
            </LinearRing>
          </outerBoundaryIs>
        </Polygon>
      </Placemark>
      <Placemark>
        <name/>
        <description><![CDATA[opis: <br>Id: 0<br>Nr: 107<br>Opis: <br>Nr_ok: 107<br>Opis_ok: 107<br>zmiany_1: 0<br>Zmiany: ]]></description>
        <styleUrl>#poly-424242-1200-145</styleUrl>
        <ExtendedData>
          <Data name="opis">
            <value/>
          </Data>
          <Data name="Id">
            <value>0</value>
          </Data>
          <Data name="Nr">
            <value>107</value>
          </Data>
          <Data name="Opis">
            <value/>
          </Data>
          <Data name="Nr_ok">
            <value>107</value>
          </Data>
          <Data name="Opis_ok">
            <value>107</value>
          </Data>
          <Data name="zmiany_1">
            <value>0</value>
          </Data>
          <Data name="Zmiany">
            <value/>
          </Data>
        </ExtendedData>
        <Polygon>
          <outerBoundaryIs>
            <LinearRing>
              <tessellate>1</tessellate>
              <coordinates>
                19.964573,50.029057,0
                19.965079,50.02917,0
                19.965028,50.029265,0
                19.964522,50.029153,0
                19.964573,50.029057,0
              </coordinates>
            </LinearRing>
          </outerBoundaryIs>
        </Polygon>
      </Placemark>
      <Placemark>
        <name/>
        <description><![CDATA[opis: <br>Id: 0<br>Nr: 0<br>Opis: <br>Nr_ok: <br>Opis_ok: <br>zmiany_1: 1<br>Zmiany: ]]></description>
        <styleUrl>#poly-424242-1200-145</styleUrl>
        <ExtendedData>
          <Data name="opis">
            <value/>
          </Data>
          <Data name="Id">
            <value>0</value>
          </Data>
          <Data name="Nr">
            <value>0</value>
          </Data>
          <Data name="Opis">
            <value/>
          </Data>
          <Data name="Nr_ok">
            <value/>
          </Data>
          <Data name="Opis_ok">
            <value/>
          </Data>
          <Data name="zmiany_1">
            <value>1</value>
          </Data>
          <Data name="Zmiany">
            <value/>
          </Data>
        </ExtendedData>
        <Polygon>
          <outerBoundaryIs>
            <LinearRing>
              <tessellate>1</tessellate>
              <coordinates>
                19.963781,50.028951,0
                19.963842,50.028841,0
                19.964353,50.028959,0
                19.964292,50.029069,0
                19.963781,50.028951,0
              </coordinates>
            </LinearRing>
          </outerBoundaryIs>
        </Polygon>
      </Placemark>
      <Placemark>
        <name/>
        <description><![CDATA[opis: <br>Id: 0<br>Nr: 0<br>Opis: <br>Nr_ok: <br>Opis_ok: <br>zmiany_1: 1<br>Zmiany: ]]></description>
        <styleUrl>#poly-424242-1200-145</styleUrl>
        <ExtendedData>
          <Data name="opis">
            <value/>
          </Data>
          <Data name="Id">
            <value>0</value>
          </Data>
          <Data name="Nr">
            <value>0</value>
          </Data>
          <Data name="Opis">
            <value/>
          </Data>
          <Data name="Nr_ok">
            <value/>
          </Data>
          <Data name="Opis_ok">
            <value/>
          </Data>
          <Data name="zmiany_1">
            <value>1</value>
          </Data>
          <Data name="Zmiany">
            <value/>
          </Data>
        </ExtendedData>
        <Polygon>
          <outerBoundaryIs>
            <LinearRing>
              <tessellate>1</tessellate>
              <coordinates>
                19.964451,50.028783,0
                19.964394,50.028886,0
                19.963883,50.028768,0
                19.96394,50.028665,0
                19.964451,50.028783,0
              </coordinates>
            </LinearRing>
          </outerBoundaryIs>
        </Polygon>
      </Placemark>
      <Placemark>
        <name/>
        <description><![CDATA[opis: <br>Id: 0<br>Nr: 103<br>Opis: <br>Nr_ok: 103<br>Opis_ok: 103<br>zmiany_1: 0<br>Zmiany: ]]></description>
        <styleUrl>#poly-424242-1200-145</styleUrl>
        <ExtendedData>
          <Data name="opis">
            <value/>
          </Data>
          <Data name="Id">
            <value>0</value>
          </Data>
          <Data name="Nr">
            <value>103</value>
          </Data>
          <Data name="Opis">
            <value/>
          </Data>
          <Data name="Nr_ok">
            <value>103</value>
          </Data>
          <Data name="Opis_ok">
            <value>103</value>
          </Data>
          <Data name="zmiany_1">
            <value>0</value>
          </Data>
          <Data name="Zmiany">
            <value/>
          </Data>
        </ExtendedData>
        <Polygon>
          <outerBoundaryIs>
            <LinearRing>
              <tessellate>1</tessellate>
              <coordinates>
                19.965029,50.029673,0
                19.965093,50.029553,0
                19.965613,50.029668,0
                19.965548,50.029789,0
                19.965029,50.029673,0
              </coordinates>
            </LinearRing>
          </outerBoundaryIs>
        </Polygon>
      </Placemark>
      <Placemark>
        <name/>
        <description><![CDATA[opis: <br>Id: 0<br>Nr: 102<br>Opis: latryna<br>Nr_ok: 102<br>Opis_ok: 102 - latryna<br>zmiany_1: 0<br>Zmiany: ]]></description>
        <styleUrl>#poly-424242-1200-145</styleUrl>
        <ExtendedData>
          <Data name="opis">
            <value/>
          </Data>
          <Data name="Id">
            <value>0</value>
          </Data>
          <Data name="Nr">
            <value>102</value>
          </Data>
          <Data name="Opis">
            <value>latryna</value>
          </Data>
          <Data name="Nr_ok">
            <value>102</value>
          </Data>
          <Data name="Opis_ok">
            <value>102 - latryna</value>
          </Data>
          <Data name="zmiany_1">
            <value>0</value>
          </Data>
          <Data name="Zmiany">
            <value/>
          </Data>
        </ExtendedData>
        <Polygon>
          <outerBoundaryIs>
            <LinearRing>
              <tessellate>1</tessellate>
              <coordinates>
                19.964368,50.029378,0
                19.964899,50.029499,0
                19.964851,50.029588,0
                19.964319,50.029467,0
                19.964368,50.029378,0
              </coordinates>
            </LinearRing>
          </outerBoundaryIs>
        </Polygon>
      </Placemark>
      <Placemark>
        <name/>
        <description><![CDATA[opis: <br>Id: 0<br>Nr: 98<br>Opis: magazyn i warsztaty<br>Nr_ok: 98<br>Opis_ok: 98 - magazyn i warsztaty<br>zmiany_1: 0<br>Zmiany: ]]></description>
        <styleUrl>#poly-424242-1200-145</styleUrl>
        <ExtendedData>
          <Data name="opis">
            <value/>
          </Data>
          <Data name="Id">
            <value>0</value>
          </Data>
          <Data name="Nr">
            <value>98</value>
          </Data>
          <Data name="Opis">
            <value>magazyn i warsztaty</value>
          </Data>
          <Data name="Nr_ok">
            <value>98</value>
          </Data>
          <Data name="Opis_ok">
            <value>98 - magazyn i warsztaty</value>
          </Data>
          <Data name="zmiany_1">
            <value>0</value>
          </Data>
          <Data name="Zmiany">
            <value/>
          </Data>
        </ExtendedData>
        <Polygon>
          <outerBoundaryIs>
            <LinearRing>
              <tessellate>1</tessellate>
              <coordinates>
                19.963736,50.02959,0
                19.963821,50.029479,0
                19.964589,50.029724,0
                19.964504,50.029835,0
                19.963736,50.02959,0
              </coordinates>
            </LinearRing>
          </outerBoundaryIs>
        </Polygon>
      </Placemark>
      <Placemark>
        <name/>
        <description><![CDATA[opis: <br>Id: 0<br>Nr: 96<br>Opis: magazyn i warsztaty<br>Nr_ok: 96<br>Opis_ok: 96 - magazyn i warsztaty<br>zmiany_1: 0<br>Zmiany: ]]></description>
        <styleUrl>#poly-424242-1200-145</styleUrl>
        <ExtendedData>
          <Data name="opis">
            <value/>
          </Data>
          <Data name="Id">
            <value>0</value>
          </Data>
          <Data name="Nr">
            <value>96</value>
          </Data>
          <Data name="Opis">
            <value>magazyn i warsztaty</value>
          </Data>
          <Data name="Nr_ok">
            <value>96</value>
          </Data>
          <Data name="Opis_ok">
            <value>96 - magazyn i warsztaty</value>
          </Data>
          <Data name="zmiany_1">
            <value>0</value>
          </Data>
          <Data name="Zmiany">
            <value/>
          </Data>
        </ExtendedData>
        <Polygon>
          <outerBoundaryIs>
            <LinearRing>
              <tessellate>1</tessellate>
              <coordinates>
                19.963462,50.029946,0
                19.96352,50.02987,0
                19.964288,50.030115,0
                19.964229,50.030191,0
                19.963462,50.029946,0
              </coordinates>
            </LinearRing>
          </outerBoundaryIs>
        </Polygon>
      </Placemark>
      <Placemark>
        <name/>
        <description><![CDATA[opis: <br>Id: 0<br>Nr: 0<br>Opis: <br>Nr_ok: <br>Opis_ok: <br>zmiany_1: 0<br>Zmiany: ]]></description>
        <styleUrl>#poly-424242-1200-145</styleUrl>
        <ExtendedData>
          <Data name="opis">
            <value/>
          </Data>
          <Data name="Id">
            <value>0</value>
          </Data>
          <Data name="Nr">
            <value>0</value>
          </Data>
          <Data name="Opis">
            <value/>
          </Data>
          <Data name="Nr_ok">
            <value/>
          </Data>
          <Data name="Opis_ok">
            <value/>
          </Data>
          <Data name="zmiany_1">
            <value>0</value>
          </Data>
          <Data name="Zmiany">
            <value/>
          </Data>
        </ExtendedData>
        <Polygon>
          <outerBoundaryIs>
            <LinearRing>
              <tessellate>1</tessellate>
              <coordinates>
                19.96221,50.029236,0
                19.9622,50.029236,0
                19.96219,50.029234,0
                19.96218,50.029231,0
                19.962172,50.029228,0
                19.962165,50.029223,0
                19.962158,50.029218,0
                19.962154,50.029212,0
                19.962151,50.029205,0
                19.96215,50.029199,0
                19.962151,50.029192,0
                19.962153,50.029186,0
                19.962158,50.02918,0
                19.962164,50.029174,0
                19.962171,50.029169,0
                19.962179,50.029166,0
                19.962188,50.029163,0
                19.962198,50.029161,0
                19.962209,50.02916,0
                19.962219,50.029161,0
                19.962229,50.029162,0
                19.962238,50.029165,0
                19.962247,50.029169,0
                19.962254,50.029173,0
                19.96226,50.029179,0
                19.962265,50.029185,0
                19.962267,50.029191,0
                19.962268,50.029198,0
                19.962268,50.029204,0
                19.962265,50.029211,0
                19.962261,50.029217,0
                19.962255,50.029222,0
                19.962248,50.029227,0
                19.96224,50.029231,0
                19.96223,50.029234,0
                19.96222,50.029236,0
                19.96221,50.029236,0
              </coordinates>
            </LinearRing>
          </outerBoundaryIs>
        </Polygon>
      </Placemark>
      <Placemark>
        <name/>
        <description><![CDATA[opis: <br>Id: 0<br>Nr: 0<br>Opis: <br>Nr_ok: <br>Opis_ok: <br>zmiany_1: 0<br>Zmiany: ]]></description>
        <styleUrl>#poly-424242-1200-145</styleUrl>
        <ExtendedData>
          <Data name="opis">
            <value/>
          </Data>
          <Data name="Id">
            <value>0</value>
          </Data>
          <Data name="Nr">
            <value>0</value>
          </Data>
          <Data name="Opis">
            <value/>
          </Data>
          <Data name="Nr_ok">
            <value/>
          </Data>
          <Data name="Opis_ok">
            <value/>
          </Data>
          <Data name="zmiany_1">
            <value>0</value>
          </Data>
          <Data name="Zmiany">
            <value/>
          </Data>
        </ExtendedData>
        <Polygon>
          <outerBoundaryIs>
            <LinearRing>
              <tessellate>1</tessellate>
              <coordinates>
                19.962018,50.029101,0
                19.962008,50.0291,0
                19.961998,50.029099,0
                19.961988,50.029096,0
                19.96198,50.029092,0
                19.961973,50.029088,0
                19.961967,50.029082,0
                19.961962,50.029076,0
                19.961959,50.02907,0
                19.961958,50.029063,0
                19.961959,50.029057,0
                19.961962,50.02905,0
                19.961966,50.029044,0
                19.961972,50.029039,0
                19.961979,50.029034,0
                19.961987,50.02903,0
                19.961996,50.029027,0
                19.962006,50.029025,0
                19.962017,50.029025,0
                19.962027,50.029025,0
                19.962037,50.029027,0
                19.962046,50.02903,0
                19.962055,50.029033,0
                19.962062,50.029038,0
                19.962068,50.029043,0
                19.962073,50.029049,0
                19.962075,50.029056,0
                19.962077,50.029062,0
                19.962076,50.029069,0
                19.962073,50.029075,0
                19.962069,50.029081,0
                19.962063,50.029087,0
                19.962056,50.029092,0
                19.962048,50.029095,0
                19.962038,50.029098,0
                19.962028,50.0291,0
                19.962018,50.029101,0
              </coordinates>
            </LinearRing>
          </outerBoundaryIs>
        </Polygon>
      </Placemark>
      <Placemark>
        <name/>
        <description><![CDATA[opis: <br>Id: 0<br>Nr: 0<br>Opis: <br>Nr_ok: <br>Opis_ok: <br>zmiany_1: 0<br>Zmiany: ]]></description>
        <styleUrl>#poly-424242-1200-145</styleUrl>
        <ExtendedData>
          <Data name="opis">
            <value/>
          </Data>
          <Data name="Id">
            <value>0</value>
          </Data>
          <Data name="Nr">
            <value>0</value>
          </Data>
          <Data name="Opis">
            <value/>
          </Data>
          <Data name="Nr_ok">
            <value/>
          </Data>
          <Data name="Opis_ok">
            <value/>
          </Data>
          <Data name="zmiany_1">
            <value>0</value>
          </Data>
          <Data name="Zmiany">
            <value/>
          </Data>
        </ExtendedData>
        <Polygon>
          <outerBoundaryIs>
            <LinearRing>
              <tessellate>1</tessellate>
              <coordinates>
                19.962465,50.029103,0
                19.962454,50.029102,0
                19.962444,50.029101,0
                19.962435,50.029098,0
                19.962426,50.029094,0
                19.962419,50.02909,0
                19.962413,50.029084,0
                19.962409,50.029078,0
                19.962406,50.029072,0
                19.962405,50.029065,0
                19.962405,50.029059,0
                19.962408,50.029052,0
                19.962412,50.029046,0
                19.962418,50.029041,0
                19.962425,50.029036,0
                19.962434,50.029032,0
                19.962443,50.029029,0
                19.962453,50.029027,0
                19.962463,50.029027,0
                19.962473,50.029027,0
                19.962483,50.029029,0
                19.962493,50.029032,0
                19.962501,50.029035,0
                19.962509,50.02904,0
                19.962515,50.029045,0
                19.962519,50.029051,0
                19.962522,50.029058,0
                19.962523,50.029064,0
                19.962522,50.029071,0
                19.96252,50.029077,0
                19.962515,50.029083,0
                19.96251,50.029089,0
                19.962502,50.029094,0
                19.962494,50.029097,0
                19.962485,50.0291,0
                19.962475,50.029102,0
                19.962465,50.029103,0
              </coordinates>
            </LinearRing>
          </outerBoundaryIs>
        </Polygon>
      </Placemark>
      <Placemark>
        <name/>
        <description><![CDATA[opis: <br>Id: 0<br>Nr: 0<br>Opis: <br>Nr_ok: <br>Opis_ok: <br>zmiany_1: 0<br>Zmiany: ]]></description>
        <styleUrl>#poly-424242-1200-145</styleUrl>
        <ExtendedData>
          <Data name="opis">
            <value/>
          </Data>
          <Data name="Id">
            <value>0</value>
          </Data>
          <Data name="Nr">
            <value>0</value>
          </Data>
          <Data name="Opis">
            <value/>
          </Data>
          <Data name="Nr_ok">
            <value/>
          </Data>
          <Data name="Opis_ok">
            <value/>
          </Data>
          <Data name="zmiany_1">
            <value>0</value>
          </Data>
          <Data name="Zmiany">
            <value/>
          </Data>
        </ExtendedData>
        <Polygon>
          <outerBoundaryIs>
            <LinearRing>
              <tessellate>1</tessellate>
              <coordinates>
                19.962339,50.029169,0
                19.962329,50.029168,0
                19.962319,50.029166,0
                19.962309,50.029164,0
                19.962301,50.02916,0
                19.962293,50.029155,0
                19.962287,50.02915,0
                19.962283,50.029144,0
                19.96228,50.029138,0
                19.962279,50.029131,0
                19.96228,50.029124,0
                19.962282,50.029118,0
                19.962286,50.029112,0
                19.962292,50.029106,0
                19.962299,50.029102,0
                19.962308,50.029098,0
                19.962317,50.029095,0
                19.962327,50.029093,0
                19.962337,50.029092,0
                19.962348,50.029093,0
                19.962358,50.029095,0
                19.962367,50.029097,0
                19.962375,50.029101,0
                19.962383,50.029106,0
                19.962389,50.029111,0
                19.962393,50.029117,0
                19.962396,50.029123,0
                19.962397,50.02913,0
                19.962396,50.029137,0
                19.962394,50.029143,0
                19.96239,50.029149,0
                19.962384,50.029155,0
                19.962377,50.029159,0
                19.962368,50.029163,0
                19.962359,50.029166,0
                19.962349,50.029168,0
                19.962339,50.029169,0
              </coordinates>
            </LinearRing>
          </outerBoundaryIs>
        </Polygon>
      </Placemark>
      <Placemark>
        <name/>
        <description><![CDATA[opis: <br>Id: 0<br>Nr: 0<br>Opis: <br>Nr_ok: <br>Opis_ok: <br>zmiany_1: 0<br>Zmiany: ]]></description>
        <styleUrl>#poly-424242-1200-145</styleUrl>
        <ExtendedData>
          <Data name="opis">
            <value/>
          </Data>
          <Data name="Id">
            <value>0</value>
          </Data>
          <Data name="Nr">
            <value>0</value>
          </Data>
          <Data name="Opis">
            <value/>
          </Data>
          <Data name="Nr_ok">
            <value/>
          </Data>
          <Data name="Opis_ok">
            <value/>
          </Data>
          <Data name="zmiany_1">
            <value>0</value>
          </Data>
          <Data name="Zmiany">
            <value/>
          </Data>
        </ExtendedData>
        <Polygon>
          <outerBoundaryIs>
            <LinearRing>
              <tessellate>1</tessellate>
              <coordinates>
                19.96238,50.029035,0
                19.96237,50.029034,0
                19.96236,50.029033,0
                19.962351,50.02903,0
                19.962342,50.029026,0
                19.962335,50.029022,0
                19.962329,50.029016,0
                19.962324,50.02901,0
                19.962322,50.029004,0
                19.962321,50.028997,0
                19.962321,50.028991,0
                19.962324,50.028984,0
                19.962328,50.028978,0
                19.962334,50.028973,0
                19.962341,50.028968,0
                19.962349,50.028964,0
                19.962359,50.028961,0
                19.962369,50.028959,0
                19.962379,50.028959,0
                19.962389,50.028959,0
                19.962399,50.028961,0
                19.962409,50.028964,0
                19.962417,50.028967,0
                19.962424,50.028972,0
                19.962431,50.028977,0
                19.962435,50.028983,0
                19.962438,50.02899,0
                19.962439,50.028996,0
                19.962438,50.029003,0
                19.962436,50.029009,0
                19.962431,50.029016,0
                19.962425,50.029021,0
                19.962418,50.029026,0
                19.96241,50.02903,0
                19.962401,50.029033,0
                19.962391,50.029034,0
                19.96238,50.029035,0
              </coordinates>
            </LinearRing>
          </outerBoundaryIs>
        </Polygon>
      </Placemark>
      <Placemark>
        <name/>
        <description><![CDATA[opis: <br>Id: 0<br>Nr: 0<br>Opis: <br>Nr_ok: <br>Opis_ok: <br>zmiany_1: 0<br>Zmiany: ]]></description>
        <styleUrl>#poly-424242-1200-145</styleUrl>
        <ExtendedData>
          <Data name="opis">
            <value/>
          </Data>
          <Data name="Id">
            <value>0</value>
          </Data>
          <Data name="Nr">
            <value>0</value>
          </Data>
          <Data name="Opis">
            <value/>
          </Data>
          <Data name="Nr_ok">
            <value/>
          </Data>
          <Data name="Opis_ok">
            <value/>
          </Data>
          <Data name="zmiany_1">
            <value>0</value>
          </Data>
          <Data name="Zmiany">
            <value/>
          </Data>
        </ExtendedData>
        <Polygon>
          <outerBoundaryIs>
            <LinearRing>
              <tessellate>1</tessellate>
              <coordinates>
                19.962114,50.029169,0
                19.962104,50.029168,0
                19.962094,50.029166,0
                19.962084,50.029164,0
                19.962076,50.02916,0
                19.962069,50.029155,0
                19.962063,50.02915,0
                19.962058,50.029144,0
                19.962055,50.029138,0
                19.962054,50.029131,0
                19.962055,50.029124,0
                19.962058,50.029118,0
                19.962062,50.029112,0
                19.962068,50.029106,0
                19.962075,50.029102,0
                19.962083,50.029098,0
                19.962092,50.029095,0
                19.962102,50.029093,0
                19.962113,50.029092,0
                19.962123,50.029093,0
                19.962133,50.029095,0
                19.962142,50.029097,0
                19.962151,50.029101,0
                19.962158,50.029106,0
                19.962164,50.029111,0
                19.962169,50.029117,0
                19.962171,50.029123,0
                19.962172,50.02913,0
                19.962172,50.029137,0
                19.962169,50.029143,0
                19.962165,50.029149,0
                19.962159,50.029155,0
                19.962152,50.029159,0
                19.962144,50.029163,0
                19.962134,50.029166,0
                19.962124,50.029168,0
                19.962114,50.029169,0
              </coordinates>
            </LinearRing>
          </outerBoundaryIs>
        </Polygon>
      </Placemark>
      <Placemark>
        <name/>
        <description><![CDATA[opis: <br>Id: 0<br>Nr: 0<br>Opis: <br>Nr_ok: <br>Opis_ok: <br>zmiany_1: 0<br>Zmiany: ]]></description>
        <styleUrl>#poly-424242-1200-145</styleUrl>
        <ExtendedData>
          <Data name="opis">
            <value/>
          </Data>
          <Data name="Id">
            <value>0</value>
          </Data>
          <Data name="Nr">
            <value>0</value>
          </Data>
          <Data name="Opis">
            <value/>
          </Data>
          <Data name="Nr_ok">
            <value/>
          </Data>
          <Data name="Opis_ok">
            <value/>
          </Data>
          <Data name="zmiany_1">
            <value>0</value>
          </Data>
          <Data name="Zmiany">
            <value/>
          </Data>
        </ExtendedData>
        <Polygon>
          <outerBoundaryIs>
            <LinearRing>
              <tessellate>1</tessellate>
              <coordinates>
                19.962243,50.029103,0
                19.962233,50.029102,0
                19.962223,50.029101,0
                19.962213,50.029098,0
                19.962205,50.029094,0
                19.962197,50.02909,0
                19.962191,50.029084,0
                19.962187,50.029078,0
                19.962184,50.029072,0
                19.962183,50.029065,0
                19.962184,50.029059,0
                19.962186,50.029052,0
                19.962191,50.029046,0
                19.962196,50.029041,0
                19.962204,50.029036,0
                19.962212,50.029032,0
                19.962221,50.029029,0
                19.962231,50.029027,0
                19.962241,50.029027,0
                19.962252,50.029027,0
                19.962262,50.029029,0
                19.962271,50.029031,0
                19.96228,50.029035,0
                19.962287,50.02904,0
                19.962293,50.029045,0
                19.962297,50.029051,0
                19.9623,50.029058,0
                19.962301,50.029064,0
                19.9623,50.029071,0
                19.962298,50.029077,0
                19.962294,50.029083,0
                19.962288,50.029089,0
                19.962281,50.029094,0
                19.962272,50.029097,0
                19.962263,50.0291,0
                19.962253,50.029102,0
                19.962243,50.029103,0
              </coordinates>
            </LinearRing>
          </outerBoundaryIs>
        </Polygon>
      </Placemark>
      <Placemark>
        <name/>
        <description><![CDATA[opis: <br>Id: 0<br>Nr: 0<br>Opis: <br>Nr_ok: <br>Opis_ok: <br>zmiany_1: 0<br>Zmiany: ]]></description>
        <styleUrl>#poly-424242-1200-145</styleUrl>
        <ExtendedData>
          <Data name="opis">
            <value/>
          </Data>
          <Data name="Id">
            <value>0</value>
          </Data>
          <Data name="Nr">
            <value>0</value>
          </Data>
          <Data name="Opis">
            <value/>
          </Data>
          <Data name="Nr_ok">
            <value/>
          </Data>
          <Data name="Opis_ok">
            <value/>
          </Data>
          <Data name="zmiany_1">
            <value>0</value>
          </Data>
          <Data name="Zmiany">
            <value/>
          </Data>
        </ExtendedData>
        <Polygon>
          <outerBoundaryIs>
            <LinearRing>
              <tessellate>1</tessellate>
              <coordinates>
                19.962147,50.029035,0
                19.962137,50.029035,0
                19.962127,50.029033,0
                19.962117,50.02903,0
                19.962109,50.029026,0
                19.962101,50.029022,0
                19.962095,50.029016,0
                19.962091,50.02901,0
                19.962088,50.029004,0
                19.962087,50.028997,0
                19.962088,50.028991,0
                19.96209,50.028984,0
                19.962095,50.028978,0
                19.9621,50.028973,0
                19.962108,50.028968,0
                19.962116,50.028964,0
                19.962125,50.028961,0
                19.962135,50.02896,0
                19.962145,50.028959,0
                19.962156,50.028959,0
                19.962166,50.028961,0
                19.962175,50.028964,0
                19.962184,50.028967,0
                19.962191,50.028972,0
                19.962197,50.028977,0
                19.962201,50.028983,0
                19.962204,50.02899,0
                19.962205,50.028996,0
                19.962205,50.029003,0
                19.962202,50.029009,0
                19.962198,50.029016,0
                19.962192,50.029021,0
                19.962185,50.029026,0
                19.962176,50.02903,0
                19.962167,50.029033,0
                19.962157,50.029034,0
                19.962147,50.029035,0
              </coordinates>
            </LinearRing>
          </outerBoundaryIs>
        </Polygon>
      </Placemark>
      <Placemark>
        <name/>
        <description><![CDATA[opis: <br>Id: 0<br>Nr: 0<br>Opis: <br>Nr_ok: <br>Opis_ok: <br>zmiany_1: 0<br>Zmiany: ]]></description>
        <styleUrl>#poly-424242-1200-145</styleUrl>
        <ExtendedData>
          <Data name="opis">
            <value/>
          </Data>
          <Data name="Id">
            <value>0</value>
          </Data>
          <Data name="Nr">
            <value>0</value>
          </Data>
          <Data name="Opis">
            <value/>
          </Data>
          <Data name="Nr_ok">
            <value/>
          </Data>
          <Data name="Opis_ok">
            <value/>
          </Data>
          <Data name="zmiany_1">
            <value>0</value>
          </Data>
          <Data name="Zmiany">
            <value/>
          </Data>
        </ExtendedData>
        <Polygon>
          <outerBoundaryIs>
            <LinearRing>
              <tessellate>1</tessellate>
              <coordinates>
                19.962593,50.029037,0
                19.962583,50.029037,0
                19.962573,50.029035,0
                19.962564,50.029032,0
                19.962555,50.029028,0
                19.962548,50.029024,0
                19.962542,50.029018,0
                19.962537,50.029012,0
                19.962534,50.029006,0
                19.962533,50.028999,0
                19.962534,50.028993,0
                19.962537,50.028986,0
                19.962541,50.02898,0
                19.962547,50.028975,0
                19.962554,50.02897,0
                19.962562,50.028966,0
                19.962572,50.028963,0
                19.962582,50.028962,0
                19.962592,50.028961,0
                19.962602,50.028961,0
                19.962612,50.028963,0
                19.962621,50.028966,0
                19.96263,50.028969,0
                19.962637,50.028974,0
                19.962643,50.028979,0
                19.962648,50.028985,0
                19.962651,50.028992,0
                19.962652,50.028998,0
                19.962651,50.029005,0
                19.962648,50.029011,0
                19.962644,50.029018,0
                19.962638,50.029023,0
                19.962631,50.029028,0
                19.962623,50.029032,0
                19.962614,50.029035,0
                19.962604,50.029036,0
                19.962593,50.029037,0
              </coordinates>
            </LinearRing>
          </outerBoundaryIs>
        </Polygon>
      </Placemark>
      <Placemark>
        <name/>
        <description><![CDATA[opis: <br>Id: 0<br>Nr: 0<br>Opis: <br>Nr_ok: <br>Opis_ok: <br>zmiany_1: 0<br>Zmiany: ]]></description>
        <styleUrl>#poly-424242-1200-145</styleUrl>
        <ExtendedData>
          <Data name="opis">
            <value/>
          </Data>
          <Data name="Id">
            <value>0</value>
          </Data>
          <Data name="Nr">
            <value>0</value>
          </Data>
          <Data name="Opis">
            <value/>
          </Data>
          <Data name="Nr_ok">
            <value/>
          </Data>
          <Data name="Opis_ok">
            <value/>
          </Data>
          <Data name="zmiany_1">
            <value>0</value>
          </Data>
          <Data name="Zmiany">
            <value/>
          </Data>
        </ExtendedData>
        <Polygon>
          <outerBoundaryIs>
            <LinearRing>
              <tessellate>1</tessellate>
              <coordinates>
                19.962713,50.028977,0
                19.962703,50.028976,0
                19.962693,50.028975,0
                19.962684,50.028972,0
                19.962675,50.028968,0
                19.962668,50.028964,0
                19.962662,50.028958,0
                19.962657,50.028952,0
                19.962655,50.028946,0
                19.962653,50.028939,0
                19.962654,50.028933,0
                19.962657,50.028926,0
                19.962661,50.02892,0
                19.962667,50.028915,0
                19.962674,50.02891,0
                19.962682,50.028906,0
                19.962692,50.028903,0
                19.962702,50.028901,0
                19.962712,50.028901,0
                19.962722,50.028901,0
                19.962732,50.028903,0
                19.962741,50.028906,0
                19.96275,50.028909,0
                19.962757,50.028914,0
                19.962763,50.028919,0
                19.962768,50.028925,0
                19.962771,50.028932,0
                19.962772,50.028938,0
                19.962771,50.028945,0
                19.962768,50.028951,0
                19.962764,50.028958,0
                19.962758,50.028963,0
                19.962751,50.028968,0
                19.962743,50.028972,0
                19.962734,50.028975,0
                19.962724,50.028976,0
                19.962713,50.028977,0
              </coordinates>
            </LinearRing>
          </outerBoundaryIs>
        </Polygon>
      </Placemark>
      <Placemark>
        <name/>
        <description><![CDATA[opis: <br>Id: 0<br>Nr: 0<br>Opis: <br>Nr_ok: <br>Opis_ok: <br>zmiany_1: 1<br>Zmiany: ]]></description>
        <styleUrl>#poly-424242-1200-145</styleUrl>
        <ExtendedData>
          <Data name="opis">
            <value/>
          </Data>
          <Data name="Id">
            <value>0</value>
          </Data>
          <Data name="Nr">
            <value>0</value>
          </Data>
          <Data name="Opis">
            <value/>
          </Data>
          <Data name="Nr_ok">
            <value/>
          </Data>
          <Data name="Opis_ok">
            <value/>
          </Data>
          <Data name="zmiany_1">
            <value>1</value>
          </Data>
          <Data name="Zmiany">
            <value/>
          </Data>
        </ExtendedData>
        <Polygon>
          <outerBoundaryIs>
            <LinearRing>
              <tessellate>1</tessellate>
              <coordinates>
                19.962293,50.028973,0
                19.962283,50.028972,0
                19.962273,50.028971,0
                19.962264,50.028968,0
                19.962255,50.028964,0
                19.962248,50.02896,0
                19.962242,50.028954,0
                19.962237,50.028948,0
                19.962235,50.028942,0
                19.962234,50.028935,0
                19.962234,50.028929,0
                19.962237,50.028922,0
                19.962241,50.028916,0
                19.962247,50.028911,0
                19.962254,50.028906,0
                19.962263,50.028902,0
                19.962272,50.028899,0
                19.962282,50.028897,0
                19.962292,50.028897,0
                19.962302,50.028897,0
                19.962312,50.028899,0
                19.962322,50.028902,0
                19.96233,50.028905,0
                19.962338,50.02891,0
                19.962344,50.028915,0
                19.962348,50.028921,0
                19.962351,50.028928,0
                19.962352,50.028934,0
                19.962351,50.028941,0
                19.962349,50.028947,0
                19.962344,50.028953,0
                19.962338,50.028959,0
                19.962331,50.028964,0
                19.962323,50.028968,0
                19.962314,50.02897,0
                19.962304,50.028972,0
                19.962293,50.028973,0
              </coordinates>
            </LinearRing>
          </outerBoundaryIs>
        </Polygon>
      </Placemark>
      <Placemark>
        <name/>
        <description><![CDATA[opis: <br>Id: 0<br>Nr: 0<br>Opis: <br>Nr_ok: <br>Opis_ok: <br>zmiany_1: 1<br>Zmiany: ]]></description>
        <styleUrl>#poly-424242-1200-145</styleUrl>
        <ExtendedData>
          <Data name="opis">
            <value/>
          </Data>
          <Data name="Id">
            <value>0</value>
          </Data>
          <Data name="Nr">
            <value>0</value>
          </Data>
          <Data name="Opis">
            <value/>
          </Data>
          <Data name="Nr_ok">
            <value/>
          </Data>
          <Data name="Opis_ok">
            <value/>
          </Data>
          <Data name="zmiany_1">
            <value>1</value>
          </Data>
          <Data name="Zmiany">
            <value/>
          </Data>
        </ExtendedData>
        <Polygon>
          <outerBoundaryIs>
            <LinearRing>
              <tessellate>1</tessellate>
              <coordinates>
                19.962495,50.028973,0
                19.962484,50.028973,0
                19.962474,50.028971,0
                19.962465,50.028968,0
                19.962456,50.028964,0
                19.962449,50.02896,0
                19.962443,50.028954,0
                19.962438,50.028948,0
                19.962436,50.028942,0
                19.962435,50.028935,0
                19.962435,50.028929,0
                19.962438,50.028922,0
                19.962442,50.028916,0
                19.962448,50.028911,0
                19.962455,50.028906,0
                19.962464,50.028902,0
                19.962473,50.028899,0
                19.962483,50.028898,0
                19.962493,50.028897,0
                19.962503,50.028897,0
                19.962513,50.028899,0
                19.962523,50.028902,0
                19.962531,50.028906,0
                19.962539,50.02891,0
                19.962545,50.028916,0
                19.962549,50.028922,0
                19.962552,50.028928,0
                19.962553,50.028935,0
                19.962552,50.028941,0
                19.96255,50.028948,0
                19.962545,50.028954,0
                19.96254,50.028959,0
                19.962532,50.028964,0
                19.962524,50.028968,0
                19.962515,50.028971,0
                19.962505,50.028972,0
                19.962495,50.028973,0
              </coordinates>
            </LinearRing>
          </outerBoundaryIs>
        </Polygon>
      </Placemark>
      <Placemark>
        <name/>
        <description><![CDATA[opis: <br>Id: 0<br>Nr: 0<br>Opis: <br>Nr_ok: <br>Opis_ok: <br>zmiany_1: 0<br>Zmiany: ]]></description>
        <styleUrl>#poly-424242-1200-145</styleUrl>
        <ExtendedData>
          <Data name="opis">
            <value/>
          </Data>
          <Data name="Id">
            <value>0</value>
          </Data>
          <Data name="Nr">
            <value>0</value>
          </Data>
          <Data name="Opis">
            <value/>
          </Data>
          <Data name="Nr_ok">
            <value/>
          </Data>
          <Data name="Opis_ok">
            <value/>
          </Data>
          <Data name="zmiany_1">
            <value>0</value>
          </Data>
          <Data name="Zmiany">
            <value/>
          </Data>
        </ExtendedData>
        <Polygon>
          <outerBoundaryIs>
            <LinearRing>
              <tessellate>1</tessellate>
              <coordinates>
                19.962084,50.029304,0
                19.962074,50.029304,0
                19.962064,50.029302,0
                19.962055,50.029299,0
                19.962046,50.029295,0
                19.962039,50.029291,0
                19.962033,50.029285,0
                19.962028,50.029279,0
                19.962025,50.029273,0
                19.962024,50.029266,0
                19.962025,50.02926,0
                19.962028,50.029253,0
                19.962032,50.029247,0
                19.962038,50.029242,0
                19.962045,50.029237,0
                19.962053,50.029233,0
                19.962063,50.02923,0
                19.962073,50.029229,0
                19.962083,50.029228,0
                19.962093,50.029228,0
                19.962103,50.02923,0
                19.962112,50.029233,0
                19.962121,50.029236,0
                19.962128,50.029241,0
                19.962134,50.029246,0
                19.962139,50.029252,0
                19.962142,50.029259,0
                19.962143,50.029265,0
                19.962142,50.029272,0
                19.962139,50.029279,0
                19.962135,50.029285,0
                19.962129,50.02929,0
                19.962122,50.029295,0
                19.962114,50.029299,0
                19.962104,50.029302,0
                19.962095,50.029303,0
                19.962084,50.029304,0
              </coordinates>
            </LinearRing>
          </outerBoundaryIs>
        </Polygon>
      </Placemark>
      <Placemark>
        <name/>
        <description><![CDATA[opis: <br>Id: 0<br>Nr: 0<br>Opis: <br>Nr_ok: <br>Opis_ok: <br>zmiany_1: 0<br>Zmiany: ]]></description>
        <styleUrl>#poly-424242-1200-145</styleUrl>
        <ExtendedData>
          <Data name="opis">
            <value/>
          </Data>
          <Data name="Id">
            <value>0</value>
          </Data>
          <Data name="Nr">
            <value>0</value>
          </Data>
          <Data name="Opis">
            <value/>
          </Data>
          <Data name="Nr_ok">
            <value/>
          </Data>
          <Data name="Opis_ok">
            <value/>
          </Data>
          <Data name="zmiany_1">
            <value>0</value>
          </Data>
          <Data name="Zmiany">
            <value/>
          </Data>
        </ExtendedData>
        <Polygon>
          <outerBoundaryIs>
            <LinearRing>
              <tessellate>1</tessellate>
              <coordinates>
                19.961994,50.029236,0
                19.961984,50.029236,0
                19.961974,50.029234,0
                19.961965,50.029231,0
                19.961956,50.029228,0
                19.961949,50.029223,0
                19.961943,50.029218,0
                19.961938,50.029212,0
                19.961935,50.029205,0
                19.961934,50.029199,0
                19.961935,50.029192,0
                19.961938,50.029186,0
                19.961942,50.02918,0
                19.961948,50.029174,0
                19.961955,50.029169,0
                19.961963,50.029165,0
                19.961973,50.029163,0
                19.961982,50.029161,0
                19.961993,50.02916,0
                19.962003,50.029161,0
                19.962013,50.029162,0
                19.962022,50.029165,0
                19.962031,50.029169,0
                19.962038,50.029173,0
                19.962044,50.029179,0
                19.962049,50.029185,0
                19.962052,50.029191,0
                19.962053,50.029198,0
                19.962052,50.029204,0
                19.962049,50.029211,0
                19.962045,50.029217,0
                19.962039,50.029222,0
                19.962032,50.029227,0
                19.962024,50.029231,0
                19.962014,50.029234,0
                19.962005,50.029236,0
                19.961994,50.029236,0
              </coordinates>
            </LinearRing>
          </outerBoundaryIs>
        </Polygon>
      </Placemark>
      <Placemark>
        <name/>
        <description><![CDATA[opis: <br>Id: 0<br>Nr: 0<br>Opis: <br>Nr_ok: <br>Opis_ok: <br>zmiany_1: 1<br>Zmiany: ]]></description>
        <styleUrl>#poly-424242-1200-145</styleUrl>
        <ExtendedData>
          <Data name="opis">
            <value/>
          </Data>
          <Data name="Id">
            <value>0</value>
          </Data>
          <Data name="Nr">
            <value>0</value>
          </Data>
          <Data name="Opis">
            <value/>
          </Data>
          <Data name="Nr_ok">
            <value/>
          </Data>
          <Data name="Opis_ok">
            <value/>
          </Data>
          <Data name="zmiany_1">
            <value>1</value>
          </Data>
          <Data name="Zmiany">
            <value/>
          </Data>
        </ExtendedData>
        <Polygon>
          <outerBoundaryIs>
            <LinearRing>
              <tessellate>1</tessellate>
              <coordinates>
                19.961928,50.029033,0
                19.961922,50.029033,0
                19.961916,50.029032,0
                19.96191,50.02903,0
                19.961905,50.029028,0
                19.961901,50.029025,0
                19.961897,50.029022,0
                19.961894,50.029018,0
                19.961893,50.029014,0
                19.961892,50.02901,0
                19.961893,50.029006,0
                19.961894,50.029003,0
                19.961897,50.028999,0
                19.9619,50.028996,0
                19.961904,50.028993,0
                19.961909,50.02899,0
                19.961915,50.028989,0
                19.961921,50.028988,0
                19.961927,50.028987,0
                19.961933,50.028988,0
                19.961939,50.028989,0
                19.961945,50.02899,0
                19.96195,50.028992,0
                19.961955,50.028995,0
                19.961958,50.028998,0
                19.961961,50.029002,0
                19.961963,50.029006,0
                19.961963,50.02901,0
                19.961963,50.029014,0
                19.961961,50.029018,0
                19.961959,50.029021,0
                19.961955,50.029025,0
                19.961951,50.029028,0
                19.961946,50.02903,0
                19.96194,50.029032,0
                19.961934,50.029033,0
                19.961928,50.029033,0
              </coordinates>
            </LinearRing>
          </outerBoundaryIs>
        </Polygon>
      </Placemark>
      <Placemark>
        <name/>
        <description><![CDATA[opis: <br>Id: 0<br>Nr: 0<br>Opis: <br>Nr_ok: <br>Opis_ok: <br>zmiany_1: 1<br>Zmiany: ]]></description>
        <styleUrl>#poly-424242-1200-145</styleUrl>
        <ExtendedData>
          <Data name="opis">
            <value/>
          </Data>
          <Data name="Id">
            <value>0</value>
          </Data>
          <Data name="Nr">
            <value>0</value>
          </Data>
          <Data name="Opis">
            <value/>
          </Data>
          <Data name="Nr_ok">
            <value/>
          </Data>
          <Data name="Opis_ok">
            <value/>
          </Data>
          <Data name="zmiany_1">
            <value>1</value>
          </Data>
          <Data name="Zmiany">
            <value/>
          </Data>
        </ExtendedData>
        <Polygon>
          <outerBoundaryIs>
            <LinearRing>
              <tessellate>1</tessellate>
              <coordinates>
                19.962417,50.028783,0
                19.962411,50.028783,0
                19.962405,50.028782,0
                19.962399,50.02878,0
                19.962394,50.028778,0
                19.962389,50.028775,0
                19.962386,50.028772,0
                19.962383,50.028769,0
                19.962381,50.028765,0
                19.962381,50.028761,0
                19.962381,50.028757,0
                19.962383,50.028753,0
                19.962385,50.028749,0
                19.962389,50.028746,0
                19.962393,50.028743,0
                19.962398,50.028741,0
                19.962404,50.028739,0
                19.96241,50.028738,0
                19.962416,50.028738,0
                19.962422,50.028738,0
                19.962428,50.028739,0
                19.962434,50.02874,0
                19.962439,50.028743,0
                19.962443,50.028745,0
                19.962447,50.028749,0
                19.96245,50.028752,0
                19.962451,50.028756,0
                19.962452,50.02876,0
                19.962451,50.028764,0
                19.96245,50.028768,0
                19.962447,50.028772,0
                19.962444,50.028775,0
                19.96244,50.028778,0
                19.962435,50.02878,0
                19.962429,50.028782,0
                19.962423,50.028783,0
                19.962417,50.028783,0
              </coordinates>
            </LinearRing>
          </outerBoundaryIs>
        </Polygon>
      </Placemark>
      <Placemark>
        <name/>
        <description><![CDATA[opis: <br>Id: 0<br>Nr: 0<br>Opis: <br>Nr_ok: <br>Opis_ok: <br>zmiany_1: 1<br>Zmiany: ]]></description>
        <styleUrl>#poly-424242-1200-145</styleUrl>
        <ExtendedData>
          <Data name="opis">
            <value/>
          </Data>
          <Data name="Id">
            <value>0</value>
          </Data>
          <Data name="Nr">
            <value>0</value>
          </Data>
          <Data name="Opis">
            <value/>
          </Data>
          <Data name="Nr_ok">
            <value/>
          </Data>
          <Data name="Opis_ok">
            <value/>
          </Data>
          <Data name="zmiany_1">
            <value>1</value>
          </Data>
          <Data name="Zmiany">
            <value/>
          </Data>
        </ExtendedData>
        <Polygon>
          <outerBoundaryIs>
            <LinearRing>
              <tessellate>1</tessellate>
              <coordinates>
                19.961998,50.028989,0
                19.961992,50.028988,0
                19.961986,50.028987,0
                19.96198,50.028986,0
                19.961975,50.028984,0
                19.961971,50.028981,0
                19.961967,50.028977,0
                19.961964,50.028974,0
                19.961963,50.02897,0
                19.961962,50.028966,0
                19.961963,50.028962,0
                19.961964,50.028958,0
                19.961967,50.028955,0
                19.96197,50.028951,0
                19.961974,50.028948,0
                19.96198,50.028946,0
                19.961985,50.028944,0
                19.961991,50.028943,0
                19.961997,50.028943,0
                19.962003,50.028943,0
                19.962009,50.028944,0
                19.962015,50.028946,0
                19.96202,50.028948,0
                19.962025,50.028951,0
                19.962028,50.028954,0
                19.962031,50.028958,0
                19.962033,50.028962,0
                19.962033,50.028965,0
                19.962033,50.028969,0
                19.962031,50.028973,0
                19.962029,50.028977,0
                19.962025,50.02898,0
                19.962021,50.028983,0
                19.962016,50.028985,0
                19.96201,50.028987,0
                19.962004,50.028988,0
                19.961998,50.028989,0
              </coordinates>
            </LinearRing>
          </outerBoundaryIs>
        </Polygon>
      </Placemark>
      <Placemark>
        <name/>
        <description><![CDATA[opis: <br>Id: 0<br>Nr: 0<br>Opis: <br>Nr_ok: <br>Opis_ok: <br>zmiany_1: 1<br>Zmiany: ]]></description>
        <styleUrl>#poly-424242-1200-145</styleUrl>
        <ExtendedData>
          <Data name="opis">
            <value/>
          </Data>
          <Data name="Id">
            <value>0</value>
          </Data>
          <Data name="Nr">
            <value>0</value>
          </Data>
          <Data name="Opis">
            <value/>
          </Data>
          <Data name="Nr_ok">
            <value/>
          </Data>
          <Data name="Opis_ok">
            <value/>
          </Data>
          <Data name="zmiany_1">
            <value>1</value>
          </Data>
          <Data name="Zmiany">
            <value/>
          </Data>
        </ExtendedData>
        <Polygon>
          <outerBoundaryIs>
            <LinearRing>
              <tessellate>1</tessellate>
              <coordinates>
                19.962059,50.02895,0
                19.962053,50.02895,0
                19.962047,50.028949,0
                19.962042,50.028947,0
                19.962037,50.028945,0
                19.962032,50.028942,0
                19.962028,50.028939,0
                19.962026,50.028935,0
                19.962024,50.028931,0
                19.962023,50.028927,0
                19.962024,50.028923,0
                19.962025,50.02892,0
                19.962028,50.028916,0
                19.962031,50.028913,0
                19.962036,50.02891,0
                19.962041,50.028907,0
                19.962046,50.028906,0
                19.962052,50.028905,0
                19.962059,50.028904,0
                19.962065,50.028905,0
                19.962071,50.028906,0
                19.962076,50.028907,0
                19.962082,50.028909,0
                19.962086,50.028912,0
                19.96209,50.028915,0
                19.962092,50.028919,0
                19.962094,50.028923,0
                19.962095,50.028927,0
                19.962094,50.028931,0
                19.962093,50.028935,0
                19.96209,50.028938,0
                19.962087,50.028942,0
                19.962082,50.028945,0
                19.962077,50.028947,0
                19.962072,50.028949,0
                19.962066,50.02895,0
                19.962059,50.02895,0
              </coordinates>
            </LinearRing>
          </outerBoundaryIs>
        </Polygon>
      </Placemark>
      <Placemark>
        <name/>
        <description><![CDATA[opis: <br>Id: 0<br>Nr: 0<br>Opis: <br>Nr_ok: <br>Opis_ok: <br>zmiany_1: 1<br>Zmiany: ]]></description>
        <styleUrl>#poly-424242-1200-145</styleUrl>
        <ExtendedData>
          <Data name="opis">
            <value/>
          </Data>
          <Data name="Id">
            <value>0</value>
          </Data>
          <Data name="Nr">
            <value>0</value>
          </Data>
          <Data name="Opis">
            <value/>
          </Data>
          <Data name="Nr_ok">
            <value/>
          </Data>
          <Data name="Opis_ok">
            <value/>
          </Data>
          <Data name="zmiany_1">
            <value>1</value>
          </Data>
          <Data name="Zmiany">
            <value/>
          </Data>
        </ExtendedData>
        <Polygon>
          <outerBoundaryIs>
            <LinearRing>
              <tessellate>1</tessellate>
              <coordinates>
                19.962144,50.028908,0
                19.962138,50.028907,0
                19.962132,50.028906,0
                19.962127,50.028905,0
                19.962121,50.028902,0
                19.962117,50.0289,0
                19.962113,50.028896,0
                19.962111,50.028893,0
                19.962109,50.028889,0
                19.962108,50.028885,0
                19.962109,50.028881,0
                19.96211,50.028877,0
                19.962113,50.028873,0
                19.962116,50.02887,0
                19.962121,50.028867,0
                19.962126,50.028865,0
                19.962131,50.028863,0
                19.962137,50.028862,0
                19.962143,50.028862,0
                19.96215,50.028862,0
                19.962156,50.028863,0
                19.962161,50.028865,0
                19.962166,50.028867,0
                19.962171,50.02887,0
                19.962175,50.028873,0
                19.962177,50.028876,0
                19.962179,50.02888,0
                19.96218,50.028884,0
                19.962179,50.028888,0
                19.962178,50.028892,0
                19.962175,50.028896,0
                19.962171,50.028899,0
                19.962167,50.028902,0
                19.962162,50.028904,0
                19.962157,50.028906,0
                19.962151,50.028907,0
                19.962144,50.028908,0
              </coordinates>
            </LinearRing>
          </outerBoundaryIs>
        </Polygon>
      </Placemark>
      <Placemark>
        <name/>
        <description><![CDATA[opis: <br>Id: 0<br>Nr: 0<br>Opis: <br>Nr_ok: <br>Opis_ok: <br>zmiany_1: 1<br>Zmiany: ]]></description>
        <styleUrl>#poly-424242-1200-145</styleUrl>
        <ExtendedData>
          <Data name="opis">
            <value/>
          </Data>
          <Data name="Id">
            <value>0</value>
          </Data>
          <Data name="Nr">
            <value>0</value>
          </Data>
          <Data name="Opis">
            <value/>
          </Data>
          <Data name="Nr_ok">
            <value/>
          </Data>
          <Data name="Opis_ok">
            <value/>
          </Data>
          <Data name="zmiany_1">
            <value>1</value>
          </Data>
          <Data name="Zmiany">
            <value/>
          </Data>
        </ExtendedData>
        <Polygon>
          <outerBoundaryIs>
            <LinearRing>
              <tessellate>1</tessellate>
              <coordinates>
                19.962223,50.028865,0
                19.962217,50.028865,0
                19.96221,50.028864,0
                19.962204,50.028862,0
                19.962198,50.028859,0
                19.962194,50.028856,0
                19.96219,50.028853,0
                19.962187,50.028849,0
                19.962185,50.028845,0
                19.962184,50.02884,0
                19.962185,50.028836,0
                19.962186,50.028832,0
                19.962189,50.028828,0
                19.962193,50.028824,0
                19.962198,50.028821,0
                19.962203,50.028819,0
                19.962209,50.028817,0
                19.962216,50.028816,0
                19.962222,50.028815,0
                19.962229,50.028816,0
                19.962236,50.028817,0
                19.962242,50.028818,0
                19.962247,50.028821,0
                19.962252,50.028824,0
                19.962256,50.028827,0
                19.962259,50.028831,0
                19.962261,50.028836,0
                19.962261,50.02884,0
                19.962261,50.028844,0
                19.962259,50.028848,0
                19.962256,50.028852,0
                19.962253,50.028856,0
                19.962248,50.028859,0
                19.962243,50.028861,0
                19.962236,50.028863,0
                19.96223,50.028865,0
                19.962223,50.028865,0
              </coordinates>
            </LinearRing>
          </outerBoundaryIs>
        </Polygon>
      </Placemark>
      <Placemark>
        <name/>
        <description><![CDATA[opis: <br>Id: 0<br>Nr: 0<br>Opis: <br>Nr_ok: <br>Opis_ok: <br>zmiany_1: 1<br>Zmiany: ]]></description>
        <styleUrl>#poly-424242-1200-145</styleUrl>
        <ExtendedData>
          <Data name="opis">
            <value/>
          </Data>
          <Data name="Id">
            <value>0</value>
          </Data>
          <Data name="Nr">
            <value>0</value>
          </Data>
          <Data name="Opis">
            <value/>
          </Data>
          <Data name="Nr_ok">
            <value/>
          </Data>
          <Data name="Opis_ok">
            <value/>
          </Data>
          <Data name="zmiany_1">
            <value>1</value>
          </Data>
          <Data name="Zmiany">
            <value/>
          </Data>
        </ExtendedData>
        <Polygon>
          <outerBoundaryIs>
            <LinearRing>
              <tessellate>1</tessellate>
              <coordinates>
                19.962314,50.02882,0
                19.962307,50.02882,0
                19.962301,50.028819,0
                19.962295,50.028817,0
                19.962289,50.028815,0
                19.962284,50.028812,0
                19.96228,50.028808,0
                19.962278,50.028804,0
                19.962276,50.0288,0
                19.962275,50.028796,0
                19.962276,50.028792,0
                19.962277,50.028787,0
                19.96228,50.028783,0
                19.962284,50.02878,0
                19.962288,50.028777,0
                19.962294,50.028774,0
                19.9623,50.028772,0
                19.962306,50.028771,0
                19.962313,50.028771,0
                19.96232,50.028771,0
                19.962326,50.028772,0
                19.962332,50.028774,0
                19.962338,50.028776,0
                19.962343,50.028779,0
                19.962347,50.028783,0
                19.96235,50.028787,0
                19.962351,50.028791,0
                19.962352,50.028795,0
                19.962352,50.0288,0
                19.96235,50.028804,0
                19.962347,50.028808,0
                19.962343,50.028811,0
                19.962339,50.028814,0
                19.962333,50.028817,0
                19.962327,50.028819,0
                19.962321,50.02882,0
                19.962314,50.02882,0
              </coordinates>
            </LinearRing>
          </outerBoundaryIs>
        </Polygon>
      </Placemark>
      <Placemark>
        <name/>
        <description><![CDATA[opis: <br>Id: 0<br>Nr: 87<br>Opis: szczotkarnia<br>Nr_ok: 87<br>Opis_ok: 87 - szczotkarnia<br>zmiany_1: 0<br>Zmiany: ]]></description>
        <styleUrl>#poly-424242-1200-145</styleUrl>
        <ExtendedData>
          <Data name="opis">
            <value/>
          </Data>
          <Data name="Id">
            <value>0</value>
          </Data>
          <Data name="Nr">
            <value>87</value>
          </Data>
          <Data name="Opis">
            <value>szczotkarnia</value>
          </Data>
          <Data name="Nr_ok">
            <value>87</value>
          </Data>
          <Data name="Opis_ok">
            <value>87 - szczotkarnia</value>
          </Data>
          <Data name="zmiany_1">
            <value>0</value>
          </Data>
          <Data name="Zmiany">
            <value/>
          </Data>
        </ExtendedData>
        <Polygon>
          <outerBoundaryIs>
            <LinearRing>
              <tessellate>1</tessellate>
              <coordinates>
                19.960599,50.02957,0
                19.960637,50.029494,0
                19.960862,50.029539,0
                19.960824,50.029616,0
                19.960599,50.02957,0
              </coordinates>
            </LinearRing>
          </outerBoundaryIs>
        </Polygon>
      </Placemark>
      <Placemark>
        <name/>
        <description><![CDATA[opis: <br>Id: 0<br>Nr: 88<br>Opis: piwnica na ziemniaki<br>Nr_ok: 88<br>Opis_ok: 88 - piwnica na ziemniaki<br>zmiany_1: 0<br>Zmiany: ]]></description>
        <styleUrl>#poly-424242-1200-145</styleUrl>
        <ExtendedData>
          <Data name="opis">
            <value/>
          </Data>
          <Data name="Id">
            <value>0</value>
          </Data>
          <Data name="Nr">
            <value>88</value>
          </Data>
          <Data name="Opis">
            <value>piwnica na ziemniaki</value>
          </Data>
          <Data name="Nr_ok">
            <value>88</value>
          </Data>
          <Data name="Opis_ok">
            <value>88 - piwnica na ziemniaki</value>
          </Data>
          <Data name="zmiany_1">
            <value>0</value>
          </Data>
          <Data name="Zmiany">
            <value/>
          </Data>
        </ExtendedData>
        <Polygon>
          <outerBoundaryIs>
            <LinearRing>
              <tessellate>1</tessellate>
              <coordinates>
                19.96021,50.029787,0
                19.961092,50.029663,0
                19.961158,50.029858,0
                19.960276,50.029981,0
                19.96021,50.029787,0
              </coordinates>
            </LinearRing>
          </outerBoundaryIs>
        </Polygon>
      </Placemark>
      <Placemark>
        <name/>
        <description><![CDATA[opis: <br>Id: 0<br>Nr: 60<br>Opis: wartowania<br>Nr_ok: 60<br>Opis_ok: 60 - wartowania<br>zmiany_1: 0<br>Zmiany: ]]></description>
        <styleUrl>#poly-424242-1200-145</styleUrl>
        <ExtendedData>
          <Data name="opis">
            <value/>
          </Data>
          <Data name="Id">
            <value>0</value>
          </Data>
          <Data name="Nr">
            <value>60</value>
          </Data>
          <Data name="Opis">
            <value>wartowania</value>
          </Data>
          <Data name="Nr_ok">
            <value>60</value>
          </Data>
          <Data name="Opis_ok">
            <value>60 - wartowania</value>
          </Data>
          <Data name="zmiany_1">
            <value>0</value>
          </Data>
          <Data name="Zmiany">
            <value/>
          </Data>
        </ExtendedData>
        <Polygon>
          <outerBoundaryIs>
            <LinearRing>
              <tessellate>1</tessellate>
              <coordinates>
                19.957862,50.030946,0
                19.958157,50.030994,0
                19.958095,50.031151,0
                19.9578,50.031103,0
                19.957862,50.030946,0
              </coordinates>
            </LinearRing>
          </outerBoundaryIs>
        </Polygon>
      </Placemark>
      <Placemark>
        <name/>
        <description><![CDATA[opis: <br>Id: 0<br>Nr: 58<br>Opis: obieralnia ziemniakow<br>Nr_ok: 58<br>Opis_ok: 58 - obieralnia ziemniakow<br>zmiany_1: 0<br>Zmiany: ]]></description>
        <styleUrl>#poly-424242-1200-145</styleUrl>
        <ExtendedData>
          <Data name="opis">
            <value/>
          </Data>
          <Data name="Id">
            <value>0</value>
          </Data>
          <Data name="Nr">
            <value>58</value>
          </Data>
          <Data name="Opis">
            <value>obieralnia ziemniakow</value>
          </Data>
          <Data name="Nr_ok">
            <value>58</value>
          </Data>
          <Data name="Opis_ok">
            <value>58 - obieralnia ziemniakow</value>
          </Data>
          <Data name="zmiany_1">
            <value>0</value>
          </Data>
          <Data name="Zmiany">
            <value/>
          </Data>
        </ExtendedData>
        <Polygon>
          <outerBoundaryIs>
            <LinearRing>
              <tessellate>1</tessellate>
              <coordinates>
                19.960386,50.030385,0
                19.960441,50.030312,0
                19.960675,50.030386,0
                19.96062,50.030459,0
                19.960386,50.030385,0
              </coordinates>
            </LinearRing>
          </outerBoundaryIs>
        </Polygon>
      </Placemark>
      <Placemark>
        <name/>
        <description><![CDATA[opis: <br>Id: 0<br>Nr: 20<br>Opis: oddzial chirurgiczny<br>Nr_ok: 20<br>Opis_ok: 20 - oddzial chirurgiczny<br>zmiany_1: 0<br>Zmiany: ]]></description>
        <styleUrl>#poly-424242-1200-145</styleUrl>
        <ExtendedData>
          <Data name="opis">
            <value/>
          </Data>
          <Data name="Id">
            <value>0</value>
          </Data>
          <Data name="Nr">
            <value>20</value>
          </Data>
          <Data name="Opis">
            <value>oddzial chirurgiczny</value>
          </Data>
          <Data name="Nr_ok">
            <value>20</value>
          </Data>
          <Data name="Opis_ok">
            <value>20 - oddzial chirurgiczny</value>
          </Data>
          <Data name="zmiany_1">
            <value>0</value>
          </Data>
          <Data name="Zmiany">
            <value/>
          </Data>
        </ExtendedData>
        <Polygon>
          <outerBoundaryIs>
            <LinearRing>
              <tessellate>1</tessellate>
              <coordinates>
                19.959691,50.030579,0
                19.959779,50.030463,0
                19.960207,50.030597,0
                19.960119,50.030713,0
                19.959691,50.030579,0
              </coordinates>
            </LinearRing>
          </outerBoundaryIs>
        </Polygon>
      </Placemark>
      <Placemark>
        <name/>
        <description><![CDATA[opis: <br>Id: 0<br>Nr: 94<br>Opis: <br>Nr_ok: 94<br>Opis_ok: <br>zmiany_1: 0<br>Zmiany: ]]></description>
        <styleUrl>#poly-424242-1200-145</styleUrl>
        <ExtendedData>
          <Data name="opis">
            <value/>
          </Data>
          <Data name="Id">
            <value>0</value>
          </Data>
          <Data name="Nr">
            <value>94</value>
          </Data>
          <Data name="Opis">
            <value/>
          </Data>
          <Data name="Nr_ok">
            <value>94</value>
          </Data>
          <Data name="Opis_ok">
            <value/>
          </Data>
          <Data name="zmiany_1">
            <value>0</value>
          </Data>
          <Data name="Zmiany">
            <value/>
          </Data>
        </ExtendedData>
        <Polygon>
          <outerBoundaryIs>
            <LinearRing>
              <tessellate>1</tessellate>
              <coordinates>
                19.961907,50.02976,0
                19.961978,50.029666,0
                19.962605,50.029862,0
                19.962534,50.029957,0
                19.961907,50.02976,0
              </coordinates>
            </LinearRing>
          </outerBoundaryIs>
        </Polygon>
      </Placemark>
      <Placemark>
        <name/>
        <description><![CDATA[opis: <br>Id: 0<br>Nr: 95<br>Opis: <br>Nr_ok: 95<br>Opis_ok: <br>zmiany_1: 0<br>Zmiany: ]]></description>
        <styleUrl>#poly-424242-1200-145</styleUrl>
        <ExtendedData>
          <Data name="opis">
            <value/>
          </Data>
          <Data name="Id">
            <value>0</value>
          </Data>
          <Data name="Nr">
            <value>95</value>
          </Data>
          <Data name="Opis">
            <value/>
          </Data>
          <Data name="Nr_ok">
            <value>95</value>
          </Data>
          <Data name="Opis_ok">
            <value/>
          </Data>
          <Data name="zmiany_1">
            <value>0</value>
          </Data>
          <Data name="Zmiany">
            <value/>
          </Data>
        </ExtendedData>
        <Polygon>
          <outerBoundaryIs>
            <LinearRing>
              <tessellate>1</tessellate>
              <coordinates>
                19.963403,50.030112,0
                19.963331,50.030207,0
                19.962715,50.030014,0
                19.962787,50.029919,0
                19.963403,50.030112,0
              </coordinates>
            </LinearRing>
          </outerBoundaryIs>
        </Polygon>
      </Placemark>
      <Placemark>
        <name/>
        <description><![CDATA[opis: <br>Id: 0<br>Nr: 92<br>Opis: drukarnia<br>Nr_ok: 92<br>Opis_ok: 92 - drukarnia<br>zmiany_1: 0<br>Zmiany: ]]></description>
        <styleUrl>#poly-424242-1200-145</styleUrl>
        <ExtendedData>
          <Data name="opis">
            <value/>
          </Data>
          <Data name="Id">
            <value>0</value>
          </Data>
          <Data name="Nr">
            <value>92</value>
          </Data>
          <Data name="Opis">
            <value>drukarnia</value>
          </Data>
          <Data name="Nr_ok">
            <value>92</value>
          </Data>
          <Data name="Opis_ok">
            <value>92 - drukarnia</value>
          </Data>
          <Data name="zmiany_1">
            <value>0</value>
          </Data>
          <Data name="Zmiany">
            <value/>
          </Data>
        </ExtendedData>
        <Polygon>
          <outerBoundaryIs>
            <LinearRing>
              <tessellate>1</tessellate>
              <coordinates>
                19.963697,50.03077,0
                19.962366,50.03033,0
                19.962465,50.030206,0
                19.963796,50.030646,0
                19.963697,50.03077,0
              </coordinates>
            </LinearRing>
          </outerBoundaryIs>
        </Polygon>
      </Placemark>
      <Placemark>
        <name/>
        <description><![CDATA[opis: <br>Id: 0<br>Nr: 91<br>Opis: stolarnia<br>Nr_ok: 91<br>Opis_ok: 91 - stolarnia<br>zmiany_1: 0<br>Zmiany: ]]></description>
        <styleUrl>#poly-424242-1200-145</styleUrl>
        <ExtendedData>
          <Data name="opis">
            <value/>
          </Data>
          <Data name="Id">
            <value>0</value>
          </Data>
          <Data name="Nr">
            <value>91</value>
          </Data>
          <Data name="Opis">
            <value>stolarnia</value>
          </Data>
          <Data name="Nr_ok">
            <value>91</value>
          </Data>
          <Data name="Opis_ok">
            <value>91 - stolarnia</value>
          </Data>
          <Data name="zmiany_1">
            <value>0</value>
          </Data>
          <Data name="Zmiany">
            <value/>
          </Data>
        </ExtendedData>
        <Polygon>
          <outerBoundaryIs>
            <LinearRing>
              <tessellate>1</tessellate>
              <coordinates>
                19.962354,50.030157,0
                19.962293,50.030234,0
                19.961908,50.030108,0
                19.961884,50.030139,0
                19.961547,50.030028,0
                19.961571,50.029997,0
                19.961633,50.02992,0
                19.962354,50.030157,0
              </coordinates>
            </LinearRing>
          </outerBoundaryIs>
        </Polygon>
      </Placemark>
      <Placemark>
        <name/>
        <description><![CDATA[opis: <br>Id: 0<br>Nr: 83<br>Opis: warsztat<br>Nr_ok: 83<br>Opis_ok: 83 - warsztat<br>zmiany_1: 0<br>Zmiany: ]]></description>
        <styleUrl>#poly-424242-1200-145</styleUrl>
        <ExtendedData>
          <Data name="opis">
            <value/>
          </Data>
          <Data name="Id">
            <value>0</value>
          </Data>
          <Data name="Nr">
            <value>83</value>
          </Data>
          <Data name="Opis">
            <value>warsztat</value>
          </Data>
          <Data name="Nr_ok">
            <value>83</value>
          </Data>
          <Data name="Opis_ok">
            <value>83 - warsztat</value>
          </Data>
          <Data name="zmiany_1">
            <value>0</value>
          </Data>
          <Data name="Zmiany">
            <value/>
          </Data>
        </ExtendedData>
        <Polygon>
          <outerBoundaryIs>
            <LinearRing>
              <tessellate>1</tessellate>
              <coordinates>
                19.964165,50.031538,0
                19.964242,50.031445,0
                19.964434,50.031512,0
                19.964357,50.031604,0
                19.964165,50.031538,0
              </coordinates>
            </LinearRing>
          </outerBoundaryIs>
        </Polygon>
      </Placemark>
      <Placemark>
        <name/>
        <description><![CDATA[opis: <br>Id: 0<br>Nr: 51<br>Opis: magazyn przedmiotow wartosciowych i dokumentow<br>Nr_ok: 51<br>Opis_ok: 51 - magazyn przedmiotow wartosciowych i dokument*<br>zmiany_1: 0<br>Zmiany: ]]></description>
        <styleUrl>#poly-424242-1200-145</styleUrl>
        <ExtendedData>
          <Data name="opis">
            <value/>
          </Data>
          <Data name="Id">
            <value>0</value>
          </Data>
          <Data name="Nr">
            <value>51</value>
          </Data>
          <Data name="Opis">
            <value>magazyn przedmiotow wartosciowych i dokumentow</value>
          </Data>
          <Data name="Nr_ok">
            <value>51</value>
          </Data>
          <Data name="Opis_ok">
            <value>51 - magazyn przedmiotow wartosciowych i dokument*</value>
          </Data>
          <Data name="zmiany_1">
            <value>0</value>
          </Data>
          <Data name="Zmiany">
            <value/>
          </Data>
        </ExtendedData>
        <Polygon>
          <outerBoundaryIs>
            <LinearRing>
              <tessellate>1</tessellate>
              <coordinates>
                19.96412,50.034143,0
                19.963993,50.034098,0
                19.964372,50.033649,0
                19.964499,50.033693,0
                19.96412,50.034143,0
              </coordinates>
            </LinearRing>
          </outerBoundaryIs>
        </Polygon>
      </Placemark>
      <Placemark>
        <name/>
        <description><![CDATA[opis: <br>Id: 50<br>Nr: 50<br>Opis: odwszalnia<br>Nr_ok: 50<br>Opis_ok: 50 - odwszalnia<br>zmiany_1: 0<br>Zmiany: ]]></description>
        <styleUrl>#poly-424242-1200-145</styleUrl>
        <ExtendedData>
          <Data name="opis">
            <value/>
          </Data>
          <Data name="Id">
            <value>50</value>
          </Data>
          <Data name="Nr">
            <value>50</value>
          </Data>
          <Data name="Opis">
            <value>odwszalnia</value>
          </Data>
          <Data name="Nr_ok">
            <value>50</value>
          </Data>
          <Data name="Opis_ok">
            <value>50 - odwszalnia</value>
          </Data>
          <Data name="zmiany_1">
            <value>0</value>
          </Data>
          <Data name="Zmiany">
            <value/>
          </Data>
        </ExtendedData>
        <Polygon>
          <outerBoundaryIs>
            <LinearRing>
              <tessellate>1</tessellate>
              <coordinates>
                19.96375,50.033405,0
                19.96407,50.033486,0
                19.964012,50.033581,0
                19.963692,50.033501,0
                19.96375,50.033405,0
              </coordinates>
            </LinearRing>
          </outerBoundaryIs>
        </Polygon>
      </Placemark>
      <Placemark>
        <name/>
        <description><![CDATA[opis: <br>Id: 0<br>Nr: 49<br>Opis: nowa laznia<br>Nr_ok: 49<br>Opis_ok: 49 - nowa laznia<br>zmiany_1: 0<br>Zmiany: ]]></description>
        <styleUrl>#poly-424242-1200-145</styleUrl>
        <ExtendedData>
          <Data name="opis">
            <value/>
          </Data>
          <Data name="Id">
            <value>0</value>
          </Data>
          <Data name="Nr">
            <value>49</value>
          </Data>
          <Data name="Opis">
            <value>nowa laznia</value>
          </Data>
          <Data name="Nr_ok">
            <value>49</value>
          </Data>
          <Data name="Opis_ok">
            <value>49 - nowa laznia</value>
          </Data>
          <Data name="zmiany_1">
            <value>0</value>
          </Data>
          <Data name="Zmiany">
            <value/>
          </Data>
        </ExtendedData>
        <Polygon>
          <outerBoundaryIs>
            <LinearRing>
              <tessellate>1</tessellate>
              <coordinates>
                19.963618,50.033983,0
                19.963401,50.033949,0
                19.963431,50.033871,0
                19.963296,50.03385,0
                19.963319,50.033791,0
                19.963453,50.033812,0
                19.96351,50.033663,0
                19.963728,50.033697,0
                19.963618,50.033983,0
              </coordinates>
            </LinearRing>
          </outerBoundaryIs>
        </Polygon>
      </Placemark>
      <Placemark>
        <name/>
        <description><![CDATA[opis: <br>Id: 0<br>Nr: 48<br>Opis: magazyn odziezy i przedmiotowwiezniow<br>Nr_ok: 48<br>Opis_ok: 48 - magazyn odziezy i przedmiotowwiezniow<br>zmiany_1: 0<br>Zmiany: ]]></description>
        <styleUrl>#poly-424242-1200-145</styleUrl>
        <ExtendedData>
          <Data name="opis">
            <value/>
          </Data>
          <Data name="Id">
            <value>0</value>
          </Data>
          <Data name="Nr">
            <value>48</value>
          </Data>
          <Data name="Opis">
            <value>magazyn odziezy i przedmiotowwiezniow</value>
          </Data>
          <Data name="Nr_ok">
            <value>48</value>
          </Data>
          <Data name="Opis_ok">
            <value>48 - magazyn odziezy i przedmiotowwiezniow</value>
          </Data>
          <Data name="zmiany_1">
            <value>0</value>
          </Data>
          <Data name="Zmiany">
            <value/>
          </Data>
        </ExtendedData>
        <Polygon>
          <outerBoundaryIs>
            <LinearRing>
              <tessellate>1</tessellate>
              <coordinates>
                19.963167,50.034076,0
                19.963206,50.034006,0
                19.963726,50.034126,0
                19.963687,50.034195,0
                19.963167,50.034076,0
              </coordinates>
            </LinearRing>
          </outerBoundaryIs>
        </Polygon>
      </Placemark>
      <Placemark>
        <name/>
        <description><![CDATA[opis: <br>Id: 0<br>Nr: 44<br>Opis: pomieszczenie kwarantanny<br>Nr_ok: 44<br>Opis_ok: 44 - pomieszczenie kwarantanny<br>zmiany_1: 0<br>Zmiany: ]]></description>
        <styleUrl>#poly-424242-1200-145</styleUrl>
        <ExtendedData>
          <Data name="opis">
            <value/>
          </Data>
          <Data name="Id">
            <value>0</value>
          </Data>
          <Data name="Nr">
            <value>44</value>
          </Data>
          <Data name="Opis">
            <value>pomieszczenie kwarantanny</value>
          </Data>
          <Data name="Nr_ok">
            <value>44</value>
          </Data>
          <Data name="Opis_ok">
            <value>44 - pomieszczenie kwarantanny</value>
          </Data>
          <Data name="zmiany_1">
            <value>0</value>
          </Data>
          <Data name="Zmiany">
            <value/>
          </Data>
        </ExtendedData>
        <Polygon>
          <outerBoundaryIs>
            <LinearRing>
              <tessellate>1</tessellate>
              <coordinates>
                19.962526,50.033262,0
                19.962769,50.032982,0
                19.962882,50.033022,0
                19.962639,50.033303,0
                19.962526,50.033262,0
              </coordinates>
            </LinearRing>
          </outerBoundaryIs>
        </Polygon>
      </Placemark>
      <Placemark>
        <name/>
        <description><![CDATA[opis: <br>Id: 0<br>Nr: 45<br>Opis: pomieszczenie kwarantanny<br>Nr_ok: 45<br>Opis_ok: 45 - pomieszczenie kwarantanny<br>zmiany_1: 0<br>Zmiany: ]]></description>
        <styleUrl>#poly-424242-1200-145</styleUrl>
        <ExtendedData>
          <Data name="opis">
            <value/>
          </Data>
          <Data name="Id">
            <value>0</value>
          </Data>
          <Data name="Nr">
            <value>45</value>
          </Data>
          <Data name="Opis">
            <value>pomieszczenie kwarantanny</value>
          </Data>
          <Data name="Nr_ok">
            <value>45</value>
          </Data>
          <Data name="Opis_ok">
            <value>45 - pomieszczenie kwarantanny</value>
          </Data>
          <Data name="zmiany_1">
            <value>0</value>
          </Data>
          <Data name="Zmiany">
            <value/>
          </Data>
        </ExtendedData>
        <Polygon>
          <outerBoundaryIs>
            <LinearRing>
              <tessellate>1</tessellate>
              <coordinates>
                19.963065,50.033088,0
                19.963168,50.033125,0
                19.962905,50.033429,0
                19.962802,50.033392,0
                19.963065,50.033088,0
              </coordinates>
            </LinearRing>
          </outerBoundaryIs>
        </Polygon>
      </Placemark>
      <Placemark>
        <name/>
        <description><![CDATA[opis: <br>Id: 0<br>Nr: 46<br>Opis: pomieszczenie kwarantanny<br>Nr_ok: 46<br>Opis_ok: 46 - pomieszczenie kwarantanny<br>zmiany_1: 0<br>Zmiany: ]]></description>
        <styleUrl>#poly-424242-1200-145</styleUrl>
        <ExtendedData>
          <Data name="opis">
            <value/>
          </Data>
          <Data name="Id">
            <value>0</value>
          </Data>
          <Data name="Nr">
            <value>46</value>
          </Data>
          <Data name="Opis">
            <value>pomieszczenie kwarantanny</value>
          </Data>
          <Data name="Nr_ok">
            <value>46</value>
          </Data>
          <Data name="Opis_ok">
            <value>46 - pomieszczenie kwarantanny</value>
          </Data>
          <Data name="zmiany_1">
            <value>0</value>
          </Data>
          <Data name="Zmiany">
            <value/>
          </Data>
        </ExtendedData>
        <Polygon>
          <outerBoundaryIs>
            <LinearRing>
              <tessellate>1</tessellate>
              <coordinates>
                19.963052,50.033494,0
                19.963323,50.033181,0
                19.963442,50.033224,0
                19.963171,50.033536,0
                19.963052,50.033494,0
              </coordinates>
            </LinearRing>
          </outerBoundaryIs>
        </Polygon>
      </Placemark>
      <Placemark>
        <name/>
        <description><![CDATA[opis: <br>Id: 0<br>Nr: 47<br>Opis: latryny<br>Nr_ok: 47<br>Opis_ok: 47 -  latryny<br>zmiany_1: 0<br>Zmiany: ]]></description>
        <styleUrl>#poly-424242-1200-145</styleUrl>
        <ExtendedData>
          <Data name="opis">
            <value/>
          </Data>
          <Data name="Id">
            <value>0</value>
          </Data>
          <Data name="Nr">
            <value>47</value>
          </Data>
          <Data name="Opis">
            <value>latryny</value>
          </Data>
          <Data name="Nr_ok">
            <value>47</value>
          </Data>
          <Data name="Opis_ok">
            <value>47 -  latryny</value>
          </Data>
          <Data name="zmiany_1">
            <value>0</value>
          </Data>
          <Data name="Zmiany">
            <value/>
          </Data>
        </ExtendedData>
        <Polygon>
          <outerBoundaryIs>
            <LinearRing>
              <tessellate>1</tessellate>
              <coordinates>
                19.962853,50.03352,0
                19.963102,50.033594,0
                19.963052,50.033665,0
                19.962803,50.033591,0
                19.962853,50.03352,0
              </coordinates>
            </LinearRing>
          </outerBoundaryIs>
        </Polygon>
      </Placemark>
      <Placemark>
        <name/>
        <description><![CDATA[opis: <br>Id: 0<br>Nr: 43<br>Opis: pomieszczenie kwarantanny<br>Nr_ok: 43<br>Opis_ok: 43 - pomieszczenie kwarantanny<br>zmiany_1: 0<br>Zmiany: ]]></description>
        <styleUrl>#poly-424242-1200-145</styleUrl>
        <ExtendedData>
          <Data name="opis">
            <value/>
          </Data>
          <Data name="Id">
            <value>0</value>
          </Data>
          <Data name="Nr">
            <value>43</value>
          </Data>
          <Data name="Opis">
            <value>pomieszczenie kwarantanny</value>
          </Data>
          <Data name="Nr_ok">
            <value>43</value>
          </Data>
          <Data name="Opis_ok">
            <value>43 - pomieszczenie kwarantanny</value>
          </Data>
          <Data name="zmiany_1">
            <value>0</value>
          </Data>
          <Data name="Zmiany">
            <value/>
          </Data>
        </ExtendedData>
        <Polygon>
          <outerBoundaryIs>
            <LinearRing>
              <tessellate>1</tessellate>
              <coordinates>
                19.962441,50.033361,0
                19.962494,50.0333,0
                19.962586,50.033333,0
                19.962533,50.033394,0
                19.962441,50.033361,0
              </coordinates>
            </LinearRing>
          </outerBoundaryIs>
        </Polygon>
      </Placemark>
      <Placemark>
        <name/>
        <description><![CDATA[opis: <br>Id: 0<br>Nr: 16<br>Opis: barak dla kobiet<br>Nr_ok: 16<br>Opis_ok: 16 - barak dla kobiet<br>zmiany_1: 0<br>Zmiany: ]]></description>
        <styleUrl>#poly-424242-1200-145</styleUrl>
        <ExtendedData>
          <Data name="opis">
            <value/>
          </Data>
          <Data name="Id">
            <value>0</value>
          </Data>
          <Data name="Nr">
            <value>16</value>
          </Data>
          <Data name="Opis">
            <value>barak dla kobiet</value>
          </Data>
          <Data name="Nr_ok">
            <value>16</value>
          </Data>
          <Data name="Opis_ok">
            <value>16 - barak dla kobiet</value>
          </Data>
          <Data name="zmiany_1">
            <value>0</value>
          </Data>
          <Data name="Zmiany">
            <value/>
          </Data>
        </ExtendedData>
        <Polygon>
          <outerBoundaryIs>
            <LinearRing>
              <tessellate>1</tessellate>
              <coordinates>
                19.961992,50.032766,0
                19.96205,50.032702,0
                19.962542,50.032888,0
                19.962483,50.032952,0
                19.961992,50.032766,0
              </coordinates>
            </LinearRing>
          </outerBoundaryIs>
        </Polygon>
      </Placemark>
      <Placemark>
        <name/>
        <description><![CDATA[opis: <br>Id: 0<br>Nr: 11<br>Opis: barak dla kobiet<br>Nr_ok: 11<br>Opis_ok: 11 - barak dla kobiet<br>zmiany_1: 0<br>Zmiany: ]]></description>
        <styleUrl>#poly-424242-1200-145</styleUrl>
        <ExtendedData>
          <Data name="opis">
            <value/>
          </Data>
          <Data name="Id">
            <value>0</value>
          </Data>
          <Data name="Nr">
            <value>11</value>
          </Data>
          <Data name="Opis">
            <value>barak dla kobiet</value>
          </Data>
          <Data name="Nr_ok">
            <value>11</value>
          </Data>
          <Data name="Opis_ok">
            <value>11 - barak dla kobiet</value>
          </Data>
          <Data name="zmiany_1">
            <value>0</value>
          </Data>
          <Data name="Zmiany">
            <value/>
          </Data>
        </ExtendedData>
        <Polygon>
          <outerBoundaryIs>
            <LinearRing>
              <tessellate>1</tessellate>
              <coordinates>
                19.960749,50.032921,0
                19.961308,50.033109,0
                19.961241,50.033191,0
                19.960683,50.033003,0
                19.960749,50.032921,0
              </coordinates>
            </LinearRing>
          </outerBoundaryIs>
        </Polygon>
      </Placemark>
      <Placemark>
        <name/>
        <description><![CDATA[opis: <br>Id: 0<br>Nr: 10<br>Opis: barak dla kobiet<br>Nr_ok: 10<br>Opis_ok: 10 - barak dla kobiet<br>zmiany_1: 0<br>Zmiany: ]]></description>
        <styleUrl>#poly-424242-1200-145</styleUrl>
        <ExtendedData>
          <Data name="opis">
            <value/>
          </Data>
          <Data name="Id">
            <value>0</value>
          </Data>
          <Data name="Nr">
            <value>10</value>
          </Data>
          <Data name="Opis">
            <value>barak dla kobiet</value>
          </Data>
          <Data name="Nr_ok">
            <value>10</value>
          </Data>
          <Data name="Opis_ok">
            <value>10 - barak dla kobiet</value>
          </Data>
          <Data name="zmiany_1">
            <value>0</value>
          </Data>
          <Data name="Zmiany">
            <value/>
          </Data>
        </ExtendedData>
        <Polygon>
          <outerBoundaryIs>
            <LinearRing>
              <tessellate>1</tessellate>
              <coordinates>
                19.960529,50.033192,0
                19.960598,50.033108,0
                19.961156,50.033296,0
                19.961087,50.03338,0
                19.960529,50.033192,0
              </coordinates>
            </LinearRing>
          </outerBoundaryIs>
        </Polygon>
      </Placemark>
      <Placemark>
        <name/>
        <description><![CDATA[opis: <br>Id: 0<br>Nr: 9<br>Opis: barak dla kobiet<br>Nr_ok: 9<br>Opis_ok: 9 - barak dla kobiet<br>zmiany_1: 0<br>Zmiany: ]]></description>
        <styleUrl>#poly-424242-1200-145</styleUrl>
        <ExtendedData>
          <Data name="opis">
            <value/>
          </Data>
          <Data name="Id">
            <value>0</value>
          </Data>
          <Data name="Nr">
            <value>9</value>
          </Data>
          <Data name="Opis">
            <value>barak dla kobiet</value>
          </Data>
          <Data name="Nr_ok">
            <value>9</value>
          </Data>
          <Data name="Opis_ok">
            <value>9 - barak dla kobiet</value>
          </Data>
          <Data name="zmiany_1">
            <value>0</value>
          </Data>
          <Data name="Zmiany">
            <value/>
          </Data>
        </ExtendedData>
        <Polygon>
          <outerBoundaryIs>
            <LinearRing>
              <tessellate>1</tessellate>
              <coordinates>
                19.960734,50.032702,0
                19.960431,50.033042,0
                19.960299,50.032993,0
                19.960603,50.032653,0
                19.960734,50.032702,0
              </coordinates>
            </LinearRing>
          </outerBoundaryIs>
        </Polygon>
      </Placemark>
      <Placemark>
        <name/>
        <description><![CDATA[opis: <br>Id: 0<br>Nr: 8<br>Opis: barak dla kobiet<br>Nr_ok: 8<br>Opis_ok: 8 - barak dla kobiet<br>zmiany_1: 0<br>Zmiany: ]]></description>
        <styleUrl>#poly-424242-1200-145</styleUrl>
        <ExtendedData>
          <Data name="opis">
            <value/>
          </Data>
          <Data name="Id">
            <value>0</value>
          </Data>
          <Data name="Nr">
            <value>8</value>
          </Data>
          <Data name="Opis">
            <value>barak dla kobiet</value>
          </Data>
          <Data name="Nr_ok">
            <value>8</value>
          </Data>
          <Data name="Opis_ok">
            <value>8 - barak dla kobiet</value>
          </Data>
          <Data name="zmiany_1">
            <value>0</value>
          </Data>
          <Data name="Zmiany">
            <value/>
          </Data>
        </ExtendedData>
        <Polygon>
          <outerBoundaryIs>
            <LinearRing>
              <tessellate>1</tessellate>
              <coordinates>
                19.960136,50.032933,0
                19.960003,50.032884,0
                19.960307,50.032544,0
                19.96044,50.032593,0
                19.960136,50.032933,0
              </coordinates>
            </LinearRing>
          </outerBoundaryIs>
        </Polygon>
      </Placemark>
      <Placemark>
        <name/>
        <description><![CDATA[opis: <br>Id: 0<br>Nr: 5<br>Opis: baraki dla kobiet<br>Nr_ok: 5<br>Opis_ok: 5 - baraki dla kobiet<br>zmiany_1: 0<br>Zmiany: ]]></description>
        <styleUrl>#poly-424242-1200-145</styleUrl>
        <ExtendedData>
          <Data name="opis">
            <value/>
          </Data>
          <Data name="Id">
            <value>0</value>
          </Data>
          <Data name="Nr">
            <value>5</value>
          </Data>
          <Data name="Opis">
            <value>baraki dla kobiet</value>
          </Data>
          <Data name="Nr_ok">
            <value>5</value>
          </Data>
          <Data name="Opis_ok">
            <value>5 - baraki dla kobiet</value>
          </Data>
          <Data name="zmiany_1">
            <value>0</value>
          </Data>
          <Data name="Zmiany">
            <value/>
          </Data>
        </ExtendedData>
        <Polygon>
          <outerBoundaryIs>
            <LinearRing>
              <tessellate>1</tessellate>
              <coordinates>
                19.959437,50.032467,0
                19.959516,50.032377,0
                19.960052,50.032572,0
                19.959973,50.032663,0
                19.959437,50.032467,0
              </coordinates>
            </LinearRing>
          </outerBoundaryIs>
        </Polygon>
      </Placemark>
      <Placemark>
        <name/>
        <description><![CDATA[opis: <br>Id: 0<br>Nr: 6<br>Opis: baraki dla kobiet<br>Nr_ok: 6<br>Opis_ok: 6 - baraki dla kobiet<br>zmiany_1: 0<br>Zmiany: ]]></description>
        <styleUrl>#poly-424242-1200-145</styleUrl>
        <ExtendedData>
          <Data name="opis">
            <value/>
          </Data>
          <Data name="Id">
            <value>0</value>
          </Data>
          <Data name="Nr">
            <value>6</value>
          </Data>
          <Data name="Opis">
            <value>baraki dla kobiet</value>
          </Data>
          <Data name="Nr_ok">
            <value>6</value>
          </Data>
          <Data name="Opis_ok">
            <value>6 - baraki dla kobiet</value>
          </Data>
          <Data name="zmiany_1">
            <value>0</value>
          </Data>
          <Data name="Zmiany">
            <value/>
          </Data>
        </ExtendedData>
        <Polygon>
          <outerBoundaryIs>
            <LinearRing>
              <tessellate>1</tessellate>
              <coordinates>
                19.959674,50.032197,0
                19.96021,50.032392,0
                19.96014,50.032472,0
                19.959604,50.032277,0
                19.959674,50.032197,0
              </coordinates>
            </LinearRing>
          </outerBoundaryIs>
        </Polygon>
      </Placemark>
      <Placemark>
        <name/>
        <description><![CDATA[opis: <br>Id: 0<br>Nr: 13<br>Opis: Zydowska Sluzba Porzadkowa<br>Nr_ok: 13<br>Opis_ok: 13 - Zydowska Sluzba Porzadkowa<br>zmiany_1: 1<br>Zmiany: ]]></description>
        <styleUrl>#poly-424242-1200-145</styleUrl>
        <ExtendedData>
          <Data name="opis">
            <value/>
          </Data>
          <Data name="Id">
            <value>0</value>
          </Data>
          <Data name="Nr">
            <value>13</value>
          </Data>
          <Data name="Opis">
            <value>Zydowska Sluzba Porzadkowa</value>
          </Data>
          <Data name="Nr_ok">
            <value>13</value>
          </Data>
          <Data name="Opis_ok">
            <value>13 - Zydowska Sluzba Porzadkowa</value>
          </Data>
          <Data name="zmiany_1">
            <value>1</value>
          </Data>
          <Data name="Zmiany">
            <value/>
          </Data>
        </ExtendedData>
        <Polygon>
          <outerBoundaryIs>
            <LinearRing>
              <tessellate>1</tessellate>
              <coordinates>
                19.961383,50.032647,0
                19.961447,50.03257,0
                19.961744,50.032673,0
                19.961681,50.032749,0
                19.961383,50.032647,0
              </coordinates>
            </LinearRing>
          </outerBoundaryIs>
        </Polygon>
      </Placemark>
      <Placemark>
        <name/>
        <description><![CDATA[opis: <br>Id: 0<br>Nr: 15<br>Opis: barak dla kobiet<br>Nr_ok: 15<br>Opis_ok: 15 - barak dla kobiet<br>zmiany_1: 0<br>Zmiany: ]]></description>
        <styleUrl>#poly-424242-1200-145</styleUrl>
        <ExtendedData>
          <Data name="opis">
            <value/>
          </Data>
          <Data name="Id">
            <value>0</value>
          </Data>
          <Data name="Nr">
            <value>15</value>
          </Data>
          <Data name="Opis">
            <value>barak dla kobiet</value>
          </Data>
          <Data name="Nr_ok">
            <value>15</value>
          </Data>
          <Data name="Opis_ok">
            <value>15 - barak dla kobiet</value>
          </Data>
          <Data name="zmiany_1">
            <value>0</value>
          </Data>
          <Data name="Zmiany">
            <value/>
          </Data>
        </ExtendedData>
        <Polygon>
          <outerBoundaryIs>
            <LinearRing>
              <tessellate>1</tessellate>
              <coordinates>
                19.961241,50.032201,0
                19.961937,50.03244,0
                19.961858,50.032536,0
                19.961162,50.032296,0
                19.961241,50.032201,0
              </coordinates>
            </LinearRing>
          </outerBoundaryIs>
        </Polygon>
      </Placemark>
      <Placemark>
        <name/>
        <description><![CDATA[opis: <br>Id: 0<br>Nr: 14<br>Opis: Zydowska Sluzba Porzadkowa<br>Nr_ok: 14<br>Opis_ok: 14 - Zydowska Sluzba Porzadkowa<br>zmiany_1: 0<br>Zmiany: ]]></description>
        <styleUrl>#poly-424242-1200-145</styleUrl>
        <ExtendedData>
          <Data name="opis">
            <value/>
          </Data>
          <Data name="Id">
            <value>0</value>
          </Data>
          <Data name="Nr">
            <value>14</value>
          </Data>
          <Data name="Opis">
            <value>Zydowska Sluzba Porzadkowa</value>
          </Data>
          <Data name="Nr_ok">
            <value>14</value>
          </Data>
          <Data name="Opis_ok">
            <value>14 - Zydowska Sluzba Porzadkowa</value>
          </Data>
          <Data name="zmiany_1">
            <value>0</value>
          </Data>
          <Data name="Zmiany">
            <value/>
          </Data>
        </ExtendedData>
        <Polygon>
          <outerBoundaryIs>
            <LinearRing>
              <tessellate>1</tessellate>
              <coordinates>
                19.960254,50.031968,0
                19.960323,50.031885,0
                19.961189,50.032182,0
                19.961119,50.032266,0
                19.960254,50.031968,0
              </coordinates>
            </LinearRing>
          </outerBoundaryIs>
        </Polygon>
      </Placemark>
      <Placemark>
        <name/>
        <description><![CDATA[opis: <br>Id: 0<br>Nr: 7<br>Opis: latryna dla kobiet<br>Nr_ok: 7<br>Opis_ok: 7 - latryna dla kobiet<br>zmiany_1: 0<br>Zmiany: ]]></description>
        <styleUrl>#poly-424242-1200-145</styleUrl>
        <ExtendedData>
          <Data name="opis">
            <value/>
          </Data>
          <Data name="Id">
            <value>0</value>
          </Data>
          <Data name="Nr">
            <value>7</value>
          </Data>
          <Data name="Opis">
            <value>latryna dla kobiet</value>
          </Data>
          <Data name="Nr_ok">
            <value>7</value>
          </Data>
          <Data name="Opis_ok">
            <value>7 - latryna dla kobiet</value>
          </Data>
          <Data name="zmiany_1">
            <value>0</value>
          </Data>
          <Data name="Zmiany">
            <value/>
          </Data>
        </ExtendedData>
        <Polygon>
          <outerBoundaryIs>
            <LinearRing>
              <tessellate>1</tessellate>
              <coordinates>
                19.959745,50.031793,0
                19.959814,50.03171,0
                19.960187,50.031838,0
                19.960117,50.031921,0
                19.959745,50.031793,0
              </coordinates>
            </LinearRing>
          </outerBoundaryIs>
        </Polygon>
      </Placemark>
      <Placemark>
        <name/>
        <description><![CDATA[opis: <br>Id: 0<br>Nr: 4<br>Opis: oddzial zakazny<br>Nr_ok: 4<br>Opis_ok: 4 - oddzial zakazny<br>zmiany_1: 0<br>Zmiany: ]]></description>
        <styleUrl>#poly-424242-1200-145</styleUrl>
        <ExtendedData>
          <Data name="opis">
            <value/>
          </Data>
          <Data name="Id">
            <value>0</value>
          </Data>
          <Data name="Nr">
            <value>4</value>
          </Data>
          <Data name="Opis">
            <value>oddzial zakazny</value>
          </Data>
          <Data name="Nr_ok">
            <value>4</value>
          </Data>
          <Data name="Opis_ok">
            <value>4 - oddzial zakazny</value>
          </Data>
          <Data name="zmiany_1">
            <value>0</value>
          </Data>
          <Data name="Zmiany">
            <value/>
          </Data>
        </ExtendedData>
        <Polygon>
          <outerBoundaryIs>
            <LinearRing>
              <tessellate>1</tessellate>
              <coordinates>
                19.959012,50.031579,0
                19.959066,50.031508,0
                19.959564,50.031666,0
                19.95951,50.031736,0
                19.959012,50.031579,0
              </coordinates>
            </LinearRing>
          </outerBoundaryIs>
        </Polygon>
      </Placemark>
      <Placemark>
        <name/>
        <description><![CDATA[opis: <br>Id: 0<br>Nr: 1<br>Opis: oddzial zakazny<br>Nr_ok: 1<br>Opis_ok: 1 - oddzial zakazny<br>zmiany_1: 0<br>Zmiany: ]]></description>
        <styleUrl>#poly-424242-1200-145</styleUrl>
        <ExtendedData>
          <Data name="opis">
            <value/>
          </Data>
          <Data name="Id">
            <value>0</value>
          </Data>
          <Data name="Nr">
            <value>1</value>
          </Data>
          <Data name="Opis">
            <value>oddzial zakazny</value>
          </Data>
          <Data name="Nr_ok">
            <value>1</value>
          </Data>
          <Data name="Opis_ok">
            <value>1 - oddzial zakazny</value>
          </Data>
          <Data name="zmiany_1">
            <value>0</value>
          </Data>
          <Data name="Zmiany">
            <value/>
          </Data>
        </ExtendedData>
        <Polygon>
          <outerBoundaryIs>
            <LinearRing>
              <tessellate>1</tessellate>
              <coordinates>
                19.958519,50.031335,0
                19.95895,50.031471,0
                19.958896,50.031542,0
                19.958465,50.031406,0
                19.958519,50.031335,0
              </coordinates>
            </LinearRing>
          </outerBoundaryIs>
        </Polygon>
      </Placemark>
      <Placemark>
        <name/>
        <description><![CDATA[opis: <br>Id: 0<br>Nr: 2<br>Opis: oddzial zakazny<br>Nr_ok: 2<br>Opis_ok: 2 - oddzial zakazny<br>zmiany_1: 0<br>Zmiany: ]]></description>
        <styleUrl>#poly-424242-1200-145</styleUrl>
        <ExtendedData>
          <Data name="opis">
            <value/>
          </Data>
          <Data name="Id">
            <value>0</value>
          </Data>
          <Data name="Nr">
            <value>2</value>
          </Data>
          <Data name="Opis">
            <value>oddzial zakazny</value>
          </Data>
          <Data name="Nr_ok">
            <value>2</value>
          </Data>
          <Data name="Opis_ok">
            <value>2 - oddzial zakazny</value>
          </Data>
          <Data name="zmiany_1">
            <value>0</value>
          </Data>
          <Data name="Zmiany">
            <value/>
          </Data>
        </ExtendedData>
        <Polygon>
          <outerBoundaryIs>
            <LinearRing>
              <tessellate>1</tessellate>
              <coordinates>
                19.95872,50.031961,0
                19.958784,50.031877,0
                19.959256,50.032026,0
                19.959192,50.03211,0
                19.95872,50.031961,0
              </coordinates>
            </LinearRing>
          </outerBoundaryIs>
        </Polygon>
      </Placemark>
      <Placemark>
        <name/>
        <description><![CDATA[opis: <br>Id: 0<br>Nr: 3<br>Opis: oddzial zakazny<br>Nr_ok: 3<br>Opis_ok: 3 - oddzial zakazny<br>zmiany_1: 0<br>Zmiany: ]]></description>
        <styleUrl>#poly-424242-1200-145</styleUrl>
        <ExtendedData>
          <Data name="opis">
            <value/>
          </Data>
          <Data name="Id">
            <value>0</value>
          </Data>
          <Data name="Nr">
            <value>3</value>
          </Data>
          <Data name="Opis">
            <value>oddzial zakazny</value>
          </Data>
          <Data name="Nr_ok">
            <value>3</value>
          </Data>
          <Data name="Opis_ok">
            <value>3 - oddzial zakazny</value>
          </Data>
          <Data name="zmiany_1">
            <value>0</value>
          </Data>
          <Data name="Zmiany">
            <value/>
          </Data>
        </ExtendedData>
        <Polygon>
          <outerBoundaryIs>
            <LinearRing>
              <tessellate>1</tessellate>
              <coordinates>
                19.958859,50.031778,0
                19.958924,50.031693,0
                19.959423,50.031851,0
                19.959358,50.031936,0
                19.958859,50.031778,0
              </coordinates>
            </LinearRing>
          </outerBoundaryIs>
        </Polygon>
      </Placemark>
      <Placemark>
        <name/>
        <description><![CDATA[opis: <br>Id: 0<br>Nr: 41<br>Opis: barak dla mezczyzn<br>Nr_ok: 41<br>Opis_ok: 41 - barak dla mezczyzn<br>zmiany_1: 0<br>Zmiany: ]]></description>
        <styleUrl>#poly-424242-1200-145</styleUrl>
        <ExtendedData>
          <Data name="opis">
            <value/>
          </Data>
          <Data name="Id">
            <value>0</value>
          </Data>
          <Data name="Nr">
            <value>41</value>
          </Data>
          <Data name="Opis">
            <value>barak dla mezczyzn</value>
          </Data>
          <Data name="Nr_ok">
            <value>41</value>
          </Data>
          <Data name="Opis_ok">
            <value>41 - barak dla mezczyzn</value>
          </Data>
          <Data name="zmiany_1">
            <value>0</value>
          </Data>
          <Data name="Zmiany">
            <value/>
          </Data>
        </ExtendedData>
        <Polygon>
          <outerBoundaryIs>
            <LinearRing>
              <tessellate>1</tessellate>
              <coordinates>
                19.962077,50.03113,0
                19.962854,50.031394,0
                19.962775,50.031491,0
                19.961997,50.031227,0
                19.962077,50.03113,0
              </coordinates>
            </LinearRing>
          </outerBoundaryIs>
        </Polygon>
      </Placemark>
      <Placemark>
        <name/>
        <description><![CDATA[opis: <br>Id: 0<br>Nr: 39<br>Opis: barak dla mezczyzn<br>Nr_ok: 39<br>Opis_ok: 39 - barak dla mezczyzn<br>zmiany_1: 0<br>Zmiany: ]]></description>
        <styleUrl>#poly-424242-1200-145</styleUrl>
        <ExtendedData>
          <Data name="opis">
            <value/>
          </Data>
          <Data name="Id">
            <value>0</value>
          </Data>
          <Data name="Nr">
            <value>39</value>
          </Data>
          <Data name="Opis">
            <value>barak dla mezczyzn</value>
          </Data>
          <Data name="Nr_ok">
            <value>39</value>
          </Data>
          <Data name="Opis_ok">
            <value>39 - barak dla mezczyzn</value>
          </Data>
          <Data name="zmiany_1">
            <value>0</value>
          </Data>
          <Data name="Zmiany">
            <value/>
          </Data>
        </ExtendedData>
        <Polygon>
          <outerBoundaryIs>
            <LinearRing>
              <tessellate>1</tessellate>
              <coordinates>
                19.961918,50.031336,0
                19.962666,50.031587,0
                19.9626,50.031668,0
                19.961853,50.031417,0
                19.961918,50.031336,0
              </coordinates>
            </LinearRing>
          </outerBoundaryIs>
        </Polygon>
      </Placemark>
      <Placemark>
        <name/>
        <description><![CDATA[opis: <br>Id: 0<br>Nr: 33<br>Opis: <br>Nr_ok: 33<br>Opis_ok: 33<br>zmiany_1: 0<br>Zmiany: ]]></description>
        <styleUrl>#poly-424242-1200-145</styleUrl>
        <ExtendedData>
          <Data name="opis">
            <value/>
          </Data>
          <Data name="Id">
            <value>0</value>
          </Data>
          <Data name="Nr">
            <value>33</value>
          </Data>
          <Data name="Opis">
            <value/>
          </Data>
          <Data name="Nr_ok">
            <value>33</value>
          </Data>
          <Data name="Opis_ok">
            <value>33</value>
          </Data>
          <Data name="zmiany_1">
            <value>0</value>
          </Data>
          <Data name="Zmiany">
            <value/>
          </Data>
        </ExtendedData>
        <Polygon>
          <outerBoundaryIs>
            <LinearRing>
              <tessellate>1</tessellate>
              <coordinates>
                19.962515,50.031755,0
                19.962433,50.031857,0
                19.961633,50.031589,0
                19.961715,50.031487,0
                19.962515,50.031755,0
              </coordinates>
            </LinearRing>
          </outerBoundaryIs>
        </Polygon>
      </Placemark>
      <Placemark>
        <name/>
        <description><![CDATA[opis: <br>Id: 0<br>Nr: 28<br>Opis: barak dla mezczyzn<br>Nr_ok: 28<br>Opis_ok: 28 - barak dla mezczyzn<br>zmiany_1: 0<br>Zmiany: ]]></description>
        <styleUrl>#poly-424242-1200-145</styleUrl>
        <ExtendedData>
          <Data name="opis">
            <value/>
          </Data>
          <Data name="Id">
            <value>0</value>
          </Data>
          <Data name="Nr">
            <value>28</value>
          </Data>
          <Data name="Opis">
            <value>barak dla mezczyzn</value>
          </Data>
          <Data name="Nr_ok">
            <value>28</value>
          </Data>
          <Data name="Opis_ok">
            <value>28 - barak dla mezczyzn</value>
          </Data>
          <Data name="zmiany_1">
            <value>0</value>
          </Data>
          <Data name="Zmiany">
            <value/>
          </Data>
        </ExtendedData>
        <Polygon>
          <outerBoundaryIs>
            <LinearRing>
              <tessellate>1</tessellate>
              <coordinates>
                19.962355,50.031954,0
                19.962273,50.032054,0
                19.961484,50.03179,0
                19.961565,50.031689,0
                19.962355,50.031954,0
              </coordinates>
            </LinearRing>
          </outerBoundaryIs>
        </Polygon>
      </Placemark>
      <Placemark>
        <name/>
        <description><![CDATA[opis: <br>Id: 0<br>Nr: 24<br>Opis: barak dla mezczyzn<br>Nr_ok: 24<br>Opis_ok: 24 - barak dla mezczyzn<br>zmiany_1: 0<br>Zmiany: ]]></description>
        <styleUrl>#poly-424242-1200-145</styleUrl>
        <ExtendedData>
          <Data name="opis">
            <value/>
          </Data>
          <Data name="Id">
            <value>0</value>
          </Data>
          <Data name="Nr">
            <value>24</value>
          </Data>
          <Data name="Opis">
            <value>barak dla mezczyzn</value>
          </Data>
          <Data name="Nr_ok">
            <value>24</value>
          </Data>
          <Data name="Opis_ok">
            <value>24 - barak dla mezczyzn</value>
          </Data>
          <Data name="zmiany_1">
            <value>0</value>
          </Data>
          <Data name="Zmiany">
            <value/>
          </Data>
        </ExtendedData>
        <Polygon>
          <outerBoundaryIs>
            <LinearRing>
              <tessellate>1</tessellate>
              <coordinates>
                19.96219,50.032157,0
                19.962103,50.032265,0
                19.961302,50.031996,0
                19.961389,50.031888,0
                19.96219,50.032157,0
              </coordinates>
            </LinearRing>
          </outerBoundaryIs>
        </Polygon>
      </Placemark>
      <Placemark>
        <name/>
        <description><![CDATA[opis: <br>Id: 0<br>Nr: 18<br>Opis: oddzial wewnetrzny<br>Nr_ok: 18<br>Opis_ok: 18 - oddzial wewnetrzny<br>zmiany_1: 0<br>Zmiany: ]]></description>
        <styleUrl>#poly-424242-1200-145</styleUrl>
        <ExtendedData>
          <Data name="opis">
            <value/>
          </Data>
          <Data name="Id">
            <value>0</value>
          </Data>
          <Data name="Nr">
            <value>18</value>
          </Data>
          <Data name="Opis">
            <value>oddzial wewnetrzny</value>
          </Data>
          <Data name="Nr_ok">
            <value>18</value>
          </Data>
          <Data name="Opis_ok">
            <value>18 - oddzial wewnetrzny</value>
          </Data>
          <Data name="zmiany_1">
            <value>0</value>
          </Data>
          <Data name="Zmiany">
            <value/>
          </Data>
        </ExtendedData>
        <Polygon>
          <outerBoundaryIs>
            <LinearRing>
              <tessellate>1</tessellate>
              <coordinates>
                19.959939,50.031098,0
                19.959632,50.031004,0
                19.9597,50.030911,0
                19.960007,50.031005,0
                19.959939,50.031098,0
              </coordinates>
            </LinearRing>
          </outerBoundaryIs>
        </Polygon>
      </Placemark>
      <Placemark>
        <name/>
        <description><![CDATA[opis: <br>Id: 0<br>Nr: 19<br>Opis: oddzial wewnetrzny<br>Nr_ok: 19<br>Opis_ok: 19 - oddzial wewnetrzny<br>zmiany_1: 0<br>Zmiany: ]]></description>
        <styleUrl>#poly-424242-1200-145</styleUrl>
        <ExtendedData>
          <Data name="opis">
            <value/>
          </Data>
          <Data name="Id">
            <value>0</value>
          </Data>
          <Data name="Nr">
            <value>19</value>
          </Data>
          <Data name="Opis">
            <value>oddzial wewnetrzny</value>
          </Data>
          <Data name="Nr_ok">
            <value>19</value>
          </Data>
          <Data name="Opis_ok">
            <value>19 - oddzial wewnetrzny</value>
          </Data>
          <Data name="zmiany_1">
            <value>0</value>
          </Data>
          <Data name="Zmiany">
            <value/>
          </Data>
        </ExtendedData>
        <Polygon>
          <outerBoundaryIs>
            <LinearRing>
              <tessellate>1</tessellate>
              <coordinates>
                19.9597,50.030911,0
                19.959764,50.030824,0
                19.960072,50.030918,0
                19.960007,50.031005,0
                19.9597,50.030911,0
              </coordinates>
            </LinearRing>
          </outerBoundaryIs>
        </Polygon>
      </Placemark>
      <Placemark>
        <name/>
        <description><![CDATA[opis: <br>Id: 0<br>Nr: 36<br>Opis: lodowania<br>Nr_ok: 36<br>Opis_ok: 36 - lodowania<br>zmiany_1: 0<br>Zmiany: ]]></description>
        <styleUrl>#poly-424242-1200-145</styleUrl>
        <ExtendedData>
          <Data name="opis">
            <value/>
          </Data>
          <Data name="Id">
            <value>0</value>
          </Data>
          <Data name="Nr">
            <value>36</value>
          </Data>
          <Data name="Opis">
            <value>lodowania</value>
          </Data>
          <Data name="Nr_ok">
            <value>36</value>
          </Data>
          <Data name="Opis_ok">
            <value>36 - lodowania</value>
          </Data>
          <Data name="zmiany_1">
            <value>0</value>
          </Data>
          <Data name="Zmiany">
            <value/>
          </Data>
        </ExtendedData>
        <Polygon>
          <outerBoundaryIs>
            <LinearRing>
              <tessellate>1</tessellate>
              <coordinates>
                19.9606,50.030824,0
                19.960717,50.030686,0
                19.961244,50.030872,0
                19.961127,50.03101,0
                19.9606,50.030824,0
              </coordinates>
            </LinearRing>
          </outerBoundaryIs>
        </Polygon>
      </Placemark>
      <Placemark>
        <name/>
        <description><![CDATA[opis: <br>Id: 0<br>Nr: 35<br>Opis: lodownia<br>Nr_ok: 35<br>Opis_ok: 35 - lodownia<br>zmiany_1: 0<br>Zmiany: ]]></description>
        <styleUrl>#poly-424242-1200-145</styleUrl>
        <ExtendedData>
          <Data name="opis">
            <value/>
          </Data>
          <Data name="Id">
            <value>0</value>
          </Data>
          <Data name="Nr">
            <value>35</value>
          </Data>
          <Data name="Opis">
            <value>lodownia</value>
          </Data>
          <Data name="Nr_ok">
            <value>35</value>
          </Data>
          <Data name="Opis_ok">
            <value>35 - lodownia</value>
          </Data>
          <Data name="zmiany_1">
            <value>0</value>
          </Data>
          <Data name="Zmiany">
            <value/>
          </Data>
        </ExtendedData>
        <Polygon>
          <outerBoundaryIs>
            <LinearRing>
              <tessellate>1</tessellate>
              <coordinates>
                19.960634,50.030783,0
                19.960388,50.030716,0
                19.96044,50.030636,0
                19.960699,50.030708,0
                19.960634,50.030783,0
              </coordinates>
            </LinearRing>
          </outerBoundaryIs>
        </Polygon>
      </Placemark>
      <Placemark>
        <name/>
        <description><![CDATA[opis: <br>Id: 0<br>Nr: 35<br>Opis: lodownia<br>Nr_ok: 35<br>Opis_ok: 35 - lodownia<br>zmiany_1: 0<br>Zmiany: ]]></description>
        <styleUrl>#poly-424242-1200-145</styleUrl>
        <ExtendedData>
          <Data name="opis">
            <value/>
          </Data>
          <Data name="Id">
            <value>0</value>
          </Data>
          <Data name="Nr">
            <value>35</value>
          </Data>
          <Data name="Opis">
            <value>lodownia</value>
          </Data>
          <Data name="Nr_ok">
            <value>35</value>
          </Data>
          <Data name="Opis_ok">
            <value>35 - lodownia</value>
          </Data>
          <Data name="zmiany_1">
            <value>0</value>
          </Data>
          <Data name="Zmiany">
            <value/>
          </Data>
        </ExtendedData>
        <Polygon>
          <outerBoundaryIs>
            <LinearRing>
              <tessellate>1</tessellate>
              <coordinates>
                19.960209,50.030923,0
                19.960267,50.030849,0
                19.960434,50.030903,0
                19.960376,50.030977,0
                19.960209,50.030923,0
              </coordinates>
            </LinearRing>
          </outerBoundaryIs>
        </Polygon>
      </Placemark>
      <Placemark>
        <name/>
        <description><![CDATA[opis: <br>Id: 0<br>Nr: 38<br>Opis: piekarnia<br>Nr_ok: 38<br>Opis_ok: 38 - piekarnia<br>zmiany_1: 0<br>Zmiany: ]]></description>
        <styleUrl>#poly-424242-1200-145</styleUrl>
        <ExtendedData>
          <Data name="opis">
            <value/>
          </Data>
          <Data name="Id">
            <value>0</value>
          </Data>
          <Data name="Nr">
            <value>38</value>
          </Data>
          <Data name="Opis">
            <value>piekarnia</value>
          </Data>
          <Data name="Nr_ok">
            <value>38</value>
          </Data>
          <Data name="Opis_ok">
            <value>38 - piekarnia</value>
          </Data>
          <Data name="zmiany_1">
            <value>0</value>
          </Data>
          <Data name="Zmiany">
            <value/>
          </Data>
        </ExtendedData>
        <Polygon>
          <outerBoundaryIs>
            <LinearRing>
              <tessellate>1</tessellate>
              <coordinates>
                19.961468,50.031048,0
                19.96137,50.031152,0
                19.961414,50.031171,0
                19.961337,50.031251,0
                19.96126,50.031222,0
                19.961247,50.031238,0
                19.961153,50.031202,0
                19.961342,50.030999,0
                19.961468,50.031048,0
              </coordinates>
            </LinearRing>
          </outerBoundaryIs>
        </Polygon>
      </Placemark>
      <Placemark>
        <name/>
        <description><![CDATA[opis: <br>Id: 0<br>Nr: 0<br>Opis: <br>Nr_ok: 17<br>Opis_ok: <br>zmiany_1: 0<br>Zmiany: ]]></description>
        <styleUrl>#poly-424242-1200-145</styleUrl>
        <ExtendedData>
          <Data name="opis">
            <value/>
          </Data>
          <Data name="Id">
            <value>0</value>
          </Data>
          <Data name="Nr">
            <value>0</value>
          </Data>
          <Data name="Opis">
            <value/>
          </Data>
          <Data name="Nr_ok">
            <value>17</value>
          </Data>
          <Data name="Opis_ok">
            <value/>
          </Data>
          <Data name="zmiany_1">
            <value>0</value>
          </Data>
          <Data name="Zmiany">
            <value/>
          </Data>
        </ExtendedData>
        <Polygon>
          <outerBoundaryIs>
            <LinearRing>
              <tessellate>1</tessellate>
              <coordinates>
                19.95982,50.031602,0
                19.959657,50.031545,0
                19.959874,50.031286,0
                19.960037,50.031343,0
                19.95982,50.031602,0
              </coordinates>
            </LinearRing>
          </outerBoundaryIs>
        </Polygon>
      </Placemark>
      <Placemark>
        <name/>
        <description><![CDATA[opis: <br>Id: 0<br>Nr: 31<br>Opis: magazyn zywnosciowy<br>Nr_ok: 31<br>Opis_ok: 31 - magazyn zywnosciowy<br>zmiany_1: 0<br>Zmiany: ]]></description>
        <styleUrl>#poly-424242-1200-145</styleUrl>
        <ExtendedData>
          <Data name="opis">
            <value/>
          </Data>
          <Data name="Id">
            <value>0</value>
          </Data>
          <Data name="Nr">
            <value>31</value>
          </Data>
          <Data name="Opis">
            <value>magazyn zywnosciowy</value>
          </Data>
          <Data name="Nr_ok">
            <value>31</value>
          </Data>
          <Data name="Opis_ok">
            <value>31 - magazyn zywnosciowy</value>
          </Data>
          <Data name="zmiany_1">
            <value>0</value>
          </Data>
          <Data name="Zmiany">
            <value/>
          </Data>
        </ExtendedData>
        <Polygon>
          <outerBoundaryIs>
            <LinearRing>
              <tessellate>1</tessellate>
              <coordinates>
                19.960419,50.031035,0
                19.961072,50.031259,0
                19.961061,50.031273,0
                19.961081,50.031279,0
                19.961039,50.031328,0
                19.96102,50.031322,0
                19.961006,50.031339,0
                19.960353,50.031115,0
                19.960419,50.031035,0
              </coordinates>
            </LinearRing>
          </outerBoundaryIs>
        </Polygon>
      </Placemark>
      <Placemark>
        <name/>
        <description><![CDATA[opis: <br>Id: 0<br>Nr: 26<br>Opis: barak dla lekarzy i grabarzy<br>Nr_ok: 26<br>Opis_ok: 26 - barak dla lekarzy i grabarzy<br>zmiany_1: 0<br>Zmiany: ]]></description>
        <styleUrl>#poly-424242-1200-145</styleUrl>
        <ExtendedData>
          <Data name="opis">
            <value/>
          </Data>
          <Data name="Id">
            <value>0</value>
          </Data>
          <Data name="Nr">
            <value>26</value>
          </Data>
          <Data name="Opis">
            <value>barak dla lekarzy i grabarzy</value>
          </Data>
          <Data name="Nr_ok">
            <value>26</value>
          </Data>
          <Data name="Opis_ok">
            <value>26 - barak dla lekarzy i grabarzy</value>
          </Data>
          <Data name="zmiany_1">
            <value>0</value>
          </Data>
          <Data name="Zmiany">
            <value/>
          </Data>
        </ExtendedData>
        <Polygon>
          <outerBoundaryIs>
            <LinearRing>
              <tessellate>1</tessellate>
              <coordinates>
                19.960561,50.031337,0
                19.960549,50.031352,0
                19.9608,50.031445,0
                19.960728,50.031525,0
                19.96048,50.031433,0
                19.960165,50.031323,0
                19.960246,50.031227,0
                19.960561,50.031337,0
              </coordinates>
            </LinearRing>
          </outerBoundaryIs>
        </Polygon>
      </Placemark>
      <Placemark>
        <name/>
        <description><![CDATA[opis: <br>Id: 0<br>Nr: 32<br>Opis: latryna dla mezczyzn<br>Nr_ok: 32<br>Opis_ok: 32 - latryna dla mezczyzn<br>zmiany_1: 0<br>Zmiany: ]]></description>
        <styleUrl>#poly-424242-1200-145</styleUrl>
        <ExtendedData>
          <Data name="opis">
            <value/>
          </Data>
          <Data name="Id">
            <value>0</value>
          </Data>
          <Data name="Nr">
            <value>32</value>
          </Data>
          <Data name="Opis">
            <value>latryna dla mezczyzn</value>
          </Data>
          <Data name="Nr_ok">
            <value>32</value>
          </Data>
          <Data name="Opis_ok">
            <value>32 - latryna dla mezczyzn</value>
          </Data>
          <Data name="zmiany_1">
            <value>0</value>
          </Data>
          <Data name="Zmiany">
            <value/>
          </Data>
        </ExtendedData>
        <Polygon>
          <outerBoundaryIs>
            <LinearRing>
              <tessellate>1</tessellate>
              <coordinates>
                19.961518,50.031422,0
                19.961432,50.031519,0
                19.961082,50.031392,0
                19.961168,50.031295,0
                19.961518,50.031422,0
              </coordinates>
            </LinearRing>
          </outerBoundaryIs>
        </Polygon>
      </Placemark>
      <Placemark>
        <name/>
        <description><![CDATA[opis: <br>Id: 0<br>Nr: 27<br>Opis: pralnia<br>Nr_ok: 27<br>Opis_ok: 27 - pralnia<br>zmiany_1: 0<br>Zmiany: ]]></description>
        <styleUrl>#poly-424242-1200-145</styleUrl>
        <ExtendedData>
          <Data name="opis">
            <value/>
          </Data>
          <Data name="Id">
            <value>0</value>
          </Data>
          <Data name="Nr">
            <value>27</value>
          </Data>
          <Data name="Opis">
            <value>pralnia</value>
          </Data>
          <Data name="Nr_ok">
            <value>27</value>
          </Data>
          <Data name="Opis_ok">
            <value>27 - pralnia</value>
          </Data>
          <Data name="zmiany_1">
            <value>0</value>
          </Data>
          <Data name="Zmiany">
            <value/>
          </Data>
        </ExtendedData>
        <Polygon>
          <outerBoundaryIs>
            <LinearRing>
              <tessellate>1</tessellate>
              <coordinates>
                19.960989,50.031499,0
                19.961339,50.031626,0
                19.961245,50.031734,0
                19.960894,50.031607,0
                19.960989,50.031499,0
              </coordinates>
            </LinearRing>
          </outerBoundaryIs>
        </Polygon>
      </Placemark>
      <Placemark>
        <name/>
        <description><![CDATA[opis: <br>Id: 0<br>Nr: 23<br>Opis: pralnia<br>Nr_ok: 23<br>Opis_ok: 23 - pralnia<br>zmiany_1: 0<br>Zmiany: ]]></description>
        <styleUrl>#poly-424242-1200-145</styleUrl>
        <ExtendedData>
          <Data name="opis">
            <value/>
          </Data>
          <Data name="Id">
            <value>0</value>
          </Data>
          <Data name="Nr">
            <value>23</value>
          </Data>
          <Data name="Opis">
            <value>pralnia</value>
          </Data>
          <Data name="Nr_ok">
            <value>23</value>
          </Data>
          <Data name="Opis_ok">
            <value>23 - pralnia</value>
          </Data>
          <Data name="zmiany_1">
            <value>0</value>
          </Data>
          <Data name="Zmiany">
            <value/>
          </Data>
        </ExtendedData>
        <Polygon>
          <outerBoundaryIs>
            <LinearRing>
              <tessellate>1</tessellate>
              <coordinates>
                19.960727,50.031802,0
                19.960857,50.031652,0
                19.961208,50.031778,0
                19.961077,50.031928,0
                19.960727,50.031802,0
              </coordinates>
            </LinearRing>
          </outerBoundaryIs>
        </Polygon>
      </Placemark>
      <Placemark>
        <name/>
        <description><![CDATA[opis: <br>Id: 0<br>Nr: 0<br>Opis: <br>Nr_ok: <br>Opis_ok: <br>zmiany_1: 0<br>Zmiany: ]]></description>
        <styleUrl>#poly-424242-1200-145</styleUrl>
        <ExtendedData>
          <Data name="opis">
            <value/>
          </Data>
          <Data name="Id">
            <value>0</value>
          </Data>
          <Data name="Nr">
            <value>0</value>
          </Data>
          <Data name="Opis">
            <value/>
          </Data>
          <Data name="Nr_ok">
            <value/>
          </Data>
          <Data name="Opis_ok">
            <value/>
          </Data>
          <Data name="zmiany_1">
            <value>0</value>
          </Data>
          <Data name="Zmiany">
            <value/>
          </Data>
        </ExtendedData>
        <Polygon>
          <outerBoundaryIs>
            <LinearRing>
              <tessellate>1</tessellate>
              <coordinates>
                19.961934,50.03106,0
                19.96188,50.031038,0
                19.96193,50.030988,0
                19.961984,50.03101,0
                19.961934,50.03106,0
              </coordinates>
            </LinearRing>
          </outerBoundaryIs>
        </Polygon>
      </Placemark>
      <Placemark>
        <name/>
        <description><![CDATA[opis: <br>Id: 0<br>Nr: 84<br>Opis: slusarnia i blacharnia<br>Nr_ok: 84<br>Opis_ok: 84 - slusarnia i blacharnia<br>zmiany_1: 0<br>Zmiany: ]]></description>
        <styleUrl>#poly-424242-1200-145</styleUrl>
        <ExtendedData>
          <Data name="opis">
            <value/>
          </Data>
          <Data name="Id">
            <value>0</value>
          </Data>
          <Data name="Nr">
            <value>84</value>
          </Data>
          <Data name="Opis">
            <value>slusarnia i blacharnia</value>
          </Data>
          <Data name="Nr_ok">
            <value>84</value>
          </Data>
          <Data name="Opis_ok">
            <value>84 - slusarnia i blacharnia</value>
          </Data>
          <Data name="zmiany_1">
            <value>0</value>
          </Data>
          <Data name="Zmiany">
            <value/>
          </Data>
        </ExtendedData>
        <Polygon>
          <outerBoundaryIs>
            <LinearRing>
              <tessellate>1</tessellate>
              <coordinates>
                19.962155,50.030744,0
                19.962046,50.030708,0
                19.962018,50.030743,0
                19.96176,50.030657,0
                19.961787,50.030622,0
                19.960959,50.030348,0
                19.96103,50.03026,0
                19.962225,50.030656,0
                19.962155,50.030744,0
              </coordinates>
            </LinearRing>
          </outerBoundaryIs>
        </Polygon>
      </Placemark>
      <Placemark>
        <name/>
        <description><![CDATA[opis: <br>Id: 0<br>Nr: 89<br>Opis: warsztaty metalowe<br>Nr_ok: 89<br>Opis_ok: 89 - warsztaty metalowe<br>zmiany_1: 0<br>Zmiany: ]]></description>
        <styleUrl>#poly-424242-1200-145</styleUrl>
        <ExtendedData>
          <Data name="opis">
            <value/>
          </Data>
          <Data name="Id">
            <value>0</value>
          </Data>
          <Data name="Nr">
            <value>89</value>
          </Data>
          <Data name="Opis">
            <value>warsztaty metalowe</value>
          </Data>
          <Data name="Nr_ok">
            <value>89</value>
          </Data>
          <Data name="Opis_ok">
            <value>89 - warsztaty metalowe</value>
          </Data>
          <Data name="zmiany_1">
            <value>0</value>
          </Data>
          <Data name="Zmiany">
            <value/>
          </Data>
        </ExtendedData>
        <Polygon>
          <outerBoundaryIs>
            <LinearRing>
              <tessellate>1</tessellate>
              <coordinates>
                19.962359,50.030488,0
                19.962295,50.030568,0
                19.9611,50.030172,0
                19.961164,50.030092,0
                19.962359,50.030488,0
              </coordinates>
            </LinearRing>
          </outerBoundaryIs>
        </Polygon>
      </Placemark>
      <Placemark>
        <name/>
        <description><![CDATA[opis: <br>Id: 0<br>Nr: 90<br>Opis: warsztaty papierowe<br>Nr_ok: 90<br>Opis_ok: 90 - warsztaty papierowe<br>zmiany_1: 0<br>Zmiany: ]]></description>
        <styleUrl>#poly-424242-1200-145</styleUrl>
        <ExtendedData>
          <Data name="opis">
            <value/>
          </Data>
          <Data name="Id">
            <value>0</value>
          </Data>
          <Data name="Nr">
            <value>90</value>
          </Data>
          <Data name="Opis">
            <value>warsztaty papierowe</value>
          </Data>
          <Data name="Nr_ok">
            <value>90</value>
          </Data>
          <Data name="Opis_ok">
            <value>90 - warsztaty papierowe</value>
          </Data>
          <Data name="zmiany_1">
            <value>0</value>
          </Data>
          <Data name="Zmiany">
            <value/>
          </Data>
        </ExtendedData>
        <Polygon>
          <outerBoundaryIs>
            <LinearRing>
              <tessellate>1</tessellate>
              <coordinates>
                19.963546,50.030973,0
                19.962392,50.030591,0
                19.962444,50.030525,0
                19.963598,50.030907,0
                19.963546,50.030973,0
              </coordinates>
            </LinearRing>
          </outerBoundaryIs>
        </Polygon>
      </Placemark>
      <Placemark>
        <name/>
        <description><![CDATA[opis: <br>Id: 0<br>Nr: 85<br>Opis: warsztaty papiernicze<br>Nr_ok: 85<br>Opis_ok: 85 - warsztaty papiernicze<br>zmiany_1: 0<br>Zmiany: ]]></description>
        <styleUrl>#poly-424242-1200-145</styleUrl>
        <ExtendedData>
          <Data name="opis">
            <value/>
          </Data>
          <Data name="Id">
            <value>0</value>
          </Data>
          <Data name="Nr">
            <value>85</value>
          </Data>
          <Data name="Opis">
            <value>warsztaty papiernicze</value>
          </Data>
          <Data name="Nr_ok">
            <value>85</value>
          </Data>
          <Data name="Opis_ok">
            <value>85 - warsztaty papiernicze</value>
          </Data>
          <Data name="zmiany_1">
            <value>0</value>
          </Data>
          <Data name="Zmiany">
            <value/>
          </Data>
        </ExtendedData>
        <Polygon>
          <outerBoundaryIs>
            <LinearRing>
              <tessellate>1</tessellate>
              <coordinates>
                19.963073,50.030991,0
                19.963135,50.030913,0
                19.963394,50.030998,0
                19.963331,50.031077,0
                19.963073,50.030991,0
              </coordinates>
            </LinearRing>
          </outerBoundaryIs>
        </Polygon>
      </Placemark>
      <Placemark>
        <name/>
        <description><![CDATA[opis: <br>Id: 0<br>Nr: 0<br>Opis: <br>Nr_ok: <br>Opis_ok: <br>zmiany_1: 0<br>Zmiany: ]]></description>
        <styleUrl>#poly-424242-1200-145</styleUrl>
        <ExtendedData>
          <Data name="opis">
            <value/>
          </Data>
          <Data name="Id">
            <value>0</value>
          </Data>
          <Data name="Nr">
            <value>0</value>
          </Data>
          <Data name="Opis">
            <value/>
          </Data>
          <Data name="Nr_ok">
            <value/>
          </Data>
          <Data name="Opis_ok">
            <value/>
          </Data>
          <Data name="zmiany_1">
            <value>0</value>
          </Data>
          <Data name="Zmiany">
            <value/>
          </Data>
        </ExtendedData>
        <Polygon>
          <outerBoundaryIs>
            <LinearRing>
              <tessellate>1</tessellate>
              <coordinates>
                19.962287,50.030731,0
                19.96235,50.030653,0
                19.963015,50.030873,0
                19.962953,50.030951,0
                19.962287,50.030731,0
              </coordinates>
            </LinearRing>
          </outerBoundaryIs>
        </Polygon>
      </Placemark>
      <Placemark>
        <name/>
        <description><![CDATA[opis: <br>Id: 0<br>Nr: 81<br>Opis: magazyn centralny<br>Nr_ok: 81<br>Opis_ok: 81 - magazyn centralny<br>zmiany_1: 0<br>Zmiany: ]]></description>
        <styleUrl>#poly-424242-1200-145</styleUrl>
        <ExtendedData>
          <Data name="opis">
            <value/>
          </Data>
          <Data name="Id">
            <value>0</value>
          </Data>
          <Data name="Nr">
            <value>81</value>
          </Data>
          <Data name="Opis">
            <value>magazyn centralny</value>
          </Data>
          <Data name="Nr_ok">
            <value>81</value>
          </Data>
          <Data name="Opis_ok">
            <value>81 - magazyn centralny</value>
          </Data>
          <Data name="zmiany_1">
            <value>0</value>
          </Data>
          <Data name="Zmiany">
            <value/>
          </Data>
        </ExtendedData>
        <Polygon>
          <outerBoundaryIs>
            <LinearRing>
              <tessellate>1</tessellate>
              <coordinates>
                19.962186,50.030858,0
                19.96226,50.030765,0
                19.962925,50.030986,0
                19.962851,50.031078,0
                19.962186,50.030858,0
              </coordinates>
            </LinearRing>
          </outerBoundaryIs>
        </Polygon>
      </Placemark>
      <Placemark>
        <name/>
        <description><![CDATA[opis: <br>Id: 0<br>Nr: 82<br>Opis: warsztat<br>Nr_ok: 82<br>Opis_ok: 82 - warsztat<br>zmiany_1: 0<br>Zmiany: ]]></description>
        <styleUrl>#poly-424242-1200-145</styleUrl>
        <ExtendedData>
          <Data name="opis">
            <value/>
          </Data>
          <Data name="Id">
            <value>0</value>
          </Data>
          <Data name="Nr">
            <value>82</value>
          </Data>
          <Data name="Opis">
            <value>warsztat</value>
          </Data>
          <Data name="Nr_ok">
            <value>82</value>
          </Data>
          <Data name="Opis_ok">
            <value>82 - warsztat</value>
          </Data>
          <Data name="zmiany_1">
            <value>0</value>
          </Data>
          <Data name="Zmiany">
            <value/>
          </Data>
        </ExtendedData>
        <Polygon>
          <outerBoundaryIs>
            <LinearRing>
              <tessellate>1</tessellate>
              <coordinates>
                19.963391,50.031163,0
                19.964069,50.031388,0
                19.964001,50.031475,0
                19.963322,50.03125,0
                19.963391,50.031163,0
              </coordinates>
            </LinearRing>
          </outerBoundaryIs>
        </Polygon>
      </Placemark>
      <Placemark>
        <name/>
        <description><![CDATA[opis: <br>Id: 0<br>Nr: 86<br>Opis: warsztat elektryczny<br>Nr_ok: 86<br>Opis_ok: 86 - warsztat elektryczny<br>zmiany_1: 0<br>Zmiany: ]]></description>
        <styleUrl>#poly-424242-1200-145</styleUrl>
        <ExtendedData>
          <Data name="opis">
            <value/>
          </Data>
          <Data name="Id">
            <value>0</value>
          </Data>
          <Data name="Nr">
            <value>86</value>
          </Data>
          <Data name="Opis">
            <value>warsztat elektryczny</value>
          </Data>
          <Data name="Nr_ok">
            <value>86</value>
          </Data>
          <Data name="Opis_ok">
            <value>86 - warsztat elektryczny</value>
          </Data>
          <Data name="zmiany_1">
            <value>0</value>
          </Data>
          <Data name="Zmiany">
            <value/>
          </Data>
        </ExtendedData>
        <Polygon>
          <outerBoundaryIs>
            <LinearRing>
              <tessellate>1</tessellate>
              <coordinates>
                19.964466,50.031221,0
                19.96463,50.031277,0
                19.964514,50.031416,0
                19.96435,50.03136,0
                19.964466,50.031221,0
              </coordinates>
            </LinearRing>
          </outerBoundaryIs>
        </Polygon>
      </Placemark>
      <Placemark>
        <name/>
        <description><![CDATA[opis: <br>Id: 0<br>Nr: 57<br>Opis: barak dla mezczyzn<br>Nr_ok: 57<br>Opis_ok: 57 - barak dla mezczyzn<br>zmiany_1: 0<br>Zmiany: ]]></description>
        <styleUrl>#poly-424242-1200-145</styleUrl>
        <ExtendedData>
          <Data name="opis">
            <value/>
          </Data>
          <Data name="Id">
            <value>0</value>
          </Data>
          <Data name="Nr">
            <value>57</value>
          </Data>
          <Data name="Opis">
            <value>barak dla mezczyzn</value>
          </Data>
          <Data name="Nr_ok">
            <value>57</value>
          </Data>
          <Data name="Opis_ok">
            <value>57 - barak dla mezczyzn</value>
          </Data>
          <Data name="zmiany_1">
            <value>0</value>
          </Data>
          <Data name="Zmiany">
            <value/>
          </Data>
        </ExtendedData>
        <Polygon>
          <outerBoundaryIs>
            <LinearRing>
              <tessellate>1</tessellate>
              <coordinates>
                19.96486,50.032373,0
                19.965326,50.032539,0
                19.965258,50.032618,0
                19.964793,50.032452,0
                19.96486,50.032373,0
              </coordinates>
            </LinearRing>
          </outerBoundaryIs>
        </Polygon>
      </Placemark>
      <Placemark>
        <name/>
        <description><![CDATA[opis: <br>Id: 0<br>Nr: 56<br>Opis: barak dla mezczyzn<br>Nr_ok: 56<br>Opis_ok: 56 - barak dla mezczyzn<br>zmiany_1: 0<br>Zmiany: ]]></description>
        <styleUrl>#poly-424242-1200-145</styleUrl>
        <ExtendedData>
          <Data name="opis">
            <value/>
          </Data>
          <Data name="Id">
            <value>0</value>
          </Data>
          <Data name="Nr">
            <value>56</value>
          </Data>
          <Data name="Opis">
            <value>barak dla mezczyzn</value>
          </Data>
          <Data name="Nr_ok">
            <value>56</value>
          </Data>
          <Data name="Opis_ok">
            <value>56 - barak dla mezczyzn</value>
          </Data>
          <Data name="zmiany_1">
            <value>0</value>
          </Data>
          <Data name="Zmiany">
            <value/>
          </Data>
        </ExtendedData>
        <Polygon>
          <outerBoundaryIs>
            <LinearRing>
              <tessellate>1</tessellate>
              <coordinates>
                19.964707,50.032551,0
                19.965173,50.032717,0
                19.965099,50.032804,0
                19.964633,50.032638,0
                19.964707,50.032551,0
              </coordinates>
            </LinearRing>
          </outerBoundaryIs>
        </Polygon>
      </Placemark>
      <Placemark>
        <name/>
        <description><![CDATA[opis: <br>Id: 0<br>Nr: 55<br>Opis: barak dla mezczyzn<br>Nr_ok: 55<br>Opis_ok: 55 - barak dla mezczyzn<br>zmiany_1: 0<br>Zmiany: ]]></description>
        <styleUrl>#poly-424242-1200-145</styleUrl>
        <ExtendedData>
          <Data name="opis">
            <value/>
          </Data>
          <Data name="Id">
            <value>0</value>
          </Data>
          <Data name="Nr">
            <value>55</value>
          </Data>
          <Data name="Opis">
            <value>barak dla mezczyzn</value>
          </Data>
          <Data name="Nr_ok">
            <value>55</value>
          </Data>
          <Data name="Opis_ok">
            <value>55 - barak dla mezczyzn</value>
          </Data>
          <Data name="zmiany_1">
            <value>0</value>
          </Data>
          <Data name="Zmiany">
            <value/>
          </Data>
        </ExtendedData>
        <Polygon>
          <outerBoundaryIs>
            <LinearRing>
              <tessellate>1</tessellate>
              <coordinates>
                19.965025,50.03289,0
                19.964949,50.032978,0
                19.964484,50.032812,0
                19.964559,50.032724,0
                19.965025,50.03289,0
              </coordinates>
            </LinearRing>
          </outerBoundaryIs>
        </Polygon>
      </Placemark>
      <Placemark>
        <name/>
        <description><![CDATA[opis: <br>Id: 0<br>Nr: 54<br>Opis: barak dla mezczyzn<br>Nr_ok: 54<br>Opis_ok: 54 - barak dla mezczyzn<br>zmiany_1: 0<br>Zmiany: ]]></description>
        <styleUrl>#poly-424242-1200-145</styleUrl>
        <ExtendedData>
          <Data name="opis">
            <value/>
          </Data>
          <Data name="Id">
            <value>0</value>
          </Data>
          <Data name="Nr">
            <value>54</value>
          </Data>
          <Data name="Opis">
            <value>barak dla mezczyzn</value>
          </Data>
          <Data name="Nr_ok">
            <value>54</value>
          </Data>
          <Data name="Opis_ok">
            <value>54 - barak dla mezczyzn</value>
          </Data>
          <Data name="zmiany_1">
            <value>0</value>
          </Data>
          <Data name="Zmiany">
            <value/>
          </Data>
        </ExtendedData>
        <Polygon>
          <outerBoundaryIs>
            <LinearRing>
              <tessellate>1</tessellate>
              <coordinates>
                19.964881,50.033058,0
                19.964806,50.033145,0
                19.96434,50.032979,0
                19.964415,50.032892,0
                19.964881,50.033058,0
              </coordinates>
            </LinearRing>
          </outerBoundaryIs>
        </Polygon>
      </Placemark>
      <Placemark>
        <name/>
        <description><![CDATA[opis: <br>Id: 0<br>Nr: 53<br>Opis: barak dla mezczyzn<br>Nr_ok: 53<br>Opis_ok: 53 - barak dla mezczyzn<br>zmiany_1: 0<br>Zmiany: ]]></description>
        <styleUrl>#poly-424242-1200-145</styleUrl>
        <ExtendedData>
          <Data name="opis">
            <value/>
          </Data>
          <Data name="Id">
            <value>0</value>
          </Data>
          <Data name="Nr">
            <value>53</value>
          </Data>
          <Data name="Opis">
            <value>barak dla mezczyzn</value>
          </Data>
          <Data name="Nr_ok">
            <value>53</value>
          </Data>
          <Data name="Opis_ok">
            <value>53 - barak dla mezczyzn</value>
          </Data>
          <Data name="zmiany_1">
            <value>0</value>
          </Data>
          <Data name="Zmiany">
            <value/>
          </Data>
        </ExtendedData>
        <Polygon>
          <outerBoundaryIs>
            <LinearRing>
              <tessellate>1</tessellate>
              <coordinates>
                19.964732,50.033231,0
                19.964656,50.033319,0
                19.964191,50.033153,0
                19.964266,50.033065,0
                19.964732,50.033231,0
              </coordinates>
            </LinearRing>
          </outerBoundaryIs>
        </Polygon>
      </Placemark>
      <Placemark>
        <name/>
        <description><![CDATA[opis: <br>Id: 0<br>Nr: 52<br>Opis: barak dla mezczyzn<br>Nr_ok: 52<br>Opis_ok: 52 - barak dla mezczyzn<br>zmiany_1: 0<br>Zmiany: ]]></description>
        <styleUrl>#poly-424242-1200-145</styleUrl>
        <ExtendedData>
          <Data name="opis">
            <value/>
          </Data>
          <Data name="Id">
            <value>0</value>
          </Data>
          <Data name="Nr">
            <value>52</value>
          </Data>
          <Data name="Opis">
            <value>barak dla mezczyzn</value>
          </Data>
          <Data name="Nr_ok">
            <value>52</value>
          </Data>
          <Data name="Opis_ok">
            <value>52 - barak dla mezczyzn</value>
          </Data>
          <Data name="zmiany_1">
            <value>0</value>
          </Data>
          <Data name="Zmiany">
            <value/>
          </Data>
        </ExtendedData>
        <Polygon>
          <outerBoundaryIs>
            <LinearRing>
              <tessellate>1</tessellate>
              <coordinates>
                19.964102,50.033256,0
                19.964568,50.033422,0
                19.964499,50.033501,0
                19.964034,50.033336,0
                19.964102,50.033256,0
              </coordinates>
            </LinearRing>
          </outerBoundaryIs>
        </Polygon>
      </Placemark>
      <Placemark>
        <name/>
        <description><![CDATA[opis: <br>Id: 0<br>Nr: 164<br>Opis: <br>Nr_ok: 164<br>Opis_ok: 164 - dom pogrzebowy<br>zmiany_1: 0<br>Zmiany: ]]></description>
        <styleUrl>#poly-424242-1200-145</styleUrl>
        <ExtendedData>
          <Data name="opis">
            <value/>
          </Data>
          <Data name="Id">
            <value>0</value>
          </Data>
          <Data name="Nr">
            <value>164</value>
          </Data>
          <Data name="Opis">
            <value/>
          </Data>
          <Data name="Nr_ok">
            <value>164</value>
          </Data>
          <Data name="Opis_ok">
            <value>164 - dom pogrzebowy</value>
          </Data>
          <Data name="zmiany_1">
            <value>0</value>
          </Data>
          <Data name="Zmiany">
            <value/>
          </Data>
        </ExtendedData>
        <Polygon>
          <outerBoundaryIs>
            <LinearRing>
              <tessellate>1</tessellate>
              <coordinates>
                19.965509,50.033666,0
                19.965448,50.033673,0
                19.965446,50.033668,0
                19.965419,50.033671,0
                19.965421,50.033677,0
                19.965358,50.033684,0
                19.965358,50.033688,0
                19.965222,50.033704,0
                19.965218,50.033689,0
                19.965224,50.033689,0
                19.96522,50.033672,0
                19.965214,50.033673,0
                19.965197,50.033615,0
                19.965288,50.033605,0
                19.965289,50.033608,0
                19.965315,50.033606,0
                19.965313,50.033602,0
                19.965336,50.033599,0
                19.965337,50.033602,0
                19.96535,50.0336,0
                19.965351,50.033605,0
                19.965376,50.033602,0
                19.965375,50.033597,0
                19.965399,50.033594,0
                19.9654,50.0336,0
                19.965425,50.033596,0
                19.965424,50.033592,0
                19.965486,50.033585,0
                19.965509,50.033666,0
              </coordinates>
            </LinearRing>
          </outerBoundaryIs>
        </Polygon>
      </Placemark>
      <Placemark>
        <name/>
        <description><![CDATA[opis: <br>Id: 0<br>Nr: 0<br>Opis: Wybieg psow<br>Nr_ok: <br>Opis_ok: Wybieg psow<br>zmiany_1: 0<br>Zmiany: ]]></description>
        <styleUrl>#poly-424242-1200-145</styleUrl>
        <ExtendedData>
          <Data name="opis">
            <value/>
          </Data>
          <Data name="Id">
            <value>0</value>
          </Data>
          <Data name="Nr">
            <value>0</value>
          </Data>
          <Data name="Opis">
            <value>Wybieg psow</value>
          </Data>
          <Data name="Nr_ok">
            <value/>
          </Data>
          <Data name="Opis_ok">
            <value>Wybieg psow</value>
          </Data>
          <Data name="zmiany_1">
            <value>0</value>
          </Data>
          <Data name="Zmiany">
            <value/>
          </Data>
        </ExtendedData>
        <Polygon>
          <outerBoundaryIs>
            <LinearRing>
              <tessellate>1</tessellate>
              <coordinates>
                19.966774,50.031263,0
                19.966783,50.031094,0
                19.967019,50.031099,0
                19.967011,50.031268,0
                19.966774,50.031263,0
              </coordinates>
            </LinearRing>
          </outerBoundaryIs>
        </Polygon>
      </Placemark>
      <Placemark>
        <name/>
        <description><![CDATA[opis: <br>Id: 0<br>Nr: 156<br>Opis: <br>Nr_ok: 156<br>Opis_ok: <br>zmiany_1: 0<br>Zmiany: ]]></description>
        <styleUrl>#poly-424242-1200-145</styleUrl>
        <ExtendedData>
          <Data name="opis">
            <value/>
          </Data>
          <Data name="Id">
            <value>0</value>
          </Data>
          <Data name="Nr">
            <value>156</value>
          </Data>
          <Data name="Opis">
            <value/>
          </Data>
          <Data name="Nr_ok">
            <value>156</value>
          </Data>
          <Data name="Opis_ok">
            <value/>
          </Data>
          <Data name="zmiany_1">
            <value>0</value>
          </Data>
          <Data name="Zmiany">
            <value/>
          </Data>
        </ExtendedData>
        <Polygon>
          <outerBoundaryIs>
            <LinearRing>
              <tessellate>1</tessellate>
              <coordinates>
                19.966753,50.034538,0
                19.966815,50.034478,0
                19.966999,50.034556,0
                19.966938,50.034617,0
                19.966753,50.034538,0
              </coordinates>
            </LinearRing>
          </outerBoundaryIs>
        </Polygon>
      </Placemark>
      <Placemark>
        <name/>
        <description><![CDATA[opis: <br>Id: <br>Nr: <br>Opis: <br>Nr_ok: <br>Opis_ok: <br>zmiany_1: <br>Zmiany: ]]></description>
        <styleUrl>#poly-424242-1200-145</styleUrl>
        <ExtendedData>
          <Data name="opis">
            <value/>
          </Data>
          <Data name="Id">
            <value/>
          </Data>
          <Data name="Nr">
            <value/>
          </Data>
          <Data name="Opis">
            <value/>
          </Data>
          <Data name="Nr_ok">
            <value/>
          </Data>
          <Data name="Opis_ok">
            <value/>
          </Data>
          <Data name="zmiany_1">
            <value/>
          </Data>
          <Data name="Zmiany">
            <value/>
          </Data>
        </ExtendedData>
        <Polygon>
          <outerBoundaryIs>
            <LinearRing>
              <tessellate>1</tessellate>
              <coordinates>
                19.966203,50.027733,0
                19.9664,50.027734,0
                19.966399,50.027824,0
                19.966201,50.027823,0
                19.966203,50.027733,0
              </coordinates>
            </LinearRing>
          </outerBoundaryIs>
        </Polygon>
      </Placemark>
      <Placemark>
        <name/>
        <description><![CDATA[opis: <br>Id: <br>Nr: <br>Opis: <br>Nr_ok: <br>Opis_ok: <br>zmiany_1: <br>Zmiany: ]]></description>
        <styleUrl>#poly-424242-1200-145</styleUrl>
        <ExtendedData>
          <Data name="opis">
            <value/>
          </Data>
          <Data name="Id">
            <value/>
          </Data>
          <Data name="Nr">
            <value/>
          </Data>
          <Data name="Opis">
            <value/>
          </Data>
          <Data name="Nr_ok">
            <value/>
          </Data>
          <Data name="Opis_ok">
            <value/>
          </Data>
          <Data name="zmiany_1">
            <value/>
          </Data>
          <Data name="Zmiany">
            <value/>
          </Data>
        </ExtendedData>
        <Polygon>
          <outerBoundaryIs>
            <LinearRing>
              <tessellate>1</tessellate>
              <coordinates>
                19.966559,50.027493,0
                19.966533,50.02738,0
                19.966629,50.02737,0
                19.966656,50.027484,0
                19.966559,50.027493,0
              </coordinates>
            </LinearRing>
          </outerBoundaryIs>
        </Polygon>
      </Placemark>
      <Placemark>
        <name/>
        <description><![CDATA[opis: <br>Id: <br>Nr: <br>Opis: <br>Nr_ok: <br>Opis_ok: <br>zmiany_1: <br>Zmiany: ]]></description>
        <styleUrl>#poly-424242-1200-145</styleUrl>
        <ExtendedData>
          <Data name="opis">
            <value/>
          </Data>
          <Data name="Id">
            <value/>
          </Data>
          <Data name="Nr">
            <value/>
          </Data>
          <Data name="Opis">
            <value/>
          </Data>
          <Data name="Nr_ok">
            <value/>
          </Data>
          <Data name="Opis_ok">
            <value/>
          </Data>
          <Data name="zmiany_1">
            <value/>
          </Data>
          <Data name="Zmiany">
            <value/>
          </Data>
        </ExtendedData>
        <Polygon>
          <outerBoundaryIs>
            <LinearRing>
              <tessellate>1</tessellate>
              <coordinates>
                19.966968,50.027724,0
                19.96702,50.027618,0
                19.967241,50.027664,0
                19.967188,50.02777,0
                19.966968,50.027724,0
              </coordinates>
            </LinearRing>
          </outerBoundaryIs>
        </Polygon>
      </Placemark>
      <Placemark>
        <name/>
        <description><![CDATA[opis: <br>Id: <br>Nr: <br>Opis: <br>Nr_ok: <br>Opis_ok: <br>zmiany_1: <br>Zmiany: ]]></description>
        <styleUrl>#poly-424242-1200-145</styleUrl>
        <ExtendedData>
          <Data name="opis">
            <value/>
          </Data>
          <Data name="Id">
            <value/>
          </Data>
          <Data name="Nr">
            <value/>
          </Data>
          <Data name="Opis">
            <value/>
          </Data>
          <Data name="Nr_ok">
            <value/>
          </Data>
          <Data name="Opis_ok">
            <value/>
          </Data>
          <Data name="zmiany_1">
            <value/>
          </Data>
          <Data name="Zmiany">
            <value/>
          </Data>
        </ExtendedData>
        <Polygon>
          <outerBoundaryIs>
            <LinearRing>
              <tessellate>1</tessellate>
              <coordinates>
                19.967485,50.027651,0
                19.967535,50.027549,0
                19.967714,50.027586,0
                19.967665,50.027688,0
                19.967485,50.027651,0
              </coordinates>
            </LinearRing>
          </outerBoundaryIs>
        </Polygon>
      </Placemark>
      <Placemark>
        <name/>
        <description><![CDATA[opis: <br>Id: <br>Nr: <br>Opis: <br>Nr_ok: <br>Opis_ok: <br>zmiany_1: <br>Zmiany: ]]></description>
        <styleUrl>#poly-424242-1200-145</styleUrl>
        <ExtendedData>
          <Data name="opis">
            <value/>
          </Data>
          <Data name="Id">
            <value/>
          </Data>
          <Data name="Nr">
            <value/>
          </Data>
          <Data name="Opis">
            <value/>
          </Data>
          <Data name="Nr_ok">
            <value/>
          </Data>
          <Data name="Opis_ok">
            <value/>
          </Data>
          <Data name="zmiany_1">
            <value/>
          </Data>
          <Data name="Zmiany">
            <value/>
          </Data>
        </ExtendedData>
        <Polygon>
          <outerBoundaryIs>
            <LinearRing>
              <tessellate>1</tessellate>
              <coordinates>
                19.9679,50.027605,0
                19.967921,50.02757,0
                19.968066,50.027605,0
                19.968046,50.02764,0
                19.9679,50.027605,0
              </coordinates>
            </LinearRing>
          </outerBoundaryIs>
        </Polygon>
      </Placemark>
      <Placemark>
        <name/>
        <description><![CDATA[opis: <br>Id: <br>Nr: <br>Opis: <br>Nr_ok: <br>Opis_ok: <br>zmiany_1: <br>Zmiany: ]]></description>
        <styleUrl>#poly-424242-1200-145</styleUrl>
        <ExtendedData>
          <Data name="opis">
            <value/>
          </Data>
          <Data name="Id">
            <value/>
          </Data>
          <Data name="Nr">
            <value/>
          </Data>
          <Data name="Opis">
            <value/>
          </Data>
          <Data name="Nr_ok">
            <value/>
          </Data>
          <Data name="Opis_ok">
            <value/>
          </Data>
          <Data name="zmiany_1">
            <value/>
          </Data>
          <Data name="Zmiany">
            <value/>
          </Data>
        </ExtendedData>
        <Polygon>
          <outerBoundaryIs>
            <LinearRing>
              <tessellate>1</tessellate>
              <coordinates>
                19.968007,50.027788,0
                19.968104,50.027628,0
                19.968202,50.027653,0
                19.968105,50.027813,0
                19.968007,50.027788,0
              </coordinates>
            </LinearRing>
          </outerBoundaryIs>
        </Polygon>
      </Placemark>
      <Placemark>
        <name/>
        <description><![CDATA[opis: <br>Id: <br>Nr: <br>Opis: <br>Nr_ok: <br>Opis_ok: <br>zmiany_1: <br>Zmiany: ]]></description>
        <styleUrl>#poly-424242-1200-145</styleUrl>
        <ExtendedData>
          <Data name="opis">
            <value/>
          </Data>
          <Data name="Id">
            <value/>
          </Data>
          <Data name="Nr">
            <value/>
          </Data>
          <Data name="Opis">
            <value/>
          </Data>
          <Data name="Nr_ok">
            <value/>
          </Data>
          <Data name="Opis_ok">
            <value/>
          </Data>
          <Data name="zmiany_1">
            <value/>
          </Data>
          <Data name="Zmiany">
            <value/>
          </Data>
        </ExtendedData>
        <Polygon>
          <outerBoundaryIs>
            <LinearRing>
              <tessellate>1</tessellate>
              <coordinates>
                19.967222,50.028156,0
                19.967263,50.028056,0
                19.967467,50.02809,0
                19.967426,50.028191,0
                19.967222,50.028156,0
              </coordinates>
            </LinearRing>
          </outerBoundaryIs>
        </Polygon>
      </Placemark>
      <Placemark>
        <name/>
        <description><![CDATA[opis: <br>Id: <br>Nr: <br>Opis: <br>Nr_ok: <br>Opis_ok: <br>zmiany_1: <br>Zmiany: ]]></description>
        <styleUrl>#poly-424242-1200-145</styleUrl>
        <ExtendedData>
          <Data name="opis">
            <value/>
          </Data>
          <Data name="Id">
            <value/>
          </Data>
          <Data name="Nr">
            <value/>
          </Data>
          <Data name="Opis">
            <value/>
          </Data>
          <Data name="Nr_ok">
            <value/>
          </Data>
          <Data name="Opis_ok">
            <value/>
          </Data>
          <Data name="zmiany_1">
            <value/>
          </Data>
          <Data name="Zmiany">
            <value/>
          </Data>
        </ExtendedData>
        <Polygon>
          <outerBoundaryIs>
            <LinearRing>
              <tessellate>1</tessellate>
              <coordinates>
                19.9677,50.028053,0
                19.967983,50.028111,0
                19.967938,50.028203,0
                19.967654,50.028145,0
                19.9677,50.028053,0
              </coordinates>
            </LinearRing>
          </outerBoundaryIs>
        </Polygon>
      </Placemark>
      <Placemark>
        <name/>
        <description><![CDATA[opis: <br>Id: <br>Nr: <br>Opis: <br>Nr_ok: <br>Opis_ok: <br>zmiany_1: <br>Zmiany: ]]></description>
        <styleUrl>#poly-424242-1200-145</styleUrl>
        <ExtendedData>
          <Data name="opis">
            <value/>
          </Data>
          <Data name="Id">
            <value/>
          </Data>
          <Data name="Nr">
            <value/>
          </Data>
          <Data name="Opis">
            <value/>
          </Data>
          <Data name="Nr_ok">
            <value/>
          </Data>
          <Data name="Opis_ok">
            <value/>
          </Data>
          <Data name="zmiany_1">
            <value/>
          </Data>
          <Data name="Zmiany">
            <value/>
          </Data>
        </ExtendedData>
        <Polygon>
          <outerBoundaryIs>
            <LinearRing>
              <tessellate>1</tessellate>
              <coordinates>
                19.968555,50.028159,0
                19.968628,50.028017,0
                19.968843,50.028064,0
                19.96877,50.028205,0
                19.968555,50.028159,0
              </coordinates>
            </LinearRing>
          </outerBoundaryIs>
        </Polygon>
      </Placemark>
      <Placemark>
        <name/>
        <description><![CDATA[opis: <br>Id: <br>Nr: <br>Opis: <br>Nr_ok: <br>Opis_ok: <br>zmiany_1: <br>Zmiany: ]]></description>
        <styleUrl>#poly-424242-1200-145</styleUrl>
        <ExtendedData>
          <Data name="opis">
            <value/>
          </Data>
          <Data name="Id">
            <value/>
          </Data>
          <Data name="Nr">
            <value/>
          </Data>
          <Data name="Opis">
            <value/>
          </Data>
          <Data name="Nr_ok">
            <value/>
          </Data>
          <Data name="Opis_ok">
            <value/>
          </Data>
          <Data name="zmiany_1">
            <value/>
          </Data>
          <Data name="Zmiany">
            <value/>
          </Data>
        </ExtendedData>
        <Polygon>
          <outerBoundaryIs>
            <LinearRing>
              <tessellate>1</tessellate>
              <coordinates>
                19.96838,50.02835,0
                19.968447,50.028224,0
                19.968637,50.028266,0
                19.968569,50.028392,0
                19.96838,50.02835,0
              </coordinates>
            </LinearRing>
          </outerBoundaryIs>
        </Polygon>
      </Placemark>
      <Placemark>
        <name/>
        <description><![CDATA[opis: <br>Id: <br>Nr: <br>Opis: <br>Nr_ok: <br>Opis_ok: <br>zmiany_1: <br>Zmiany: ]]></description>
        <styleUrl>#poly-424242-1200-145</styleUrl>
        <ExtendedData>
          <Data name="opis">
            <value/>
          </Data>
          <Data name="Id">
            <value/>
          </Data>
          <Data name="Nr">
            <value/>
          </Data>
          <Data name="Opis">
            <value/>
          </Data>
          <Data name="Nr_ok">
            <value/>
          </Data>
          <Data name="Opis_ok">
            <value/>
          </Data>
          <Data name="zmiany_1">
            <value/>
          </Data>
          <Data name="Zmiany">
            <value/>
          </Data>
        </ExtendedData>
        <Polygon>
          <outerBoundaryIs>
            <LinearRing>
              <tessellate>1</tessellate>
              <coordinates>
                19.968947,50.028191,0
                19.969007,50.028082,0
                19.969156,50.028116,0
                19.969097,50.028225,0
                19.968947,50.028191,0
              </coordinates>
            </LinearRing>
          </outerBoundaryIs>
        </Polygon>
      </Placemark>
      <Placemark>
        <name/>
        <description><![CDATA[opis: <br>Id: <br>Nr: <br>Opis: <br>Nr_ok: <br>Opis_ok: <br>zmiany_1: <br>Zmiany: ]]></description>
        <styleUrl>#poly-424242-1200-145</styleUrl>
        <ExtendedData>
          <Data name="opis">
            <value/>
          </Data>
          <Data name="Id">
            <value/>
          </Data>
          <Data name="Nr">
            <value/>
          </Data>
          <Data name="Opis">
            <value/>
          </Data>
          <Data name="Nr_ok">
            <value/>
          </Data>
          <Data name="Opis_ok">
            <value/>
          </Data>
          <Data name="zmiany_1">
            <value/>
          </Data>
          <Data name="Zmiany">
            <value/>
          </Data>
        </ExtendedData>
        <Polygon>
          <outerBoundaryIs>
            <LinearRing>
              <tessellate>1</tessellate>
              <coordinates>
                19.968789,50.027858,0
                19.968833,50.027798,0
                19.968983,50.027843,0
                19.968939,50.027903,0
                19.968789,50.027858,0
              </coordinates>
            </LinearRing>
          </outerBoundaryIs>
        </Polygon>
      </Placemark>
      <Placemark>
        <name/>
        <description><![CDATA[opis: <br>Id: <br>Nr: <br>Opis: <br>Nr_ok: <br>Opis_ok: <br>zmiany_1: <br>Zmiany: ]]></description>
        <styleUrl>#poly-424242-1200-145</styleUrl>
        <ExtendedData>
          <Data name="opis">
            <value/>
          </Data>
          <Data name="Id">
            <value/>
          </Data>
          <Data name="Nr">
            <value/>
          </Data>
          <Data name="Opis">
            <value/>
          </Data>
          <Data name="Nr_ok">
            <value/>
          </Data>
          <Data name="Opis_ok">
            <value/>
          </Data>
          <Data name="zmiany_1">
            <value/>
          </Data>
          <Data name="Zmiany">
            <value/>
          </Data>
        </ExtendedData>
        <Polygon>
          <outerBoundaryIs>
            <LinearRing>
              <tessellate>1</tessellate>
              <coordinates>
                19.968746,50.027997,0
                19.968781,50.027942,0
                19.968933,50.027982,0
                19.968897,50.028037,0
                19.968746,50.027997,0
              </coordinates>
            </LinearRing>
          </outerBoundaryIs>
        </Polygon>
      </Placemark>
      <Placemark>
        <name/>
        <description><![CDATA[opis: <br>Id: <br>Nr: <br>Opis: <br>Nr_ok: <br>Opis_ok: <br>zmiany_1: <br>Zmiany: ]]></description>
        <styleUrl>#poly-424242-1200-145</styleUrl>
        <ExtendedData>
          <Data name="opis">
            <value/>
          </Data>
          <Data name="Id">
            <value/>
          </Data>
          <Data name="Nr">
            <value/>
          </Data>
          <Data name="Opis">
            <value/>
          </Data>
          <Data name="Nr_ok">
            <value/>
          </Data>
          <Data name="Opis_ok">
            <value/>
          </Data>
          <Data name="zmiany_1">
            <value/>
          </Data>
          <Data name="Zmiany">
            <value/>
          </Data>
        </ExtendedData>
        <Polygon>
          <outerBoundaryIs>
            <LinearRing>
              <tessellate>1</tessellate>
              <coordinates>
                19.969163,50.027876,0
                19.96921,50.02779,0
                19.969376,50.027827,0
                19.969329,50.027913,0
                19.969163,50.027876,0
              </coordinates>
            </LinearRing>
          </outerBoundaryIs>
        </Polygon>
      </Placemark>
      <Placemark>
        <name/>
        <description><![CDATA[opis: <br>Id: <br>Nr: <br>Opis: <br>Nr_ok: <br>Opis_ok: <br>zmiany_1: <br>Zmiany: ]]></description>
        <styleUrl>#poly-424242-1200-145</styleUrl>
        <ExtendedData>
          <Data name="opis">
            <value/>
          </Data>
          <Data name="Id">
            <value/>
          </Data>
          <Data name="Nr">
            <value/>
          </Data>
          <Data name="Opis">
            <value/>
          </Data>
          <Data name="Nr_ok">
            <value/>
          </Data>
          <Data name="Opis_ok">
            <value/>
          </Data>
          <Data name="zmiany_1">
            <value/>
          </Data>
          <Data name="Zmiany">
            <value/>
          </Data>
        </ExtendedData>
        <Polygon>
          <outerBoundaryIs>
            <LinearRing>
              <tessellate>1</tessellate>
              <coordinates>
                19.970701,50.028411,0
                19.970719,50.028274,0
                19.970855,50.028281,0
                19.970837,50.028419,0
                19.970701,50.028411,0
              </coordinates>
            </LinearRing>
          </outerBoundaryIs>
        </Polygon>
      </Placemark>
      <Placemark>
        <name/>
        <description><![CDATA[opis: <br>Id: <br>Nr: <br>Opis: <br>Nr_ok: <br>Opis_ok: <br>zmiany_1: <br>Zmiany: ]]></description>
        <styleUrl>#poly-424242-1200-145</styleUrl>
        <ExtendedData>
          <Data name="opis">
            <value/>
          </Data>
          <Data name="Id">
            <value/>
          </Data>
          <Data name="Nr">
            <value/>
          </Data>
          <Data name="Opis">
            <value/>
          </Data>
          <Data name="Nr_ok">
            <value/>
          </Data>
          <Data name="Opis_ok">
            <value/>
          </Data>
          <Data name="zmiany_1">
            <value/>
          </Data>
          <Data name="Zmiany">
            <value/>
          </Data>
        </ExtendedData>
        <Polygon>
          <outerBoundaryIs>
            <LinearRing>
              <tessellate>1</tessellate>
              <coordinates>
                19.97036,50.028361,0
                19.970448,50.028221,0
                19.970564,50.028251,0
                19.970475,50.028391,0
                19.97036,50.028361,0
              </coordinates>
            </LinearRing>
          </outerBoundaryIs>
        </Polygon>
      </Placemark>
      <Placemark>
        <name/>
        <description><![CDATA[opis: <br>Id: <br>Nr: <br>Opis: <br>Nr_ok: <br>Opis_ok: <br>zmiany_1: <br>Zmiany: ]]></description>
        <styleUrl>#poly-424242-1200-145</styleUrl>
        <ExtendedData>
          <Data name="opis">
            <value/>
          </Data>
          <Data name="Id">
            <value/>
          </Data>
          <Data name="Nr">
            <value/>
          </Data>
          <Data name="Opis">
            <value/>
          </Data>
          <Data name="Nr_ok">
            <value/>
          </Data>
          <Data name="Opis_ok">
            <value/>
          </Data>
          <Data name="zmiany_1">
            <value/>
          </Data>
          <Data name="Zmiany">
            <value/>
          </Data>
        </ExtendedData>
        <Polygon>
          <outerBoundaryIs>
            <LinearRing>
              <tessellate>1</tessellate>
              <coordinates>
                19.970301,50.028933,0
                19.970405,50.02882,0
                19.970602,50.028896,0
                19.970498,50.029008,0
                19.970301,50.028933,0
              </coordinates>
            </LinearRing>
          </outerBoundaryIs>
        </Polygon>
      </Placemark>
      <Placemark>
        <name/>
        <description><![CDATA[opis: <br>Id: <br>Nr: <br>Opis: <br>Nr_ok: <br>Opis_ok: <br>zmiany_1: <br>Zmiany: ]]></description>
        <styleUrl>#poly-424242-1200-145</styleUrl>
        <ExtendedData>
          <Data name="opis">
            <value/>
          </Data>
          <Data name="Id">
            <value/>
          </Data>
          <Data name="Nr">
            <value/>
          </Data>
          <Data name="Opis">
            <value/>
          </Data>
          <Data name="Nr_ok">
            <value/>
          </Data>
          <Data name="Opis_ok">
            <value/>
          </Data>
          <Data name="zmiany_1">
            <value/>
          </Data>
          <Data name="Zmiany">
            <value/>
          </Data>
        </ExtendedData>
        <Polygon>
          <outerBoundaryIs>
            <LinearRing>
              <tessellate>1</tessellate>
              <coordinates>
                19.959691,50.030686,0
                19.959734,50.030702,0
                19.959613,50.030843,0
                19.95957,50.030828,0
                19.959691,50.030686,0
              </coordinates>
            </LinearRing>
          </outerBoundaryIs>
        </Polygon>
      </Placemark>
      <Placemark>
        <name/>
        <description><![CDATA[opis: <br>Id: <br>Nr: <br>Opis: <br>Nr_ok: <br>Opis_ok: <br>zmiany_1: <br>Zmiany: ]]></description>
        <styleUrl>#poly-424242-1200-145</styleUrl>
        <ExtendedData>
          <Data name="opis">
            <value/>
          </Data>
          <Data name="Id">
            <value/>
          </Data>
          <Data name="Nr">
            <value/>
          </Data>
          <Data name="Opis">
            <value/>
          </Data>
          <Data name="Nr_ok">
            <value/>
          </Data>
          <Data name="Opis_ok">
            <value/>
          </Data>
          <Data name="zmiany_1">
            <value/>
          </Data>
          <Data name="Zmiany">
            <value/>
          </Data>
        </ExtendedData>
        <Polygon>
          <outerBoundaryIs>
            <LinearRing>
              <tessellate>1</tessellate>
              <coordinates>
                19.964647,50.03353,0
                19.964689,50.033485,0
                19.964759,50.033513,0
                19.964718,50.033557,0
                19.964647,50.03353,0
              </coordinates>
            </LinearRing>
          </outerBoundaryIs>
        </Polygon>
      </Placemark>
      <Placemark>
        <name/>
        <description><![CDATA[opis: <br>Id: <br>Nr: <br>Opis: <br>Nr_ok: <br>Opis_ok: <br>zmiany_1: <br>Zmiany: ]]></description>
        <styleUrl>#poly-424242-1200-145</styleUrl>
        <ExtendedData>
          <Data name="opis">
            <value/>
          </Data>
          <Data name="Id">
            <value/>
          </Data>
          <Data name="Nr">
            <value/>
          </Data>
          <Data name="Opis">
            <value/>
          </Data>
          <Data name="Nr_ok">
            <value/>
          </Data>
          <Data name="Opis_ok">
            <value/>
          </Data>
          <Data name="zmiany_1">
            <value/>
          </Data>
          <Data name="Zmiany">
            <value/>
          </Data>
        </ExtendedData>
        <Polygon>
          <outerBoundaryIs>
            <LinearRing>
              <tessellate>1</tessellate>
              <coordinates>
                19.966787,50.032661,0
                19.966796,50.032608,0
                19.966865,50.032613,0
                19.966858,50.032665,0
                19.966787,50.032661,0
              </coordinates>
            </LinearRing>
          </outerBoundaryIs>
        </Polygon>
      </Placemark>
      <Placemark>
        <name/>
        <description><![CDATA[opis: <br>Id: <br>Nr: <br>Opis: <br>Nr_ok: <br>Opis_ok: <br>zmiany_1: <br>Zmiany: ]]></description>
        <styleUrl>#poly-424242-1200-145</styleUrl>
        <ExtendedData>
          <Data name="opis">
            <value/>
          </Data>
          <Data name="Id">
            <value/>
          </Data>
          <Data name="Nr">
            <value/>
          </Data>
          <Data name="Opis">
            <value/>
          </Data>
          <Data name="Nr_ok">
            <value/>
          </Data>
          <Data name="Opis_ok">
            <value/>
          </Data>
          <Data name="zmiany_1">
            <value/>
          </Data>
          <Data name="Zmiany">
            <value/>
          </Data>
        </ExtendedData>
        <Polygon>
          <outerBoundaryIs>
            <LinearRing>
              <tessellate>1</tessellate>
              <coordinates>
                19.969563,50.031955,0
                19.9696,50.031877,0
                19.969713,50.031899,0
                19.969672,50.031977,0
                19.969563,50.031955,0
              </coordinates>
            </LinearRing>
          </outerBoundaryIs>
        </Polygon>
      </Placemark>
      <Placemark>
        <name/>
        <description><![CDATA[opis: <br>Id: <br>Nr: 218<br>Opis: <br>Nr_ok: 218<br>Opis_ok: <br>zmiany_1: <br>Zmiany: ]]></description>
        <styleUrl>#poly-424242-1200-145</styleUrl>
        <ExtendedData>
          <Data name="opis">
            <value/>
          </Data>
          <Data name="Id">
            <value/>
          </Data>
          <Data name="Nr">
            <value>218</value>
          </Data>
          <Data name="Opis">
            <value/>
          </Data>
          <Data name="Nr_ok">
            <value>218</value>
          </Data>
          <Data name="Opis_ok">
            <value/>
          </Data>
          <Data name="zmiany_1">
            <value/>
          </Data>
          <Data name="Zmiany">
            <value/>
          </Data>
        </ExtendedData>
        <Polygon>
          <outerBoundaryIs>
            <LinearRing>
              <tessellate>1</tessellate>
              <coordinates>
                19.962904,50.029608,0
                19.962949,50.029485,0
                19.963088,50.029506,0
                19.963043,50.02963,0
                19.962904,50.029608,0
              </coordinates>
            </LinearRing>
          </outerBoundaryIs>
        </Polygon>
      </Placemark>
      <Placemark>
        <name/>
        <description><![CDATA[opis: <br>Id: <br>Nr: 219<br>Opis: <br>Nr_ok: 219<br>Opis_ok: <br>zmiany_1: <br>Zmiany: ]]></description>
        <styleUrl>#poly-424242-1200-145</styleUrl>
        <ExtendedData>
          <Data name="opis">
            <value/>
          </Data>
          <Data name="Id">
            <value/>
          </Data>
          <Data name="Nr">
            <value>219</value>
          </Data>
          <Data name="Opis">
            <value/>
          </Data>
          <Data name="Nr_ok">
            <value>219</value>
          </Data>
          <Data name="Opis_ok">
            <value/>
          </Data>
          <Data name="zmiany_1">
            <value/>
          </Data>
          <Data name="Zmiany">
            <value/>
          </Data>
        </ExtendedData>
        <Polygon>
          <outerBoundaryIs>
            <LinearRing>
              <tessellate>1</tessellate>
              <coordinates>
                19.963088,50.029506,0
                19.963029,50.029497,0
                19.963046,50.029451,0
                19.963106,50.029461,0
                19.963088,50.029506,0
              </coordinates>
            </LinearRing>
          </outerBoundaryIs>
        </Polygon>
      </Placemark>
      <Placemark>
        <name/>
        <description><![CDATA[opis: <br>Id: <br>Nr: <br>Opis: <br>Nr_ok: <br>Opis_ok: <br>zmiany_1: <br>Zmiany: ]]></description>
        <styleUrl>#poly-424242-1200-145</styleUrl>
        <ExtendedData>
          <Data name="opis">
            <value/>
          </Data>
          <Data name="Id">
            <value/>
          </Data>
          <Data name="Nr">
            <value/>
          </Data>
          <Data name="Opis">
            <value/>
          </Data>
          <Data name="Nr_ok">
            <value/>
          </Data>
          <Data name="Opis_ok">
            <value/>
          </Data>
          <Data name="zmiany_1">
            <value/>
          </Data>
          <Data name="Zmiany">
            <value/>
          </Data>
        </ExtendedData>
        <Polygon>
          <outerBoundaryIs>
            <LinearRing>
              <tessellate>1</tessellate>
              <coordinates>
                19.967725,50.03478,0
                19.967774,50.034731,0
                19.967893,50.034779,0
                19.967869,50.034803,0
                19.967794,50.034776,0
                19.967769,50.0348,0
                19.967725,50.03478,0
              </coordinates>
            </LinearRing>
          </outerBoundaryIs>
        </Polygon>
      </Placemark>
      <Placemark>
        <name/>
        <description><![CDATA[opis: <br>Id: <br>Nr: <br>Opis: <br>Nr_ok: <br>Opis_ok: <br>zmiany_1: <br>Zmiany: ]]></description>
        <styleUrl>#poly-424242-1200-145</styleUrl>
        <ExtendedData>
          <Data name="opis">
            <value/>
          </Data>
          <Data name="Id">
            <value/>
          </Data>
          <Data name="Nr">
            <value/>
          </Data>
          <Data name="Opis">
            <value/>
          </Data>
          <Data name="Nr_ok">
            <value/>
          </Data>
          <Data name="Opis_ok">
            <value/>
          </Data>
          <Data name="zmiany_1">
            <value/>
          </Data>
          <Data name="Zmiany">
            <value/>
          </Data>
        </ExtendedData>
        <Polygon>
          <outerBoundaryIs>
            <LinearRing>
              <tessellate>1</tessellate>
              <coordinates>
                19.968563,50.03249,0
                19.968626,50.03243,0
                19.968702,50.032463,0
                19.968642,50.032522,0
                19.968563,50.03249,0
              </coordinates>
            </LinearRing>
          </outerBoundaryIs>
        </Polygon>
      </Placemark>
      <Placemark>
        <name/>
        <description><![CDATA[opis: <br>Id: <br>Nr: <br>Opis: <br>Nr_ok: <br>Opis_ok: <br>zmiany_1: <br>Zmiany: ]]></description>
        <styleUrl>#poly-424242-1200-145</styleUrl>
        <ExtendedData>
          <Data name="opis">
            <value/>
          </Data>
          <Data name="Id">
            <value/>
          </Data>
          <Data name="Nr">
            <value/>
          </Data>
          <Data name="Opis">
            <value/>
          </Data>
          <Data name="Nr_ok">
            <value/>
          </Data>
          <Data name="Opis_ok">
            <value/>
          </Data>
          <Data name="zmiany_1">
            <value/>
          </Data>
          <Data name="Zmiany">
            <value/>
          </Data>
        </ExtendedData>
        <Polygon>
          <outerBoundaryIs>
            <LinearRing>
              <tessellate>1</tessellate>
              <coordinates>
                19.967951,50.033041,0
                19.967985,50.033015,0
                19.968026,50.033035,0
                19.967992,50.033064,0
                19.967951,50.033041,0
              </coordinates>
            </LinearRing>
          </outerBoundaryIs>
        </Polygon>
      </Placemark>
      <Placemark>
        <name/>
        <description><![CDATA[opis: <br>Id: <br>Nr: <br>Opis: <br>Nr_ok: <br>Opis_ok: <br>zmiany_1: <br>Zmiany: ]]></description>
        <styleUrl>#poly-424242-1200-145</styleUrl>
        <ExtendedData>
          <Data name="opis">
            <value/>
          </Data>
          <Data name="Id">
            <value/>
          </Data>
          <Data name="Nr">
            <value/>
          </Data>
          <Data name="Opis">
            <value/>
          </Data>
          <Data name="Nr_ok">
            <value/>
          </Data>
          <Data name="Opis_ok">
            <value/>
          </Data>
          <Data name="zmiany_1">
            <value/>
          </Data>
          <Data name="Zmiany">
            <value/>
          </Data>
        </ExtendedData>
        <Polygon>
          <outerBoundaryIs>
            <LinearRing>
              <tessellate>1</tessellate>
              <coordinates>
                19.966169,50.034835,0
                19.96615,50.034783,0
                19.966198,50.034776,0
                19.966217,50.034829,0
                19.966169,50.034835,0
              </coordinates>
            </LinearRing>
          </outerBoundaryIs>
        </Polygon>
      </Placemark>
      <Placemark>
        <name/>
        <description><![CDATA[opis: <br>Id: 0<br>Nr: 0<br>Opis: <br>Nr_ok: <br>Opis_ok: <br>zmiany_1: 1<br>Zmiany: ]]></description>
        <styleUrl>#poly-424242-1200-145</styleUrl>
        <ExtendedData>
          <Data name="opis">
            <value/>
          </Data>
          <Data name="Id">
            <value>0</value>
          </Data>
          <Data name="Nr">
            <value>0</value>
          </Data>
          <Data name="Opis">
            <value/>
          </Data>
          <Data name="Nr_ok">
            <value/>
          </Data>
          <Data name="Opis_ok">
            <value/>
          </Data>
          <Data name="zmiany_1">
            <value>1</value>
          </Data>
          <Data name="Zmiany">
            <value/>
          </Data>
        </ExtendedData>
        <Polygon>
          <outerBoundaryIs>
            <LinearRing>
              <tessellate>1</tessellate>
              <coordinates>
                19.966742,50.034217,0
                19.966632,50.034328,0
                19.96645,50.034251,0
                19.966561,50.03414,0
                19.966742,50.034217,0
              </coordinates>
            </LinearRing>
          </outerBoundaryIs>
        </Polygon>
      </Placemark>
      <Placemark>
        <name/>
        <description><![CDATA[opis: <br>Id: <br>Nr: <br>Opis: <br>Nr_ok: <br>Opis_ok: <br>zmiany_1: <br>Zmiany: ]]></description>
        <styleUrl>#poly-424242-1200-145</styleUrl>
        <ExtendedData>
          <Data name="opis">
            <value/>
          </Data>
          <Data name="Id">
            <value/>
          </Data>
          <Data name="Nr">
            <value/>
          </Data>
          <Data name="Opis">
            <value/>
          </Data>
          <Data name="Nr_ok">
            <value/>
          </Data>
          <Data name="Opis_ok">
            <value/>
          </Data>
          <Data name="zmiany_1">
            <value/>
          </Data>
          <Data name="Zmiany">
            <value/>
          </Data>
        </ExtendedData>
        <Polygon>
          <outerBoundaryIs>
            <LinearRing>
              <tessellate>1</tessellate>
              <coordinates>
                19.966466,50.033991,0
                19.966514,50.033947,0
                19.966551,50.033964,0
                19.966504,50.034008,0
                19.966466,50.033991,0
              </coordinates>
            </LinearRing>
          </outerBoundaryIs>
        </Polygon>
      </Placemark>
      <Placemark>
        <name/>
        <description><![CDATA[opis: <br>Id: <br>Nr: <br>Opis: <br>Nr_ok: <br>Opis_ok: <br>zmiany_1: <br>Zmiany: ]]></description>
        <styleUrl>#poly-424242-1200-145</styleUrl>
        <ExtendedData>
          <Data name="opis">
            <value/>
          </Data>
          <Data name="Id">
            <value/>
          </Data>
          <Data name="Nr">
            <value/>
          </Data>
          <Data name="Opis">
            <value/>
          </Data>
          <Data name="Nr_ok">
            <value/>
          </Data>
          <Data name="Opis_ok">
            <value/>
          </Data>
          <Data name="zmiany_1">
            <value/>
          </Data>
          <Data name="Zmiany">
            <value/>
          </Data>
        </ExtendedData>
        <Polygon>
          <outerBoundaryIs>
            <LinearRing>
              <tessellate>1</tessellate>
              <coordinates>
                19.966537,50.033926,0
                19.966585,50.033882,0
                19.966622,50.033899,0
                19.966575,50.033943,0
                19.966537,50.033926,0
              </coordinates>
            </LinearRing>
          </outerBoundaryIs>
        </Polygon>
      </Placemark>
      <Placemark>
        <name/>
        <description><![CDATA[opis: <br>Id: <br>Nr: <br>Opis: <br>Nr_ok: <br>Opis_ok: <br>zmiany_1: <br>Zmiany: ]]></description>
        <styleUrl>#poly-424242-1200-145</styleUrl>
        <ExtendedData>
          <Data name="opis">
            <value/>
          </Data>
          <Data name="Id">
            <value/>
          </Data>
          <Data name="Nr">
            <value/>
          </Data>
          <Data name="Opis">
            <value/>
          </Data>
          <Data name="Nr_ok">
            <value/>
          </Data>
          <Data name="Opis_ok">
            <value/>
          </Data>
          <Data name="zmiany_1">
            <value/>
          </Data>
          <Data name="Zmiany">
            <value/>
          </Data>
        </ExtendedData>
        <Polygon>
          <outerBoundaryIs>
            <LinearRing>
              <tessellate>1</tessellate>
              <coordinates>
                19.966817,50.033649,0
                19.966865,50.033605,0
                19.966902,50.033622,0
                19.966855,50.033665,0
                19.966817,50.033649,0
              </coordinates>
            </LinearRing>
          </outerBoundaryIs>
        </Polygon>
      </Placemark>
      <Placemark>
        <name/>
        <description><![CDATA[opis: <br>Id: <br>Nr: <br>Opis: <br>Nr_ok: <br>Opis_ok: <br>zmiany_1: <br>Zmiany: ]]></description>
        <styleUrl>#poly-424242-1200-145</styleUrl>
        <ExtendedData>
          <Data name="opis">
            <value/>
          </Data>
          <Data name="Id">
            <value/>
          </Data>
          <Data name="Nr">
            <value/>
          </Data>
          <Data name="Opis">
            <value/>
          </Data>
          <Data name="Nr_ok">
            <value/>
          </Data>
          <Data name="Opis_ok">
            <value/>
          </Data>
          <Data name="zmiany_1">
            <value/>
          </Data>
          <Data name="Zmiany">
            <value/>
          </Data>
        </ExtendedData>
        <Polygon>
          <outerBoundaryIs>
            <LinearRing>
              <tessellate>1</tessellate>
              <coordinates>
                19.966888,50.033584,0
                19.966936,50.03354,0
                19.966973,50.033557,0
                19.966926,50.0336,0
                19.966888,50.033584,0
              </coordinates>
            </LinearRing>
          </outerBoundaryIs>
        </Polygon>
      </Placemark>
      <Placemark>
        <name/>
        <description><![CDATA[opis: <br>Id: 0<br>Nr: 128<br>Opis: wartownia<br>Nr_ok: 128<br>Opis_ok: 128 - wartownia<br>zmiany_1: 0<br>Zmiany: ]]></description>
        <styleUrl>#poly-424242-1200-145</styleUrl>
        <ExtendedData>
          <Data name="opis">
            <value/>
          </Data>
          <Data name="Id">
            <value>0</value>
          </Data>
          <Data name="Nr">
            <value>128</value>
          </Data>
          <Data name="Opis">
            <value>wartownia</value>
          </Data>
          <Data name="Nr_ok">
            <value>128</value>
          </Data>
          <Data name="Opis_ok">
            <value>128 - wartownia</value>
          </Data>
          <Data name="zmiany_1">
            <value>0</value>
          </Data>
          <Data name="Zmiany">
            <value/>
          </Data>
        </ExtendedData>
        <Polygon>
          <outerBoundaryIs>
            <LinearRing>
              <tessellate>1</tessellate>
              <coordinates>
                19.969162,50.029107,0
                19.969171,50.029088,0
                19.969267,50.029106,0
                19.969258,50.029124,0
                19.969162,50.029107,0
              </coordinates>
            </LinearRing>
          </outerBoundaryIs>
        </Polygon>
      </Placemark>
    </Folder>
    <Folder>
      <name>Budynki planowane, nieukonczone lub rozebrane / planned, unfinished or pulled-down buildings</name>
      <Placemark>
        <name/>
        <description><![CDATA[opis: <br>ogc_fid: 40]]></description>
        <styleUrl>#poly-000000-1200-43</styleUrl>
        <ExtendedData>
          <Data name="opis">
            <value/>
          </Data>
          <Data name="ogc_fid">
            <value>40</value>
          </Data>
        </ExtendedData>
        <Polygon>
          <outerBoundaryIs>
            <LinearRing>
              <tessellate>1</tessellate>
              <coordinates>
                19.964589,50.029723,0
                19.965171,50.02991,0
                19.96481,50.030377,0
                19.964229,50.030191,0
                19.964288,50.030115,0
                19.964702,50.030248,0
                19.964918,50.029973,0
                19.964504,50.029835,0
                19.964589,50.029723,0
              </coordinates>
            </LinearRing>
          </outerBoundaryIs>
        </Polygon>
      </Placemark>
      <Placemark>
        <name/>
        <description><![CDATA[opis: <br>ogc_fid: 41]]></description>
        <styleUrl>#poly-000000-1200-43</styleUrl>
        <ExtendedData>
          <Data name="opis">
            <value/>
          </Data>
          <Data name="ogc_fid">
            <value>41</value>
          </Data>
        </ExtendedData>
        <Polygon>
          <outerBoundaryIs>
            <LinearRing>
              <tessellate>1</tessellate>
              <coordinates>
                19.963859,50.029261,0
                19.963798,50.02937,0
                19.962958,50.02918,0
                19.963019,50.029072,0
                19.963859,50.029261,0
              </coordinates>
            </LinearRing>
          </outerBoundaryIs>
        </Polygon>
      </Placemark>
      <Placemark>
        <name/>
        <description><![CDATA[opis: <br>ogc_fid: 42]]></description>
        <styleUrl>#poly-000000-1200-43</styleUrl>
        <ExtendedData>
          <Data name="opis">
            <value/>
          </Data>
          <Data name="ogc_fid">
            <value>42</value>
          </Data>
        </ExtendedData>
        <Polygon>
          <outerBoundaryIs>
            <LinearRing>
              <tessellate>1</tessellate>
              <coordinates>
                19.964046,50.028514,0
                19.964103,50.028411,0
                19.964614,50.028529,0
                19.964556,50.028632,0
                19.964046,50.028514,0
              </coordinates>
            </LinearRing>
          </outerBoundaryIs>
        </Polygon>
      </Placemark>
      <Placemark>
        <name/>
        <description><![CDATA[opis: <br>ogc_fid: 43]]></description>
        <styleUrl>#poly-000000-1200-43</styleUrl>
        <ExtendedData>
          <Data name="opis">
            <value/>
          </Data>
          <Data name="ogc_fid">
            <value>43</value>
          </Data>
        </ExtendedData>
        <Polygon>
          <outerBoundaryIs>
            <LinearRing>
              <tessellate>1</tessellate>
              <coordinates>
                19.964166,50.028325,0
                19.964223,50.028222,0
                19.964734,50.02834,0
                19.964677,50.028443,0
                19.964166,50.028325,0
              </coordinates>
            </LinearRing>
          </outerBoundaryIs>
        </Polygon>
      </Placemark>
      <Placemark>
        <name/>
        <description><![CDATA[opis: <br>ogc_fid: 48]]></description>
        <styleUrl>#poly-000000-1200-43</styleUrl>
        <ExtendedData>
          <Data name="opis">
            <value/>
          </Data>
          <Data name="ogc_fid">
            <value>48</value>
          </Data>
        </ExtendedData>
        <Polygon>
          <outerBoundaryIs>
            <LinearRing>
              <tessellate>1</tessellate>
              <coordinates>
                19.964932,50.030687,0
                19.965017,50.030573,0
                19.965765,50.030806,0
                19.965679,50.03092,0
                19.964932,50.030687,0
              </coordinates>
            </LinearRing>
          </outerBoundaryIs>
        </Polygon>
      </Placemark>
      <Placemark>
        <name/>
        <description><![CDATA[opis: <br>ogc_fid: 49]]></description>
        <styleUrl>#poly-000000-1200-43</styleUrl>
        <ExtendedData>
          <Data name="opis">
            <value/>
          </Data>
          <Data name="ogc_fid">
            <value>49</value>
          </Data>
        </ExtendedData>
        <Polygon>
          <outerBoundaryIs>
            <LinearRing>
              <tessellate>1</tessellate>
              <coordinates>
                19.964772,50.030911,0
                19.964858,50.030797,0
                19.965606,50.03103,0
                19.96552,50.031144,0
                19.964772,50.030911,0
              </coordinates>
            </LinearRing>
          </outerBoundaryIs>
        </Polygon>
      </Placemark>
      <Placemark>
        <name/>
        <description><![CDATA[opis: <br>ogc_fid: 50]]></description>
        <styleUrl>#poly-000000-1200-43</styleUrl>
        <ExtendedData>
          <Data name="opis">
            <value/>
          </Data>
          <Data name="ogc_fid">
            <value>50</value>
          </Data>
        </ExtendedData>
        <Polygon>
          <outerBoundaryIs>
            <LinearRing>
              <tessellate>1</tessellate>
              <coordinates>
                19.965486,50.031386,0
                19.965572,50.031272,0
                19.96632,50.031505,0
                19.966234,50.03162,0
                19.965486,50.031386,0
              </coordinates>
            </LinearRing>
          </outerBoundaryIs>
        </Polygon>
      </Placemark>
      <Placemark>
        <name/>
        <description><![CDATA[opis: <br>ogc_fid: 51]]></description>
        <styleUrl>#poly-000000-1200-43</styleUrl>
        <ExtendedData>
          <Data name="opis">
            <value/>
          </Data>
          <Data name="ogc_fid">
            <value>51</value>
          </Data>
        </ExtendedData>
        <Polygon>
          <outerBoundaryIs>
            <LinearRing>
              <tessellate>1</tessellate>
              <coordinates>
                19.964628,50.031126,0
                19.964713,50.031012,0
                19.965461,50.031245,0
                19.965375,50.031359,0
                19.964628,50.031126,0
              </coordinates>
            </LinearRing>
          </outerBoundaryIs>
        </Polygon>
      </Placemark>
      <Placemark>
        <name/>
        <description><![CDATA[opis: <br>ogc_fid: 52]]></description>
        <styleUrl>#poly-000000-1200-43</styleUrl>
        <ExtendedData>
          <Data name="opis">
            <value/>
          </Data>
          <Data name="ogc_fid">
            <value>52</value>
          </Data>
        </ExtendedData>
        <Polygon>
          <outerBoundaryIs>
            <LinearRing>
              <tessellate>1</tessellate>
              <coordinates>
                19.965752,50.032525,0
                19.965821,50.032568,0
                19.965655,50.032683,0
                19.965907,50.032834,0
                19.965827,50.032889,0
                19.965508,50.032696,0
                19.965752,50.032525,0
              </coordinates>
            </LinearRing>
          </outerBoundaryIs>
        </Polygon>
      </Placemark>
      <Placemark>
        <name/>
        <description><![CDATA[opis: <br>ogc_fid: 53]]></description>
        <styleUrl>#poly-000000-1200-43</styleUrl>
        <ExtendedData>
          <Data name="opis">
            <value/>
          </Data>
          <Data name="ogc_fid">
            <value>53</value>
          </Data>
        </ExtendedData>
        <Polygon>
          <outerBoundaryIs>
            <LinearRing>
              <tessellate>1</tessellate>
              <coordinates>
                19.96694,50.034388,0
                19.967031,50.034296,0
                19.967481,50.034481,0
                19.967389,50.034573,0
                19.96694,50.034388,0
              </coordinates>
            </LinearRing>
          </outerBoundaryIs>
        </Polygon>
      </Placemark>
      <Placemark>
        <name/>
        <description><![CDATA[opis: <br>ogc_fid: 54]]></description>
        <styleUrl>#poly-000000-1200-43</styleUrl>
        <ExtendedData>
          <Data name="opis">
            <value/>
          </Data>
          <Data name="ogc_fid">
            <value>54</value>
          </Data>
        </ExtendedData>
        <Polygon>
          <outerBoundaryIs>
            <LinearRing>
              <tessellate>1</tessellate>
              <coordinates>
                19.971715,50.03032,0
                19.97181,50.030048,0
                19.971877,50.030058,0
                19.971782,50.03033,0
                19.971715,50.03032,0
              </coordinates>
            </LinearRing>
          </outerBoundaryIs>
        </Polygon>
      </Placemark>
      <Placemark>
        <name/>
        <description><![CDATA[opis: <br>ogc_fid: 55]]></description>
        <styleUrl>#poly-000000-1200-43</styleUrl>
        <ExtendedData>
          <Data name="opis">
            <value/>
          </Data>
          <Data name="ogc_fid">
            <value>55</value>
          </Data>
        </ExtendedData>
        <Polygon>
          <outerBoundaryIs>
            <LinearRing>
              <tessellate>1</tessellate>
              <coordinates>
                19.971712,50.030023,0
                19.971765,50.029861,0
                19.971943,50.029885,0
                19.971891,50.030047,0
                19.971712,50.030023,0
              </coordinates>
            </LinearRing>
          </outerBoundaryIs>
        </Polygon>
      </Placemark>
      <Placemark>
        <name/>
        <description><![CDATA[opis: <br>ogc_fid: 56]]></description>
        <styleUrl>#poly-000000-1200-43</styleUrl>
        <ExtendedData>
          <Data name="opis">
            <value/>
          </Data>
          <Data name="ogc_fid">
            <value>56</value>
          </Data>
        </ExtendedData>
        <Polygon>
          <outerBoundaryIs>
            <LinearRing>
              <tessellate>1</tessellate>
              <coordinates>
                19.969779,50.030811,0
                19.970006,50.030177,0
                19.970068,50.030186,0
                19.969842,50.03082,0
                19.969779,50.030811,0
              </coordinates>
            </LinearRing>
          </outerBoundaryIs>
        </Polygon>
      </Placemark>
      <Placemark>
        <name/>
        <description><![CDATA[opis: <br>ogc_fid: 57]]></description>
        <styleUrl>#poly-000000-1200-43</styleUrl>
        <ExtendedData>
          <Data name="opis">
            <value/>
          </Data>
          <Data name="ogc_fid">
            <value>57</value>
          </Data>
        </ExtendedData>
        <Polygon>
          <outerBoundaryIs>
            <LinearRing>
              <tessellate>1</tessellate>
              <coordinates>
                19.97003,50.030087,0
                19.970119,50.029842,0
                19.970227,50.029858,0
                19.970138,50.030104,0
                19.97003,50.030087,0
              </coordinates>
            </LinearRing>
          </outerBoundaryIs>
        </Polygon>
      </Placemark>
      <Placemark>
        <name/>
        <description><![CDATA[opis: <br>ogc_fid: 58]]></description>
        <styleUrl>#poly-000000-1200-43</styleUrl>
        <ExtendedData>
          <Data name="opis">
            <value/>
          </Data>
          <Data name="ogc_fid">
            <value>58</value>
          </Data>
        </ExtendedData>
        <Polygon>
          <outerBoundaryIs>
            <LinearRing>
              <tessellate>1</tessellate>
              <coordinates>
                19.970029,50.030087,0
                19.970053,50.030021,0
                19.97039,50.030072,0
                19.970366,50.030138,0
                19.970029,50.030087,0
              </coordinates>
            </LinearRing>
          </outerBoundaryIs>
        </Polygon>
      </Placemark>
      <Placemark>
        <name/>
        <description><![CDATA[opis: <br>ogc_fid: 60]]></description>
        <styleUrl>#poly-000000-1200-43</styleUrl>
        <ExtendedData>
          <Data name="opis">
            <value/>
          </Data>
          <Data name="ogc_fid">
            <value>60</value>
          </Data>
        </ExtendedData>
        <Polygon>
          <outerBoundaryIs>
            <LinearRing>
              <tessellate>1</tessellate>
              <coordinates>
                19.969143,50.033825,0
                19.968989,50.033976,0
                19.968976,50.033991,0
                19.969003,50.034003,0
                19.969025,50.033985,0
                19.969124,50.034031,0
                19.968961,50.034198,0
                19.968856,50.034155,0
                19.968872,50.034135,0
                19.968845,50.034124,0
                19.968669,50.0343,0
                19.968106,50.034068,0
                19.968228,50.033947,0
                19.968195,50.033933,0
                19.968426,50.033702,0
                19.96846,50.033715,0
                19.968594,50.033596,0
                19.969143,50.033825,0
              </coordinates>
            </LinearRing>
          </outerBoundaryIs>
        </Polygon>
      </Placemark>
      <Placemark>
        <name/>
        <description><![CDATA[opis: <br>ogc_fid: 61]]></description>
        <styleUrl>#poly-000000-1200-43</styleUrl>
        <ExtendedData>
          <Data name="opis">
            <value/>
          </Data>
          <Data name="ogc_fid">
            <value>61</value>
          </Data>
        </ExtendedData>
        <Polygon>
          <outerBoundaryIs>
            <LinearRing>
              <tessellate>1</tessellate>
              <coordinates>
                19.968307,50.03405,0
                19.968359,50.033999,0
                19.968403,50.034015,0
                19.968635,50.03378,0
                19.968601,50.033768,0
                19.968652,50.033715,0
                19.968964,50.033844,0
                19.968628,50.034185,0
                19.968307,50.03405,0
              </coordinates>
            </LinearRing>
          </outerBoundaryIs>
        </Polygon>
      </Placemark>
      <Placemark>
        <name/>
        <description><![CDATA[opis: <br>ogc_fid: 62]]></description>
        <styleUrl>#poly-000000-1200-43</styleUrl>
        <ExtendedData>
          <Data name="opis">
            <value/>
          </Data>
          <Data name="ogc_fid">
            <value>62</value>
          </Data>
        </ExtendedData>
        <Polygon>
          <outerBoundaryIs>
            <LinearRing>
              <tessellate>1</tessellate>
              <coordinates>
                19.971763,50.029996,0
                19.971798,50.029893,0
                19.971897,50.029907,0
                19.971862,50.03001,0
                19.971763,50.029996,0
              </coordinates>
            </LinearRing>
          </outerBoundaryIs>
        </Polygon>
      </Placemark>
      <Placemark>
        <name/>
        <description><![CDATA[opis: <br>ogc_fid: 63]]></description>
        <styleUrl>#poly-000000-1200-43</styleUrl>
        <ExtendedData>
          <Data name="opis">
            <value/>
          </Data>
          <Data name="ogc_fid">
            <value>63</value>
          </Data>
        </ExtendedData>
        <Polygon>
          <outerBoundaryIs>
            <LinearRing>
              <tessellate>1</tessellate>
              <coordinates>
                19.957786,50.031285,0
                19.957875,50.03118,0
                19.958105,50.031258,0
                19.958016,50.031363,0
                19.957786,50.031285,0
              </coordinates>
            </LinearRing>
          </outerBoundaryIs>
        </Polygon>
      </Placemark>
      <Placemark>
        <name/>
        <description><![CDATA[opis: <br>ogc_fid: 64]]></description>
        <styleUrl>#poly-000000-1200-43</styleUrl>
        <ExtendedData>
          <Data name="opis">
            <value/>
          </Data>
          <Data name="ogc_fid">
            <value>64</value>
          </Data>
        </ExtendedData>
        <Polygon>
          <outerBoundaryIs>
            <LinearRing>
              <tessellate>1</tessellate>
              <coordinates>
                19.971725,50.029912,0
                19.971671,50.029905,0
                19.97169,50.02985,0
                19.971743,50.029858,0
                19.971725,50.029912,0
              </coordinates>
            </LinearRing>
          </outerBoundaryIs>
        </Polygon>
      </Placemark>
      <Placemark>
        <name/>
        <description><![CDATA[opis: <br>ogc_fid: 65]]></description>
        <styleUrl>#poly-000000-1200-43</styleUrl>
        <ExtendedData>
          <Data name="opis">
            <value/>
          </Data>
          <Data name="ogc_fid">
            <value>65</value>
          </Data>
        </ExtendedData>
        <Polygon>
          <outerBoundaryIs>
            <LinearRing>
              <tessellate>1</tessellate>
              <coordinates>
                19.971925,50.030313,0
                19.972074,50.029902,0
                19.972253,50.029929,0
                19.972104,50.03034,0
                19.971925,50.030313,0
              </coordinates>
            </LinearRing>
          </outerBoundaryIs>
        </Polygon>
      </Placemark>
      <Placemark>
        <name/>
        <description><![CDATA[opis: <br>ogc_fid: 66]]></description>
        <styleUrl>#poly-000000-1200-43</styleUrl>
        <ExtendedData>
          <Data name="opis">
            <value/>
          </Data>
          <Data name="ogc_fid">
            <value>66</value>
          </Data>
        </ExtendedData>
        <Polygon>
          <outerBoundaryIs>
            <LinearRing>
              <tessellate>1</tessellate>
              <coordinates>
                19.971365,50.031142,0
                19.971557,50.030972,0
                19.971675,50.031025,0
                19.971488,50.031195,0
                19.971365,50.031142,0
              </coordinates>
            </LinearRing>
          </outerBoundaryIs>
        </Polygon>
      </Placemark>
      <Placemark>
        <name/>
        <description><![CDATA[opis: <br>ogc_fid: 67]]></description>
        <styleUrl>#poly-000000-1200-43</styleUrl>
        <ExtendedData>
          <Data name="opis">
            <value/>
          </Data>
          <Data name="ogc_fid">
            <value>67</value>
          </Data>
        </ExtendedData>
        <Polygon>
          <outerBoundaryIs>
            <LinearRing>
              <tessellate>1</tessellate>
              <coordinates>
                19.966051,50.033518,0
                19.966075,50.033606,0
                19.96594,50.033622,0
                19.965939,50.033618,0
                19.965875,50.033625,0
                19.965874,50.03362,0
                19.965847,50.033622,0
                19.965848,50.033629,0
                19.965787,50.033636,0
                19.965787,50.033641,0
                19.965734,50.033647,0
                19.965736,50.033655,0
                19.965698,50.03366,0
                19.965698,50.033656,0
                19.96569,50.033656,0
                19.965689,50.033655,0
                19.965679,50.033655,0
                19.965678,50.033653,0
                19.965628,50.033659,0
                19.965628,50.033662,0
                19.965617,50.033662,0
                19.965617,50.033665,0
                19.965609,50.033666,0
                19.96561,50.033669,0
                19.965572,50.033673,0
                19.965569,50.033665,0
                19.965511,50.033672,0
                19.965509,50.033666,0
                19.965507,50.033666,0
                19.965485,50.033586,0
                19.965486,50.033584,0
                19.965485,50.03358,0
                19.9655,50.033578,0
                19.965501,50.03358,0
                19.965527,50.033577,0
                19.965527,50.033574,0
                19.965542,50.033572,0
                19.965541,50.033564,0
                19.965558,50.033562,0
                19.965558,50.033566,0
                19.965581,50.033563,0
                19.96558,50.033559,0
                19.965599,50.033558,0
                19.965601,50.033562,0
                19.965646,50.033557,0
                19.965646,50.033553,0
                19.965667,50.03355,0
                19.965668,50.033554,0
                19.96569,50.033551,0
                19.96569,50.033548,0
                19.965706,50.033546,0
                19.965707,50.033554,0
                19.965721,50.033552,0
                19.965722,50.033556,0
                19.965762,50.033551,0
                19.965763,50.033554,0
                19.965915,50.033536,0
                19.965914,50.033534,0
                19.966051,50.033518,0
              </coordinates>
            </LinearRing>
          </outerBoundaryIs>
        </Polygon>
      </Placemark>
      <Placemark>
        <name/>
        <description><![CDATA[opis: <br>ogc_fid: 68]]></description>
        <styleUrl>#poly-000000-1200-43</styleUrl>
        <ExtendedData>
          <Data name="opis">
            <value/>
          </Data>
          <Data name="ogc_fid">
            <value>68</value>
          </Data>
        </ExtendedData>
        <Polygon>
          <outerBoundaryIs>
            <LinearRing>
              <tessellate>1</tessellate>
              <coordinates>
                19.965953,50.034704,0
                19.965686,50.03475,0
                19.965648,50.034664,0
                19.965913,50.034617,0
                19.965953,50.034704,0
              </coordinates>
            </LinearRing>
          </outerBoundaryIs>
        </Polygon>
      </Placemark>
      <Placemark>
        <name/>
        <description><![CDATA[opis: <br>ogc_fid: 69]]></description>
        <styleUrl>#poly-000000-1200-43</styleUrl>
        <ExtendedData>
          <Data name="opis">
            <value/>
          </Data>
          <Data name="ogc_fid">
            <value>69</value>
          </Data>
        </ExtendedData>
        <Polygon>
          <outerBoundaryIs>
            <LinearRing>
              <tessellate>1</tessellate>
              <coordinates>
                19.965438,50.034421,0
                19.965413,50.034363,0
                19.96529,50.034385,0
                19.965278,50.034355,0
                19.965761,50.034269,0
                19.965801,50.034358,0
                19.965438,50.034421,0
              </coordinates>
            </LinearRing>
          </outerBoundaryIs>
        </Polygon>
      </Placemark>
      <Placemark>
        <name/>
        <description><![CDATA[opis: <br>ogc_fid: 70]]></description>
        <styleUrl>#poly-000000-1200-43</styleUrl>
        <ExtendedData>
          <Data name="opis">
            <value/>
          </Data>
          <Data name="ogc_fid">
            <value>70</value>
          </Data>
        </ExtendedData>
        <Polygon>
          <outerBoundaryIs>
            <LinearRing>
              <tessellate>1</tessellate>
              <coordinates>
                19.961331,50.031249,0
                19.961337,50.031251,0
                19.961413,50.03117,0
                19.961501,50.031204,0
                19.961416,50.031295,0
                19.961335,50.031264,0
                19.961321,50.031259,0
                19.961331,50.031249,0
              </coordinates>
            </LinearRing>
          </outerBoundaryIs>
        </Polygon>
      </Placemark>
      <Placemark>
        <name/>
        <description><![CDATA[opis: <br>ogc_fid: 71]]></description>
        <styleUrl>#poly-000000-1200-43</styleUrl>
        <ExtendedData>
          <Data name="opis">
            <value/>
          </Data>
          <Data name="ogc_fid">
            <value>71</value>
          </Data>
        </ExtendedData>
        <Polygon>
          <outerBoundaryIs>
            <LinearRing>
              <tessellate>1</tessellate>
              <coordinates>
                19.971203,50.030947,0
                19.971295,50.030863,0
                19.971434,50.030926,0
                19.971342,50.031009,0
                19.971203,50.030947,0
              </coordinates>
            </LinearRing>
          </outerBoundaryIs>
        </Polygon>
      </Placemark>
      <Placemark>
        <name/>
        <description><![CDATA[opis: <br>ogc_fid: ]]></description>
        <styleUrl>#poly-000000-1200-43</styleUrl>
        <ExtendedData>
          <Data name="opis">
            <value/>
          </Data>
          <Data name="ogc_fid">
            <value/>
          </Data>
        </ExtendedData>
        <Polygon>
          <outerBoundaryIs>
            <LinearRing>
              <tessellate>1</tessellate>
              <coordinates>
                19.958394,50.030297,0
                19.958571,50.030351,0
                19.958512,50.030432,0
                19.958335,50.030378,0
                19.958394,50.030297,0
              </coordinates>
            </LinearRing>
          </outerBoundaryIs>
        </Polygon>
      </Placemark>
      <Placemark>
        <name/>
        <description><![CDATA[opis: <br>ogc_fid: ]]></description>
        <styleUrl>#poly-000000-1200-43</styleUrl>
        <ExtendedData>
          <Data name="opis">
            <value/>
          </Data>
          <Data name="ogc_fid">
            <value/>
          </Data>
        </ExtendedData>
        <Polygon>
          <outerBoundaryIs>
            <LinearRing>
              <tessellate>1</tessellate>
              <coordinates>
                19.962879,50.031496,0
                19.962948,50.031417,0
                19.963333,50.031555,0
                19.963264,50.031634,0
                19.962879,50.031496,0
              </coordinates>
            </LinearRing>
          </outerBoundaryIs>
        </Polygon>
      </Placemark>
      <Placemark>
        <name/>
        <description><![CDATA[opis: <br>ogc_fid: 49]]></description>
        <styleUrl>#poly-000000-1200-43</styleUrl>
        <ExtendedData>
          <Data name="opis">
            <value/>
          </Data>
          <Data name="ogc_fid">
            <value>49</value>
          </Data>
        </ExtendedData>
        <Polygon>
          <outerBoundaryIs>
            <LinearRing>
              <tessellate>1</tessellate>
              <coordinates>
                19.963933,50.030373,0
                19.964019,50.030259,0
                19.964766,50.030492,0
                19.964681,50.030606,0
                19.963933,50.030373,0
              </coordinates>
            </LinearRing>
          </outerBoundaryIs>
        </Polygon>
      </Placemark>
      <Placemark>
        <name/>
        <description><![CDATA[opis: <br>ogc_fid: 45]]></description>
        <styleUrl>#poly-000000-1200-43</styleUrl>
        <ExtendedData>
          <Data name="opis">
            <value/>
          </Data>
          <Data name="ogc_fid">
            <value>45</value>
          </Data>
        </ExtendedData>
        <Polygon>
          <outerBoundaryIs>
            <LinearRing>
              <tessellate>1</tessellate>
              <coordinates>
                19.966506,50.0303,0
                19.966578,50.030205,0
                19.967325,50.030438,0
                19.967254,50.030533,0
                19.966506,50.0303,0
              </coordinates>
            </LinearRing>
          </outerBoundaryIs>
        </Polygon>
      </Placemark>
      <Placemark>
        <name/>
        <description><![CDATA[opis: <br>ogc_fid: 45]]></description>
        <styleUrl>#poly-000000-1200-43</styleUrl>
        <ExtendedData>
          <Data name="opis">
            <value/>
          </Data>
          <Data name="ogc_fid">
            <value>45</value>
          </Data>
        </ExtendedData>
        <Polygon>
          <outerBoundaryIs>
            <LinearRing>
              <tessellate>1</tessellate>
              <coordinates>
                19.965514,50.029988,0
                19.965585,50.029892,0
                19.966333,50.030125,0
                19.966262,50.030221,0
                19.965514,50.029988,0
              </coordinates>
            </LinearRing>
          </outerBoundaryIs>
        </Polygon>
      </Placemark>
      <Placemark>
        <name/>
        <description><![CDATA[opis: <br>ogc_fid: 45]]></description>
        <styleUrl>#poly-000000-1200-43</styleUrl>
        <ExtendedData>
          <Data name="opis">
            <value/>
          </Data>
          <Data name="ogc_fid">
            <value>45</value>
          </Data>
        </ExtendedData>
        <Polygon>
          <outerBoundaryIs>
            <LinearRing>
              <tessellate>1</tessellate>
              <coordinates>
                19.965216,50.030287,0
                19.965288,50.030192,0
                19.966035,50.030425,0
                19.965964,50.03052,0
                19.965216,50.030287,0
              </coordinates>
            </LinearRing>
          </outerBoundaryIs>
        </Polygon>
      </Placemark>
      <Placemark>
        <name/>
        <description><![CDATA[opis: <br>ogc_fid: 45]]></description>
        <styleUrl>#poly-000000-1200-43</styleUrl>
        <ExtendedData>
          <Data name="opis">
            <value/>
          </Data>
          <Data name="ogc_fid">
            <value>45</value>
          </Data>
        </ExtendedData>
        <Polygon>
          <outerBoundaryIs>
            <LinearRing>
              <tessellate>1</tessellate>
              <coordinates>
                19.966206,50.030601,0
                19.966277,50.030506,0
                19.967025,50.030739,0
                19.966954,50.030834,0
                19.966206,50.030601,0
              </coordinates>
            </LinearRing>
          </outerBoundaryIs>
        </Polygon>
      </Placemark>
      <Placemark>
        <name/>
        <description><![CDATA[opis: <br>ogc_fid: 50]]></description>
        <styleUrl>#poly-000000-1200-43</styleUrl>
        <ExtendedData>
          <Data name="opis">
            <value/>
          </Data>
          <Data name="ogc_fid">
            <value>50</value>
          </Data>
        </ExtendedData>
        <Polygon>
          <outerBoundaryIs>
            <LinearRing>
              <tessellate>1</tessellate>
              <coordinates>
                19.965235,50.03165,0
                19.96532,50.031535,0
                19.966068,50.031769,0
                19.965982,50.031883,0
                19.965235,50.03165,0
              </coordinates>
            </LinearRing>
          </outerBoundaryIs>
        </Polygon>
      </Placemark>
      <Placemark>
        <name/>
        <description><![CDATA[opis: <br>ogc_fid: 50]]></description>
        <styleUrl>#poly-000000-1200-43</styleUrl>
        <ExtendedData>
          <Data name="opis">
            <value/>
          </Data>
          <Data name="ogc_fid">
            <value>50</value>
          </Data>
        </ExtendedData>
        <Polygon>
          <outerBoundaryIs>
            <LinearRing>
              <tessellate>1</tessellate>
              <coordinates>
                19.965032,50.031869,0
                19.965118,50.031755,0
                19.965865,50.031988,0
                19.96578,50.032102,0
                19.965032,50.031869,0
              </coordinates>
            </LinearRing>
          </outerBoundaryIs>
        </Polygon>
      </Placemark>
    </Folder>
    <Folder>
      <name>Główne ogrodzenie / Main fance</name>
      <Placemark>
        <name>Ogrodzenie zewnętrzne</name>
        <description><![CDATA[opis: <br>OBJECTID: <br>SHAPE_Leng: <br>SHAPE_Area: ]]></description>
        <styleUrl>#line-000000-3325</styleUrl>
        <ExtendedData>
          <Data name="opis">
            <value/>
          </Data>
          <Data name="OBJECTID">
            <value/>
          </Data>
          <Data name="SHAPE_Leng">
            <value/>
          </Data>
          <Data name="SHAPE_Area">
            <value/>
          </Data>
        </ExtendedData>
        <LineString>
          <tessellate>1</tessellate>
          <coordinates>
            19.9681168,50.035097,0
            19.9667598,50.034882,0
            19.9667668,50.034808,0
            19.9658708,50.034809,0
            19.9656868,50.03482,0
            19.9655348,50.034842,0
            19.9653608,50.034926,0
            19.9651958,50.034993,0
            19.9650208,50.035045,0
            19.9648688,50.035061,0
            19.9644198,50.035029,0
            19.9638179,50.034951,0
            19.9636179,50.034887,0
            19.9634919,50.034832,0
            19.9634319,50.034817,0
            19.9631189,50.034865,0
            19.9623739,50.034811,0
            19.9615308,50.034238,0
            19.9613138,50.034225,0
            19.9610398,50.034183,0
            19.9609098,50.034139,0
            19.9608388,50.034047,0
            19.9607948,50.033926,0
            19.9607768,50.0337,0
            19.9571788,50.031177,0
            19.9582548,50.030245,0
            19.9583468,50.030015,0
            19.9584878,50.030121,0
            19.9594308,50.030375,0
            19.9606378,50.0290817,0
            19.9612408,50.028492,0
            19.9625329,50.028201,0
            19.9636439,50.027865,0
            19.9731737,50.029758,0
            19.973445,50.029767,0
            19.9700749,50.032968,0
            19.9695159,50.033654,0
            19.9681511,50.0350615,0
          </coordinates>
        </LineString>
      </Placemark>
      <Placemark>
        <name>Linia 3</name>
        <description><![CDATA[opis: <br>OBJECTID: <br>SHAPE_Leng: <br>SHAPE_Area: ]]></description>
        <styleUrl>#line-000000-3325</styleUrl>
        <ExtendedData>
          <Data name="opis">
            <value/>
          </Data>
          <Data name="OBJECTID">
            <value/>
          </Data>
          <Data name="SHAPE_Leng">
            <value/>
          </Data>
          <Data name="SHAPE_Area">
            <value/>
          </Data>
        </ExtendedData>
        <LineString>
          <tessellate>1</tessellate>
          <coordinates>
            19.9681511,50.0350615,0
            19.9681168,50.035097,0
          </coordinates>
        </LineString>
      </Placemark>
    </Folder>
    <Folder>
      <name>Stawy przeciwpożarowe, basen / Fire ponds, pool</name>
      <Placemark>
        <name/>
        <styleUrl>#poly-0288D1-1200-120-nodesc</styleUrl>
        <Polygon>
          <outerBoundaryIs>
            <LinearRing>
              <tessellate>1</tessellate>
              <coordinates>
                19.962301,50.033099,0
                19.962291,50.033105,0
                19.962286,50.033111,0
                19.962282,50.033117,0
                19.962274,50.033124,0
                19.962269,50.033128,0
                19.962263,50.033134,0
                19.962256,50.033141,0
                19.962249,50.03315,0
                19.962239,50.033164,0
                19.962233,50.033167,0
                19.962219,50.033167,0
                19.962195,50.033164,0
                19.962178,50.033159,0
                19.962163,50.033154,0
                19.96215,50.033146,0
                19.962142,50.03314,0
                19.962136,50.033134,0
                19.96213,50.033126,0
                19.962127,50.033117,0
                19.962125,50.033107,0
                19.962124,50.033096,0
                19.962126,50.033084,0
                19.962133,50.033075,0
                19.962141,50.033067,0
                19.962147,50.033057,0
                19.962152,50.033048,0
                19.962157,50.033041,0
                19.962161,50.033036,0
                19.962171,50.033029,0
                19.962178,50.033024,0
                19.962183,50.03302,0
                19.96219,50.033011,0
                19.962194,50.033008,0
                19.962205,50.033002,0
                19.962212,50.032999,0
                19.962224,50.032995,0
                19.962233,50.032992,0
                19.962245,50.032988,0
                19.962254,50.032986,0
                19.962262,50.032984,0
                19.962278,50.032981,0
                19.962292,50.03298,0
                19.962306,50.032983,0
                19.962311,50.032984,0
                19.962317,50.032986,0
                19.962333,50.032993,0
                19.962337,50.032997,0
                19.962339,50.033,0
                19.962344,50.033007,0
                19.962347,50.033014,0
                19.962354,50.033022,0
                19.962355,50.033026,0
                19.962356,50.033037,0
                19.962355,50.033044,0
                19.96235,50.033052,0
                19.962342,50.03306,0
                19.962333,50.033068,0
                19.962329,50.033073,0
                19.962326,50.033075,0
                19.962324,50.033076,0
                19.962301,50.033099,0
              </coordinates>
            </LinearRing>
          </outerBoundaryIs>
        </Polygon>
      </Placemark>
      <Placemark>
        <name/>
        <styleUrl>#poly-0288D1-1200-120-nodesc</styleUrl>
        <Polygon>
          <outerBoundaryIs>
            <LinearRing>
              <tessellate>1</tessellate>
              <coordinates>
                19.9618192,50.0311969,0
                19.9617702,50.0311939,0
                19.9617482,50.0311839,0
                19.9617242,50.0311669,0
                19.9617002,50.0311479,0
                19.9616792,50.0311369,0
                19.9616552,50.0311219,0
                19.9616412,50.0311119,0
                19.9616372,50.0310949,0
                19.9616362,50.0310819,0
                19.9616422,50.0310709,0
                19.9616562,50.0310639,0
                19.9616672,50.0310569,0
                19.9616872,50.0310509,0
                19.9617122,50.0310469,0
                19.9617492,50.0310449,0
                19.9617832,50.0310529,0
                19.9618222,50.0310699,0
                19.9618422,50.0310799,0
                19.9618562,50.0310919,0
                19.9618682,50.0311059,0
                19.9618702,50.0311149,0
                19.9618712,50.0311379,0
                19.9618552,50.0311549,0
                19.9618502,50.0311629,0
                19.9618442,50.0311709,0
                19.9618442,50.0311809,0
                19.9618402,50.0311849,0
                19.9618192,50.0311969,0
              </coordinates>
            </LinearRing>
          </outerBoundaryIs>
        </Polygon>
      </Placemark>
      <Placemark>
        <name/>
        <styleUrl>#poly-0288D1-1200-120-nodesc</styleUrl>
        <Polygon>
          <outerBoundaryIs>
            <LinearRing>
              <tessellate>1</tessellate>
              <coordinates>
                19.963312,50.031097,0
                19.96332,50.031104,0
                19.96332,50.03111,0
                19.963322,50.031119,0
                19.963253,50.031195,0
                19.96323,50.031196,0
                19.963206,50.031193,0
                19.962924,50.031101,0
                19.962912,50.031095,0
                19.962906,50.031085,0
                19.962906,50.03108,0
                19.962965,50.031002,0
                19.962986,50.030986,0
                19.962994,50.030987,0
                19.963018,50.030987,0
                19.96303,50.030994,0
                19.963312,50.031097,0
              </coordinates>
            </LinearRing>
          </outerBoundaryIs>
        </Polygon>
      </Placemark>
      <Placemark>
        <name/>
        <styleUrl>#poly-0288D1-1200-120-nodesc</styleUrl>
        <Polygon>
          <outerBoundaryIs>
            <LinearRing>
              <tessellate>1</tessellate>
              <coordinates>
                19.963486,50.031502,0
                19.963502,50.031503,0
                19.963517,50.031504,0
                19.963525,50.031507,0
                19.963538,50.031509,0
                19.96355,50.03151,0
                19.963562,50.031513,0
                19.963832,50.031665,0
                19.963848,50.031676,0
                19.963853,50.031679,0
                19.963857,50.031684,0
                19.96386,50.031694,0
                19.96386,50.031701,0
                19.963858,50.031707,0
                19.963854,50.031712,0
                19.963824,50.031743,0
                19.963794,50.031766,0
                19.963769,50.031786,0
                19.963726,50.031814,0
                19.963683,50.031849,0
                19.963661,50.031861,0
                19.96363,50.031865,0
                19.963613,50.031866,0
                19.963601,50.031863,0
                19.963585,50.031858,0
                19.963275,50.031721,0
                19.963262,50.031712,0
                19.963259,50.031708,0
                19.963257,50.031703,0
                19.963254,50.031695,0
                19.963253,50.03169,0
                19.963253,50.031681,0
                19.963266,50.031672,0
                19.963405,50.03156,0
                19.96345,50.031529,0
                19.963486,50.031502,0
              </coordinates>
            </LinearRing>
          </outerBoundaryIs>
        </Polygon>
      </Placemark>
      <Placemark>
        <name/>
        <styleUrl>#poly-0288D1-1200-120-nodesc</styleUrl>
        <Polygon>
          <outerBoundaryIs>
            <LinearRing>
              <tessellate>1</tessellate>
              <coordinates>
                19.963708,50.031897,0
                19.963902,50.031733,0
                19.963919,50.031722,0
                19.963927,50.03172,0
                19.963932,50.03172,0
                19.963937,50.031722,0
                19.963945,50.031725,0
                19.96395,50.031727,0
                19.963959,50.03173,0
                19.963974,50.031734,0
                19.963989,50.031738,0
                19.964003,50.031744,0
                19.964157,50.031819,0
                19.964203,50.031841,0
                19.964248,50.031861,0
                19.964275,50.03187,0
                19.964294,50.03188,0
                19.964299,50.031887,0
                19.9643,50.031899,0
                19.964301,50.031909,0
                19.964301,50.031913,0
                19.964301,50.031928,0
                19.9643,50.031933,0
                19.964287,50.031959,0
                19.964287,50.03196,0
                19.964284,50.031971,0
                19.964282,50.031979,0
                19.964181,50.032058,0
                19.964169,50.032058,0
                19.964149,50.032059,0
                19.96414,50.032058,0
                19.963708,50.031897,0
              </coordinates>
            </LinearRing>
          </outerBoundaryIs>
        </Polygon>
      </Placemark>
      <Placemark>
        <name/>
        <styleUrl>#poly-0288D1-1200-120-nodesc</styleUrl>
        <Polygon>
          <outerBoundaryIs>
            <LinearRing>
              <tessellate>1</tessellate>
              <coordinates>
                19.966317,50.028903,0
                19.966288,50.028897,0
                19.966276,50.028887,0
                19.966287,50.028844,0
                19.966312,50.028816,0
                19.966336,50.028778,0
                19.966352,50.02876,0
                19.966369,50.028756,0
                19.966399,50.028753,0
                19.96641,50.028754,0
                19.966438,50.028767,0
                19.966452,50.028773,0
                19.966458,50.028782,0
                19.966458,50.028794,0
                19.966456,50.028806,0
                19.966455,50.028828,0
                19.966453,50.028835,0
                19.966434,50.028872,0
                19.966427,50.028883,0
                19.966404,50.028905,0
                19.966402,50.028911,0
                19.966398,50.028917,0
                19.966317,50.028903,0
              </coordinates>
            </LinearRing>
          </outerBoundaryIs>
        </Polygon>
      </Placemark>
      <Placemark>
        <name/>
        <styleUrl>#poly-0288D1-1200-120-nodesc</styleUrl>
        <Polygon>
          <outerBoundaryIs>
            <LinearRing>
              <tessellate>1</tessellate>
              <coordinates>
                19.966015,50.029433,0
                19.966,50.029426,0
                19.965993,50.029414,0
                19.965993,50.029404,0
                19.965999,50.029393,0
                19.966004,50.02938,0
                19.966014,50.029367,0
                19.966018,50.029359,0
                19.966025,50.029342,0
                19.966025,50.029328,0
                19.966025,50.029318,0
                19.96603,50.029309,0
                19.966032,50.029304,0
                19.966042,50.029297,0
                19.966048,50.029294,0
                19.966071,50.029287,0
                19.966081,50.029287,0
                19.966103,50.029287,0
                19.966132,50.029291,0
                19.966142,50.029296,0
                19.966162,50.029299,0
                19.966185,50.029304,0
                19.966193,50.029317,0
                19.966193,50.029326,0
                19.966194,50.029344,0
                19.966141,50.029447,0
                19.966076,50.029444,0
                19.966015,50.029433,0
              </coordinates>
            </LinearRing>
          </outerBoundaryIs>
        </Polygon>
      </Placemark>
      <Placemark>
        <name/>
        <styleUrl>#poly-0288D1-1200-120-nodesc</styleUrl>
        <Polygon>
          <outerBoundaryIs>
            <LinearRing>
              <tessellate>1</tessellate>
              <coordinates>
                19.964658,50.028869,0
                19.964664,50.028869,0
                19.964691,50.028869,0
                19.964703,50.028869,0
                19.964723,50.028881,0
                19.96474,50.028891,0
                19.96475,50.028895,0
                19.964782,50.028901,0
                19.964797,50.028906,0
                19.964815,50.028911,0
                19.964831,50.028914,0
                19.964858,50.028918,0
                19.964898,50.028921,0
                19.964939,50.028929,0
                19.964968,50.028931,0
                19.964992,50.028932,0
                19.965012,50.028939,0
                19.965059,50.028951,0
                19.965079,50.028955,0
                19.96511,50.028959,0
                19.965128,50.028961,0
                19.965147,50.028972,0
                19.965153,50.02898,0
                19.965156,50.028995,0
                19.96516,50.029015,0
                19.96516,50.029035,0
                19.965155,50.029044,0
                19.965137,50.029061,0
                19.965124,50.029072,0
                19.965116,50.029076,0
                19.965105,50.029079,0
                19.965075,50.02908,0
                19.965063,50.029081,0
                19.965026,50.029082,0
                19.965001,50.029078,0
                19.964623,50.028992,0
                19.964597,50.028988,0
                19.964591,50.028978,0
                19.964587,50.028969,0
                19.964587,50.028962,0
                19.964591,50.028949,0
                19.964658,50.028869,0
              </coordinates>
            </LinearRing>
          </outerBoundaryIs>
        </Polygon>
      </Placemark>
      <Placemark>
        <name/>
        <styleUrl>#poly-0288D1-1200-120-nodesc</styleUrl>
        <Polygon>
          <outerBoundaryIs>
            <LinearRing>
              <tessellate>1</tessellate>
              <coordinates>
                19.967177,50.029548,0
                19.967133,50.029537,0
                19.967118,50.029509,0
                19.967144,50.029458,0
                19.967166,50.02945,0
                19.96721,50.029447,0
                19.967552,50.029526,0
                19.967567,50.029527,0
                19.967574,50.029535,0
                19.967581,50.029541,0
                19.967588,50.029547,0
                19.967592,50.02955,0
                19.967595,50.029556,0
                19.967596,50.029565,0
                19.967596,50.029569,0
                19.967597,50.029579,0
                19.967571,50.029628,0
                19.967177,50.029548,0
              </coordinates>
            </LinearRing>
          </outerBoundaryIs>
        </Polygon>
      </Placemark>
      <Placemark>
        <name/>
        <styleUrl>#poly-0288D1-1200-120-nodesc</styleUrl>
        <Polygon>
          <outerBoundaryIs>
            <LinearRing>
              <tessellate>1</tessellate>
              <coordinates>
                19.96746,50.033294,0
                19.967456,50.033271,0
                19.967456,50.033263,0
                19.967467,50.033252,0
                19.967487,50.033242,0
                19.967508,50.033238,0
                19.967585,50.03324,0
                19.967706,50.033242,0
                19.967712,50.033243,0
                19.967779,50.03325,0
                19.96782,50.03326,0
                19.967873,50.033278,0
                19.967942,50.033294,0
                19.96799,50.033309,0
                19.968068,50.033328,0
                19.968104,50.033346,0
                19.968143,50.033368,0
                19.968154,50.033382,0
                19.968154,50.033397,0
                19.968148,50.033415,0
                19.968143,50.033432,0
                19.968143,50.03345,0
                19.968094,50.033517,0
                19.968031,50.03351,0
                19.967554,50.033359,0
                19.96746,50.033294,0
              </coordinates>
            </LinearRing>
          </outerBoundaryIs>
        </Polygon>
      </Placemark>
      <Placemark>
        <name/>
        <styleUrl>#poly-0288D1-1200-120-nodesc</styleUrl>
        <Polygon>
          <outerBoundaryIs>
            <LinearRing>
              <tessellate>1</tessellate>
              <coordinates>
                19.969678,50.032583,0
                19.969563,50.032773,0
                19.969539,50.032772,0
                19.969381,50.032702,0
                19.969379,50.032684,0
                19.969384,50.032673,0
                19.969394,50.032662,0
                19.96946,50.032523,0
                19.969549,50.032382,0
                19.969594,50.032382,0
                19.969651,50.032389,0
                19.969696,50.032399,0
                19.96973,50.032416,0
                19.96974,50.032431,0
                19.969678,50.032583,0
              </coordinates>
            </LinearRing>
          </outerBoundaryIs>
        </Polygon>
      </Placemark>
      <Placemark>
        <name/>
        <styleUrl>#poly-0288D1-1200-120-nodesc</styleUrl>
        <Polygon>
          <outerBoundaryIs>
            <LinearRing>
              <tessellate>1</tessellate>
              <coordinates>
                19.969867,50.032342,0
                19.969889,50.032334,0
                19.970163,50.032407,0
                19.970199,50.032442,0
                19.96997,50.032935,0
                19.969928,50.032939,0
                19.969913,50.032939,0
                19.969877,50.032936,0
                19.969664,50.032841,0
                19.969867,50.032342,0
              </coordinates>
            </LinearRing>
          </outerBoundaryIs>
        </Polygon>
      </Placemark>
      <Placemark>
        <name/>
        <styleUrl>#poly-0288D1-1200-120-nodesc</styleUrl>
        <Polygon>
          <outerBoundaryIs>
            <LinearRing>
              <tessellate>1</tessellate>
              <coordinates>
                19.970001,50.032044,0
                19.97022,50.032052,0
                19.970234,50.032064,0
                19.970246,50.032076,0
                19.97026,50.032205,0
                19.970256,50.032256,0
                19.970237,50.032294,0
                19.970225,50.03231,0
                19.970198,50.032328,0
                19.970192,50.032334,0
                19.970154,50.032349,0
                19.970132,50.032356,0
                19.970087,50.032349,0
                19.97002,50.032329,0
                19.969994,50.032322,0
                19.969957,50.032302,0
                19.969933,50.032297,0
                19.969921,50.032293,0
                19.969919,50.032276,0
                19.969936,50.032246,0
                19.969944,50.032234,0
                19.969962,50.032191,0
                19.969962,50.032171,0
                19.969961,50.032133,0
                19.969963,50.032112,0
                19.969972,50.0321,0
                19.969976,50.032097,0
                19.970001,50.032044,0
              </coordinates>
            </LinearRing>
          </outerBoundaryIs>
        </Polygon>
      </Placemark>
      <Placemark>
        <name>Basen / pool</name>
        <styleUrl>#poly-0288D1-1200-120-nodesc</styleUrl>
        <Polygon>
          <outerBoundaryIs>
            <LinearRing>
              <tessellate>1</tessellate>
              <coordinates>
                19.9668534,50.0313713,0
                19.9670438,50.0314394,0
                19.9667783,50.0317211,0
                19.9665852,50.0316505,0
                19.9668534,50.0313713,0
              </coordinates>
            </LinearRing>
          </outerBoundaryIs>
        </Polygon>
      </Placemark>
    </Folder>
    <Folder>
      <name>Ogrodzenia / fences</name>
      <Placemark>
        <name/>
        <description><![CDATA[opis: <br>OBJECTID: 1<br>SHAPE_Leng: 648.85660917400]]></description>
        <styleUrl>#line-000000-1200</styleUrl>
        <ExtendedData>
          <Data name="opis">
            <value/>
          </Data>
          <Data name="OBJECTID">
            <value>1</value>
          </Data>
          <Data name="SHAPE_Leng">
            <value>648.85660917400</value>
          </Data>
        </ExtendedData>
        <LineString>
          <tessellate>1</tessellate>
          <coordinates>
            19.970414,50.032418,0
            19.971132,50.031719,0
            19.972177,50.030741,0
            19.972995,50.029925,0
            19.97302,50.029902,0
            19.973027,50.029878,0
            19.973021,50.029868,0
            19.973009,50.029857,0
            19.972967,50.029845,0
            19.970723,50.029438,0
            19.968883,50.029096,0
          </coordinates>
        </LineString>
      </Placemark>
      <Placemark>
        <name/>
        <description><![CDATA[opis: <br>OBJECTID: 2<br>SHAPE_Leng: 1805.90554738000]]></description>
        <styleUrl>#line-000000-1200</styleUrl>
        <ExtendedData>
          <Data name="opis">
            <value/>
          </Data>
          <Data name="OBJECTID">
            <value>2</value>
          </Data>
          <Data name="SHAPE_Leng">
            <value>1805.90554738000</value>
          </Data>
        </ExtendedData>
        <LineString>
          <tessellate>1</tessellate>
          <coordinates>
            19.968746,50.029074,0
            19.965785,50.028475,0
            19.963663,50.028047,0
            19.961473,50.028675,0
            19.96122,50.028964,0
            19.960953,50.029176,0
            19.960747,50.029242,0
            19.959906,50.03006,0
            19.959591,50.030396,0
            19.959346,50.030436,0
            19.957896,50.031518,0
            19.958938,50.03223,0
            19.960755,50.033505,0
            19.961596,50.034132,0
            19.961625,50.034148,0
            19.961685,50.034171,0
            19.961778,50.034197,0
            19.962971,50.034354,0
            19.963187,50.034421,0
            19.964051,50.034559,0
            19.96473,50.033583,0
            19.964804,50.033627,0
            19.965448,50.032542,0
            19.965507,50.032482,0
          </coordinates>
        </LineString>
      </Placemark>
      <Placemark>
        <name/>
        <description><![CDATA[opis: <br>OBJECTID: 3<br>SHAPE_Leng: 254.82040029300]]></description>
        <styleUrl>#line-000000-1200</styleUrl>
        <ExtendedData>
          <Data name="opis">
            <value/>
          </Data>
          <Data name="OBJECTID">
            <value>3</value>
          </Data>
          <Data name="SHAPE_Leng">
            <value>254.82040029300</value>
          </Data>
        </ExtendedData>
        <LineString>
          <tessellate>1</tessellate>
          <coordinates>
            19.965666,50.032352,0
            19.966261,50.031648,0
            19.966754,50.031086,0
            19.966786,50.031083,0
            19.966869,50.031084,0
            19.966929,50.031083,0
            19.966983,50.031073,0
            19.967032,50.031046,0
            19.967093,50.030979,0
            19.96753,50.030413,0
          </coordinates>
        </LineString>
      </Placemark>
      <Placemark>
        <name/>
        <description><![CDATA[opis: <br>OBJECTID: 4<br>SHAPE_Leng: 220.89954173600]]></description>
        <styleUrl>#line-000000-1200</styleUrl>
        <ExtendedData>
          <Data name="opis">
            <value/>
          </Data>
          <Data name="OBJECTID">
            <value>4</value>
          </Data>
          <Data name="SHAPE_Leng">
            <value>220.89954173600</value>
          </Data>
        </ExtendedData>
        <LineString>
          <tessellate>1</tessellate>
          <coordinates>
            19.96743,50.03038,0
            19.966661,50.030152,0
            19.966901,50.029742,0
            19.968298,50.030069,0
          </coordinates>
        </LineString>
      </Placemark>
      <Placemark>
        <name/>
        <description><![CDATA[opis: <br>OBJECTID: 5<br>SHAPE_Leng: 115.41796598400]]></description>
        <styleUrl>#line-000000-1200</styleUrl>
        <ExtendedData>
          <Data name="opis">
            <value/>
          </Data>
          <Data name="OBJECTID">
            <value>5</value>
          </Data>
          <Data name="SHAPE_Leng">
            <value>115.41796598400</value>
          </Data>
        </ExtendedData>
        <LineString>
          <tessellate>1</tessellate>
          <coordinates>
            19.968298,50.030069,0
            19.968446,50.029639,0
            19.968746,50.029074,0
          </coordinates>
        </LineString>
      </Placemark>
      <Placemark>
        <name/>
        <description><![CDATA[opis: <br>OBJECTID: 6<br>SHAPE_Leng: 38.56853537130]]></description>
        <styleUrl>#line-000000-1200</styleUrl>
        <ExtendedData>
          <Data name="opis">
            <value/>
          </Data>
          <Data name="OBJECTID">
            <value>6</value>
          </Data>
          <Data name="SHAPE_Leng">
            <value>38.56853537130</value>
          </Data>
        </ExtendedData>
        <LineString>
          <tessellate>1</tessellate>
          <coordinates>
            19.966356,50.03025,0
            19.966542,50.02997,0
          </coordinates>
        </LineString>
      </Placemark>
      <Placemark>
        <name/>
        <description><![CDATA[opis: <br>OBJECTID: 7<br>SHAPE_Leng: 136.13027723300]]></description>
        <styleUrl>#line-000000-1200</styleUrl>
        <ExtendedData>
          <Data name="opis">
            <value/>
          </Data>
          <Data name="OBJECTID">
            <value>7</value>
          </Data>
          <Data name="SHAPE_Leng">
            <value>136.13027723300</value>
          </Data>
        </ExtendedData>
        <LineString>
          <tessellate>1</tessellate>
          <coordinates>
            19.966189,50.029805,0
            19.96605,50.029771,0
            19.965976,50.029765,0
            19.965895,50.029782,0
            19.965833,50.029806,0
            19.965453,50.02997,0
            19.96636,50.030255,0
          </coordinates>
        </LineString>
      </Placemark>
      <Placemark>
        <name/>
        <description><![CDATA[opis: <br>OBJECTID: 9<br>SHAPE_Leng: 10.14086066200]]></description>
        <styleUrl>#line-000000-1200</styleUrl>
        <ExtendedData>
          <Data name="opis">
            <value/>
          </Data>
          <Data name="OBJECTID">
            <value>9</value>
          </Data>
          <Data name="SHAPE_Leng">
            <value>10.14086066200</value>
          </Data>
        </ExtendedData>
        <LineString>
          <tessellate>1</tessellate>
          <coordinates>
            19.968883,50.029096,0
            19.968746,50.029074,0
          </coordinates>
        </LineString>
      </Placemark>
      <Placemark>
        <name/>
        <description><![CDATA[opis: <br>OBJECTID: 10<br>SHAPE_Leng: 44.07779395630]]></description>
        <styleUrl>#line-000000-1200</styleUrl>
        <ExtendedData>
          <Data name="opis">
            <value/>
          </Data>
          <Data name="OBJECTID">
            <value>10</value>
          </Data>
          <Data name="SHAPE_Leng">
            <value>44.07779395630</value>
          </Data>
        </ExtendedData>
        <LineString>
          <tessellate>1</tessellate>
          <coordinates>
            19.961747,50.030928,0
            19.961283,50.030804,0
            19.961244,50.030872,0
          </coordinates>
        </LineString>
      </Placemark>
      <Placemark>
        <name/>
        <description><![CDATA[opis: <br>OBJECTID: 11<br>SHAPE_Leng: 17.11344937000]]></description>
        <styleUrl>#line-000000-1200</styleUrl>
        <ExtendedData>
          <Data name="opis">
            <value/>
          </Data>
          <Data name="OBJECTID">
            <value>11</value>
          </Data>
          <Data name="SHAPE_Leng">
            <value>17.11344937000</value>
          </Data>
        </ExtendedData>
        <LineString>
          <tessellate>1</tessellate>
          <coordinates>
            19.960388,50.030716,0
            19.960267,50.030849,0
          </coordinates>
        </LineString>
      </Placemark>
      <Placemark>
        <name/>
        <description><![CDATA[opis: <br>OBJECTID: 12<br>SHAPE_Leng: 103.26621911900]]></description>
        <styleUrl>#line-000000-1200</styleUrl>
        <ExtendedData>
          <Data name="opis">
            <value/>
          </Data>
          <Data name="OBJECTID">
            <value>12</value>
          </Data>
          <Data name="SHAPE_Leng">
            <value>103.26621911900</value>
          </Data>
        </ExtendedData>
        <LineString>
          <tessellate>1</tessellate>
          <coordinates>
            19.960217,50.030913,0
            19.960071,50.031095,0
            19.961049,50.031431,0
            19.961082,50.031393,0
          </coordinates>
        </LineString>
      </Placemark>
      <Placemark>
        <name/>
        <description><![CDATA[opis: <br>OBJECTID: 13<br>SHAPE_Leng: 366.53490235500]]></description>
        <styleUrl>#line-000000-1200</styleUrl>
        <ExtendedData>
          <Data name="opis">
            <value/>
          </Data>
          <Data name="OBJECTID">
            <value>13</value>
          </Data>
          <Data name="SHAPE_Leng">
            <value>366.53490235500</value>
          </Data>
        </ExtendedData>
        <LineString>
          <tessellate>1</tessellate>
          <coordinates>
            19.963,50.034362,0
            19.963068,50.034265,0
            19.962995,50.033937,0
            19.963491,50.033233,0
            19.963217,50.033103,0
            19.963032,50.032997,0
            19.962757,50.032857,0
            19.961616,50.034143,0
          </coordinates>
        </LineString>
      </Placemark>
      <Placemark>
        <name/>
        <description><![CDATA[opis: <br>OBJECTID: 14<br>SHAPE_Leng: 125.56712660900]]></description>
        <styleUrl>#line-000000-1200</styleUrl>
        <ExtendedData>
          <Data name="opis">
            <value/>
          </Data>
          <Data name="OBJECTID">
            <value>14</value>
          </Data>
          <Data name="SHAPE_Leng">
            <value>125.56712660900</value>
          </Data>
        </ExtendedData>
        <LineString>
          <tessellate>1</tessellate>
          <coordinates>
            19.963006,50.032984,0
            19.962312,50.033786,0
            19.962026,50.033681,0
          </coordinates>
        </LineString>
      </Placemark>
      <Placemark>
        <name/>
        <description><![CDATA[opis: <br>OBJECTID: 15<br>SHAPE_Leng: 13.61962737790]]></description>
        <styleUrl>#line-000000-1200</styleUrl>
        <ExtendedData>
          <Data name="opis">
            <value/>
          </Data>
          <Data name="OBJECTID">
            <value>15</value>
          </Data>
          <Data name="SHAPE_Leng">
            <value>13.61962737790</value>
          </Data>
        </ExtendedData>
        <LineString>
          <tessellate>1</tessellate>
          <coordinates>
            19.962912,50.033478,0
            19.96301,50.03351,0
            19.962976,50.033557,0
          </coordinates>
        </LineString>
      </Placemark>
      <Placemark>
        <name/>
        <description><![CDATA[opis: <br>OBJECTID: 16<br>SHAPE_Leng: 8.78646440156]]></description>
        <styleUrl>#line-000000-1200</styleUrl>
        <ExtendedData>
          <Data name="opis">
            <value/>
          </Data>
          <Data name="OBJECTID">
            <value>16</value>
          </Data>
          <Data name="SHAPE_Leng">
            <value>8.78646440156</value>
          </Data>
        </ExtendedData>
        <LineString>
          <tessellate>1</tessellate>
          <coordinates>
            19.963052,50.033665,0
            19.963163,50.033697,0
          </coordinates>
        </LineString>
      </Placemark>
      <Placemark>
        <name/>
        <description><![CDATA[opis: <br>OBJECTID: 17<br>SHAPE_Leng: 128.52221570800]]></description>
        <styleUrl>#line-000000-1200</styleUrl>
        <ExtendedData>
          <Data name="opis">
            <value/>
          </Data>
          <Data name="OBJECTID">
            <value>17</value>
          </Data>
          <Data name="SHAPE_Leng">
            <value>128.52221570800</value>
          </Data>
        </ExtendedData>
        <LineString>
          <tessellate>1</tessellate>
          <coordinates>
            19.959884,50.032894,0
            19.960166,50.032571,0
            19.959338,50.032269,0
            19.959206,50.032419,0
          </coordinates>
        </LineString>
      </Placemark>
      <Placemark>
        <name/>
        <description><![CDATA[opis: <br>OBJECTID: 18<br>SHAPE_Leng: 130.27009312000]]></description>
        <styleUrl>#line-000000-1200</styleUrl>
        <ExtendedData>
          <Data name="opis">
            <value/>
          </Data>
          <Data name="OBJECTID">
            <value>18</value>
          </Data>
          <Data name="SHAPE_Leng">
            <value>130.27009312000</value>
          </Data>
        </ExtendedData>
        <LineString>
          <tessellate>1</tessellate>
          <coordinates>
            19.958112,50.031356,0
            19.959522,50.031798,0
            19.959633,50.031652,0
          </coordinates>
        </LineString>
      </Placemark>
      <Placemark>
        <name/>
        <description><![CDATA[opis: <br>OBJECTID: 19<br>SHAPE_Leng: 163.53469182700]]></description>
        <styleUrl>#line-000000-1200</styleUrl>
        <ExtendedData>
          <Data name="opis">
            <value/>
          </Data>
          <Data name="OBJECTID">
            <value>19</value>
          </Data>
          <Data name="SHAPE_Leng">
            <value>163.53469182700</value>
          </Data>
        </ExtendedData>
        <LineString>
          <tessellate>1</tessellate>
          <coordinates>
            19.962757,50.032857,0
            19.962016,50.032505,0
            19.961788,50.032745,0
            19.962587,50.033048,0
          </coordinates>
        </LineString>
      </Placemark>
      <Placemark>
        <name/>
        <description><![CDATA[opis: <br>OBJECTID: 20<br>SHAPE_Leng: 18.33692267820]]></description>
        <styleUrl>#line-000000-1200</styleUrl>
        <ExtendedData>
          <Data name="opis">
            <value/>
          </Data>
          <Data name="OBJECTID">
            <value>20</value>
          </Data>
          <Data name="SHAPE_Leng">
            <value>18.33692267820</value>
          </Data>
        </ExtendedData>
        <LineString>
          <tessellate>1</tessellate>
          <coordinates>
            19.965666,50.032352,0
            19.965507,50.032482,0
          </coordinates>
        </LineString>
      </Placemark>
      <Placemark>
        <name/>
        <description><![CDATA[opis: <br>OBJECTID: 21<br>SHAPE_Leng: 201.33893682100]]></description>
        <styleUrl>#line-000000-1200</styleUrl>
        <ExtendedData>
          <Data name="opis">
            <value/>
          </Data>
          <Data name="OBJECTID">
            <value>21</value>
          </Data>
          <Data name="SHAPE_Leng">
            <value>201.33893682100</value>
          </Data>
        </ExtendedData>
        <LineString>
          <tessellate>1</tessellate>
          <coordinates>
            19.968616,50.034324,0
            19.967972,50.034998,0
            19.967393,50.034884,0
            19.967389,50.034838,0
            19.967237,50.034811,0
            19.967125,50.034755,0
            19.967021,50.034722,0
            19.966902,50.034731,0
            19.966833,50.034753,0
            19.966763,50.034775,0
            19.966548,50.034753,0
          </coordinates>
        </LineString>
      </Placemark>
      <Placemark>
        <name/>
        <description><![CDATA[opis: <br>OBJECTID: 22<br>SHAPE_Leng: 27.25649488270]]></description>
        <styleUrl>#line-000000-1200</styleUrl>
        <ExtendedData>
          <Data name="opis">
            <value/>
          </Data>
          <Data name="OBJECTID">
            <value>22</value>
          </Data>
          <Data name="SHAPE_Leng">
            <value>27.25649488270</value>
          </Data>
        </ExtendedData>
        <LineString>
          <tessellate>1</tessellate>
          <coordinates>
            19.966055,50.034686,0
            19.965687,50.034749,0
          </coordinates>
        </LineString>
      </Placemark>
      <Placemark>
        <name/>
        <description><![CDATA[opis: <br>OBJECTID: 23<br>SHAPE_Leng: 307.77217013600]]></description>
        <styleUrl>#line-000000-1200</styleUrl>
        <ExtendedData>
          <Data name="opis">
            <value/>
          </Data>
          <Data name="OBJECTID">
            <value>23</value>
          </Data>
          <Data name="SHAPE_Leng">
            <value>307.77217013600</value>
          </Data>
        </ExtendedData>
        <LineString>
          <tessellate>1</tessellate>
          <coordinates>
            19.965466,50.034789,0
            19.965182,50.034835,0
            19.965057,50.034855,0
            19.964969,50.034904,0
            19.964834,50.03496,0
            19.964782,50.034962,0
            19.964634,50.034949,0
            19.964493,50.034922,0
            19.964359,50.034868,0
            19.964277,50.034843,0
            19.964207,50.034832,0
            19.96394,50.034819,0
            19.963756,50.034823,0
            19.963689,50.034817,0
            19.963637,50.034789,0
            19.963577,50.034761,0
            19.963481,50.034747,0
            19.963177,50.034728,0
            19.962877,50.034714,0
            19.9627,50.034689,0
            19.962469,50.034603,0
            19.961988,50.034386,0
            19.961616,50.034143,0
          </coordinates>
        </LineString>
      </Placemark>
      <Placemark>
        <name/>
        <description><![CDATA[opis: <br>OBJECTID: 24<br>SHAPE_Leng: 9.65326946029]]></description>
        <styleUrl>#line-000000-1200</styleUrl>
        <ExtendedData>
          <Data name="opis">
            <value/>
          </Data>
          <Data name="OBJECTID">
            <value>24</value>
          </Data>
          <Data name="SHAPE_Leng">
            <value>9.65326946029</value>
          </Data>
        </ExtendedData>
        <LineString>
          <tessellate>1</tessellate>
          <coordinates>
            19.962021,50.032508,0
            19.961937,50.03244,0
          </coordinates>
        </LineString>
      </Placemark>
      <Placemark>
        <name/>
        <description><![CDATA[opis: <br>OBJECTID: 25<br>SHAPE_Leng: 4.26568270731]]></description>
        <styleUrl>#line-000000-1200</styleUrl>
        <ExtendedData>
          <Data name="opis">
            <value/>
          </Data>
          <Data name="OBJECTID">
            <value>25</value>
          </Data>
          <Data name="SHAPE_Leng">
            <value>4.26568270731</value>
          </Data>
        </ExtendedData>
        <LineString>
          <tessellate>1</tessellate>
          <coordinates>
            19.961241,50.032201,0
            19.961189,50.032182,0
          </coordinates>
        </LineString>
      </Placemark>
      <Placemark>
        <name/>
        <description><![CDATA[opis: <br>OBJECTID: 26<br>SHAPE_Leng: 11.08832162240]]></description>
        <styleUrl>#line-000000-1200</styleUrl>
        <ExtendedData>
          <Data name="opis">
            <value/>
          </Data>
          <Data name="OBJECTID">
            <value>26</value>
          </Data>
          <Data name="SHAPE_Leng">
            <value>11.08832162240</value>
          </Data>
        </ExtendedData>
        <LineString>
          <tessellate>1</tessellate>
          <coordinates>
            19.960323,50.031885,0
            19.960187,50.031838,0
          </coordinates>
        </LineString>
      </Placemark>
      <Placemark>
        <name/>
        <description><![CDATA[opis: <br>OBJECTID: 27<br>SHAPE_Leng: 14.44306355890]]></description>
        <styleUrl>#line-000000-1200</styleUrl>
        <ExtendedData>
          <Data name="opis">
            <value/>
          </Data>
          <Data name="OBJECTID">
            <value>27</value>
          </Data>
          <Data name="SHAPE_Leng">
            <value>14.44306355890</value>
          </Data>
        </ExtendedData>
        <LineString>
          <tessellate>1</tessellate>
          <coordinates>
            19.959814,50.03171,0
            19.959633,50.031652,0
          </coordinates>
        </LineString>
      </Placemark>
      <Placemark>
        <name/>
        <description><![CDATA[opis: <br>OBJECTID: 28<br>SHAPE_Leng: 46.93681746120]]></description>
        <styleUrl>#line-000000-1200</styleUrl>
        <ExtendedData>
          <Data name="opis">
            <value/>
          </Data>
          <Data name="OBJECTID">
            <value>28</value>
          </Data>
          <Data name="SHAPE_Leng">
            <value>46.93681746120</value>
          </Data>
        </ExtendedData>
        <LineString>
          <tessellate>1</tessellate>
          <coordinates>
            19.962912,50.033478,0
            19.963231,50.03311,0
          </coordinates>
        </LineString>
      </Placemark>
      <Placemark>
        <name/>
        <description><![CDATA[opis: <br>OBJECTID: 29<br>SHAPE_Leng: 64.10392101050]]></description>
        <styleUrl>#line-000000-1200</styleUrl>
        <ExtendedData>
          <Data name="opis">
            <value/>
          </Data>
          <Data name="OBJECTID">
            <value>29</value>
          </Data>
          <Data name="SHAPE_Leng">
            <value>64.10392101050</value>
          </Data>
        </ExtendedData>
        <LineString>
          <tessellate>1</tessellate>
          <coordinates>
            19.960246,50.031227,0
            19.960219,50.031217,0
            19.959809,50.031708,0
          </coordinates>
        </LineString>
      </Placemark>
      <Placemark>
        <name/>
        <description><![CDATA[opis: <br>OBJECTID: 32<br>SHAPE_Leng: 84.13507769320]]></description>
        <styleUrl>#line-000000-1200</styleUrl>
        <ExtendedData>
          <Data name="opis">
            <value/>
          </Data>
          <Data name="OBJECTID">
            <value>32</value>
          </Data>
          <Data name="SHAPE_Leng">
            <value>84.13507769320</value>
          </Data>
        </ExtendedData>
        <LineString>
          <tessellate>1</tessellate>
          <coordinates>
            19.961747,50.030928,0
            19.961503,50.031173,0
            19.961758,50.031272,0
            19.961608,50.031455,0
            19.961516,50.031423,0
          </coordinates>
        </LineString>
      </Placemark>
      <Placemark>
        <name/>
        <description><![CDATA[opis: <br>OBJECTID: <br>SHAPE_Leng: ]]></description>
        <styleUrl>#line-000000-1200</styleUrl>
        <ExtendedData>
          <Data name="opis">
            <value/>
          </Data>
          <Data name="OBJECTID">
            <value/>
          </Data>
          <Data name="SHAPE_Leng">
            <value/>
          </Data>
        </ExtendedData>
        <LineString>
          <tessellate>1</tessellate>
          <coordinates>
            19.963868,50.027877,0
            19.966424,50.027255,0
            19.967106,50.027187,0
            19.969066,50.027623,0
            19.968999,50.027741,0
            19.969511,50.027848,0
            19.969558,50.027781,0
            19.971242,50.028154,0
            19.971354,50.027977,0
            19.974555,50.028776,0
            19.973445,50.029767,0
          </coordinates>
        </LineString>
      </Placemark>
      <Placemark>
        <name/>
        <description><![CDATA[opis: <br>OBJECTID: <br>SHAPE_Leng: ]]></description>
        <styleUrl>#line-000000-1200</styleUrl>
        <ExtendedData>
          <Data name="opis">
            <value/>
          </Data>
          <Data name="OBJECTID">
            <value/>
          </Data>
          <Data name="SHAPE_Leng">
            <value/>
          </Data>
        </ExtendedData>
        <LineString>
          <tessellate>1</tessellate>
          <coordinates>
            19.963462,50.029945,0
            19.96283,50.029763,0
            19.962979,50.029302,0
            19.963694,50.029518,0
            19.963743,50.029454,0
            19.963822,50.02948,0
          </coordinates>
        </LineString>
      </Placemark>
      <Placemark>
        <name/>
        <description><![CDATA[opis: <br>OBJECTID: <br>SHAPE_Leng: ]]></description>
        <styleUrl>#line-000000-1200</styleUrl>
        <ExtendedData>
          <Data name="opis">
            <value/>
          </Data>
          <Data name="OBJECTID">
            <value/>
          </Data>
          <Data name="SHAPE_Leng">
            <value/>
          </Data>
        </ExtendedData>
        <LineString>
          <tessellate>1</tessellate>
          <coordinates>
            19.965782,50.032228,0
            19.96329,50.031271,0
            19.962143,50.030906,0
            19.962163,50.030877,0
            19.962075,50.03085,0
            19.962097,50.030822,0
            19.960727,50.030361,0
          </coordinates>
        </LineString>
      </Placemark>
      <Placemark>
        <name/>
        <description><![CDATA[opis: <br>OBJECTID: <br>SHAPE_Leng: ]]></description>
        <styleUrl>#line-000000-1200</styleUrl>
        <ExtendedData>
          <Data name="opis">
            <value/>
          </Data>
          <Data name="OBJECTID">
            <value/>
          </Data>
          <Data name="SHAPE_Leng">
            <value/>
          </Data>
        </ExtendedData>
        <LineString>
          <tessellate>1</tessellate>
          <coordinates>
            19.960734,50.030362,0
            19.961248,50.029935,0
            19.961224,50.029854,0
            19.961919,50.029286,0
            19.961726,50.028605,0
            19.961732,50.028604,0
          </coordinates>
        </LineString>
      </Placemark>
      <Placemark>
        <name/>
        <description><![CDATA[opis: <br>OBJECTID: <br>SHAPE_Leng: ]]></description>
        <styleUrl>#line-000000-1200</styleUrl>
        <ExtendedData>
          <Data name="opis">
            <value/>
          </Data>
          <Data name="OBJECTID">
            <value/>
          </Data>
          <Data name="SHAPE_Leng">
            <value/>
          </Data>
        </ExtendedData>
        <LineString>
          <tessellate>1</tessellate>
          <coordinates>
            19.967525,50.030417,0
            19.967881,50.029967,0
          </coordinates>
        </LineString>
      </Placemark>
      <Placemark>
        <name/>
        <description><![CDATA[opis: <br>OBJECTID: <br>SHAPE_Leng: ]]></description>
        <styleUrl>#line-000000-1200</styleUrl>
        <ExtendedData>
          <Data name="opis">
            <value/>
          </Data>
          <Data name="OBJECTID">
            <value/>
          </Data>
          <Data name="SHAPE_Leng">
            <value/>
          </Data>
        </ExtendedData>
        <LineString>
          <tessellate>1</tessellate>
          <coordinates>
            19.966916,50.031019,0
            19.967777,50.029945,0
          </coordinates>
        </LineString>
      </Placemark>
      <Placemark>
        <name/>
        <description><![CDATA[opis: <br>OBJECTID: <br>SHAPE_Leng: ]]></description>
        <styleUrl>#line-000000-1200</styleUrl>
        <ExtendedData>
          <Data name="opis">
            <value/>
          </Data>
          <Data name="OBJECTID">
            <value/>
          </Data>
          <Data name="SHAPE_Leng">
            <value/>
          </Data>
        </ExtendedData>
        <LineString>
          <tessellate>1</tessellate>
          <coordinates>
            19.966834,50.031002,0
            19.966916,50.031021,0
          </coordinates>
        </LineString>
      </Placemark>
      <Placemark>
        <name/>
        <description><![CDATA[opis: <br>OBJECTID: <br>SHAPE_Leng: ]]></description>
        <styleUrl>#line-000000-1200</styleUrl>
        <ExtendedData>
          <Data name="opis">
            <value/>
          </Data>
          <Data name="OBJECTID">
            <value/>
          </Data>
          <Data name="SHAPE_Leng">
            <value/>
          </Data>
        </ExtendedData>
        <LineString>
          <tessellate>1</tessellate>
          <coordinates>
            19.96931,50.033859,0
            19.96815,50.033442,0
            19.968173,50.033396,0
            19.968152,50.033351,0
            19.967957,50.033282,0
            19.969028,50.03222,0
            19.969809,50.032365,0
            19.9696,50.03281,0
            19.969748,50.032906,0
            19.969653,50.033119,0
            19.969686,50.033176,0
            19.969854,50.03323,0
          </coordinates>
        </LineString>
      </Placemark>
      <Placemark>
        <name/>
        <description><![CDATA[opis: <br>OBJECTID: <br>SHAPE_Leng: ]]></description>
        <styleUrl>#line-000000-1200</styleUrl>
        <ExtendedData>
          <Data name="opis">
            <value/>
          </Data>
          <Data name="OBJECTID">
            <value/>
          </Data>
          <Data name="SHAPE_Leng">
            <value/>
          </Data>
        </ExtendedData>
        <LineString>
          <tessellate>1</tessellate>
          <coordinates>
            19.969026,50.032222,0
            19.968453,50.032096,0
            19.968485,50.030202,0
            19.968486,50.029988,0
            19.968603,50.029627,0
          </coordinates>
        </LineString>
      </Placemark>
      <Placemark>
        <name/>
        <description><![CDATA[opis: <br>OBJECTID: <br>SHAPE_Leng: ]]></description>
        <styleUrl>#line-000000-1200</styleUrl>
        <ExtendedData>
          <Data name="opis">
            <value/>
          </Data>
          <Data name="OBJECTID">
            <value/>
          </Data>
          <Data name="SHAPE_Leng">
            <value/>
          </Data>
        </ExtendedData>
        <LineString>
          <tessellate>1</tessellate>
          <coordinates>
            19.968868,50.029093,0
            19.968604,50.029629,0
          </coordinates>
        </LineString>
      </Placemark>
      <Placemark>
        <name/>
        <description><![CDATA[opis: <br>OBJECTID: <br>SHAPE_Leng: ]]></description>
        <styleUrl>#line-000000-1200</styleUrl>
        <ExtendedData>
          <Data name="opis">
            <value/>
          </Data>
          <Data name="OBJECTID">
            <value/>
          </Data>
          <Data name="SHAPE_Leng">
            <value/>
          </Data>
        </ExtendedData>
        <LineString>
          <tessellate>1</tessellate>
          <coordinates>
            19.969809,50.032365,0
            19.969845,50.032289,0
            19.970386,50.03244,0
            19.970415,50.032416,0
          </coordinates>
        </LineString>
      </Placemark>
      <Placemark>
        <name/>
        <description><![CDATA[opis: <br>OBJECTID: <br>SHAPE_Leng: ]]></description>
        <styleUrl>#line-000000-1200</styleUrl>
        <ExtendedData>
          <Data name="opis">
            <value/>
          </Data>
          <Data name="OBJECTID">
            <value/>
          </Data>
          <Data name="SHAPE_Leng">
            <value/>
          </Data>
        </ExtendedData>
        <LineString>
          <tessellate>1</tessellate>
          <coordinates>
            19.958492,50.031076,0
            19.959298,50.031328,0
            19.959629,50.030862,0
            19.959525,50.030825,0
            19.959686,50.03065,0
            19.959235,50.030522,0
          </coordinates>
        </LineString>
      </Placemark>
      <Placemark>
        <name/>
        <description><![CDATA[opis: <br>OBJECTID: <br>SHAPE_Leng: ]]></description>
        <styleUrl>#line-000000-1200</styleUrl>
        <ExtendedData>
          <Data name="opis">
            <value/>
          </Data>
          <Data name="OBJECTID">
            <value/>
          </Data>
          <Data name="SHAPE_Leng">
            <value/>
          </Data>
        </ExtendedData>
        <LineString>
          <tessellate>1</tessellate>
          <coordinates>
            19.959606,50.03062,0
            19.959749,50.030442,0
            19.959886,50.030431,0
            19.960422,50.030569,0
            19.961289,50.030805,0
          </coordinates>
        </LineString>
      </Placemark>
      <Placemark>
        <name/>
        <description><![CDATA[opis: <br>OBJECTID: <br>SHAPE_Leng: ]]></description>
        <styleUrl>#line-000000-1200</styleUrl>
        <ExtendedData>
          <Data name="opis">
            <value/>
          </Data>
          <Data name="OBJECTID">
            <value/>
          </Data>
          <Data name="SHAPE_Leng">
            <value/>
          </Data>
        </ExtendedData>
        <LineString>
          <tessellate>1</tessellate>
          <coordinates>
            19.960439,50.030638,0
            19.960483,50.030586,0
          </coordinates>
        </LineString>
      </Placemark>
    </Folder>
    <Folder>
      <name>Ważne miejsca / Important places</name>
      <Placemark>
        <name>Miejsce egzekucji i grób masowy / Mass grave and killing site</name>
        <styleUrl>#poly-A52714-401-74-nodesc</styleUrl>
        <Polygon>
          <outerBoundaryIs>
            <LinearRing>
              <tessellate>1</tessellate>
              <coordinates>
                19.9644509,50.0339038,0
                19.9645019,50.0339089,0
                19.9645421,50.0339417,0
                19.9645689,50.0339641,0
                19.9646252,50.0340416,0
                19.964695,50.0341277,0
                19.9647218,50.0341725,0
                19.9647191,50.0342139,0
                19.9647245,50.0342759,0
                19.9646708,50.034319,0
                19.9645984,50.0343086,0
                19.9645394,50.0342966,0
                19.9644429,50.0342742,0
                19.9643168,50.0342466,0
                19.9638501,50.0341243,0
                19.9637777,50.0341071,0
                19.9637321,50.0340709,0
                19.9637348,50.0340209,0
                19.9638233,50.0339882,0
                19.9639896,50.0339693,0
                19.9640406,50.0339615,0
                19.9640902,50.0339494,0
                19.9642229,50.0339279,0
                19.9643463,50.0339089,0
                19.9644509,50.0339038,0
              </coordinates>
            </LinearRing>
          </outerBoundaryIs>
        </Polygon>
      </Placemark>
      <Placemark>
        <name>Miejsce egzekucji i grób masowy / Mass Grave and killing site</name>
        <description>FS (Feldschanze) 22 (Twierdza Kraków) / Scone (Kraków Fortress)</description>
        <styleUrl>#poly-A52714-1000-33</styleUrl>
        <Polygon>
          <outerBoundaryIs>
            <LinearRing>
              <tessellate>1</tessellate>
              <coordinates>
                19.965304,50.030466,0
                19.965264,50.030115,0
                19.965715,50.029918,0
                19.966207,50.030071,0
                19.966247,50.030421,0
                19.965796,50.030619,0
                19.965304,50.030466,0
              </coordinates>
            </LinearRing>
          </outerBoundaryIs>
        </Polygon>
      </Placemark>
      <Placemark>
        <name>Miejsce egzekucji i grób masowy / Mass Grave and killing site</name>
        <description>FS (Feldschanze) 22 (Twierdza Kraków) / Scone (Kraków Fortress)</description>
        <styleUrl>#poly-C2185B-1000-36</styleUrl>
        <Polygon>
          <outerBoundaryIs>
            <LinearRing>
              <tessellate>1</tessellate>
              <coordinates>
                19.960953,50.029478,0
                19.960762,50.029148,0
                19.961109,50.028877,0
                19.961648,50.028935,0
                19.961839,50.029264,0
                19.961492,50.029536,0
                19.960953,50.029478,0
              </coordinates>
            </LinearRing>
          </outerBoundaryIs>
        </Polygon>
      </Placemark>
      <Placemark>
        <name>Plac apelowy / roll-call ground</name>
        <styleUrl>#poly-FFFFFF-4401-15-nodesc</styleUrl>
        <Polygon>
          <outerBoundaryIs>
            <LinearRing>
              <tessellate>1</tessellate>
              <coordinates>
                19.9627802,50.0326665,0
                19.9635097,50.0318602,0
                19.9647328,50.0324219,0
                19.9639711,50.0332454,0
                19.9634668,50.033049,0
                19.9627802,50.0326665,0
              </coordinates>
            </LinearRing>
          </outerBoundaryIs>
        </Polygon>
      </Placemark>
      <Placemark>
        <name>Kamienioło I
/ Querry I</name>
        <styleUrl>#line-FFFFFF-4100-nodesc</styleUrl>
        <LineString>
          <tessellate>1</tessellate>
          <coordinates>
            19.9662651,50.032291,0
            19.9664046,50.0322875,0
            19.9665199,50.032291,0
            19.9666567,50.032272,0
            19.9667238,50.0322496,0
            19.9667774,50.0322341,0
            19.966823,50.0322014,0
            19.9667881,50.0321669,0
            19.9666762,50.0320974,0
            19.9667091,50.0320589,0
            19.9667694,50.0320197,0
            19.9668527,50.0319793,0
            19.9669333,50.0319605,0
            19.967108,50.031947,0
            19.9672481,50.0319804,0
            19.9673058,50.0320196,0
            19.9673514,50.0320825,0
          </coordinates>
        </LineString>
      </Placemark>
      <Placemark>
        <name>Kamieniołom II
/ Querry II</name>
        <styleUrl>#line-FFFFFF-4100-nodesc</styleUrl>
        <LineString>
          <tessellate>1</tessellate>
          <coordinates>
            19.9618338,50.0337208,0
            19.9617372,50.0337208,0
            19.9616568,50.0336828,0
            19.9615709,50.0335898,0
            19.9615656,50.0335519,0
            19.9616246,50.0334003,0
            19.961705,50.0333073,0
            19.9618392,50.0332246,0
            19.9619357,50.0331108,0
            19.9620055,50.0330557,0
            19.9620752,50.033004,0
            19.9621074,50.032973,0
          </coordinates>
        </LineString>
      </Placemark>
    </Folder>
    <Folder>
      <name>Wystawa / Exhibition</name>
      <Placemark>
        <name>01
Szpital obozowy / The camp hospital
</name>
        <description><![CDATA[opis: <br>nr: I<br>NAZWA: Zdjęcie lotnicze // Rewir<br>WYKONAWCZY: HI<br>nr_końcow: Opis/01]]></description>
        <styleUrl>#icon-1608-E65100-labelson</styleUrl>
        <ExtendedData>
          <Data name="opis">
            <value/>
          </Data>
          <Data name="nr">
            <value>I</value>
          </Data>
          <Data name="NAZWA">
            <value>Zdjęcie lotnicze // Rewir</value>
          </Data>
          <Data name="WYKONAWCZY">
            <value>HI</value>
          </Data>
          <Data name="nr_końcow">
            <value>Opis/01</value>
          </Data>
        </ExtendedData>
        <Point>
          <coordinates>
            19.960318,50.030562,0
          </coordinates>
        </Point>
      </Placemark>
      <Placemark>
        <name>02
Część gospodarcza / Utility and
Supplies Section</name>
        <description><![CDATA[opis: <br>nr: II<br>NAZWA: Obszar gospodarczy<br>WYKONAWCZY: HII<br>nr_końcow: 02]]></description>
        <styleUrl>#icon-1608-E65100-labelson</styleUrl>
        <ExtendedData>
          <Data name="opis">
            <value/>
          </Data>
          <Data name="nr">
            <value>II</value>
          </Data>
          <Data name="NAZWA">
            <value>Obszar gospodarczy</value>
          </Data>
          <Data name="WYKONAWCZY">
            <value>HII</value>
          </Data>
          <Data name="nr_końcow">
            <value>02</value>
          </Data>
        </ExtendedData>
        <Point>
          <coordinates>
            19.96017,50.03104,0
          </coordinates>
        </Point>
      </Placemark>
      <Placemark>
        <name>03
Baraki mieszkalne / Residential barracks
</name>
        <description><![CDATA[opis: <br>nr: III<br>NAZWA: Częśc kobieca i Kinderheim<br>WYKONAWCZY: HIII<br>nr_końcow: 03]]></description>
        <styleUrl>#icon-1608-E65100-labelson</styleUrl>
        <ExtendedData>
          <Data name="opis">
            <value/>
          </Data>
          <Data name="nr">
            <value>III</value>
          </Data>
          <Data name="NAZWA">
            <value>Częśc kobieca i Kinderheim</value>
          </Data>
          <Data name="WYKONAWCZY">
            <value>HIII</value>
          </Data>
          <Data name="nr_końcow">
            <value>03</value>
          </Data>
        </ExtendedData>
        <Point>
          <coordinates>
            19.9604093,50.0318984,0
          </coordinates>
        </Point>
      </Placemark>
      <Placemark>
        <name>04 / 05
Cmentarze żydowskie / Jewish Cemeteries
Kwarantanna / The quarantine area</name>
        <description><![CDATA[opis: <br>nr: IV<br>NAZWA: Cmentarze żydowskie // Kwarantanna<br>WYKONAWCZY: HIV<br>nr_końcow: 04/05]]></description>
        <styleUrl>#icon-1608-E65100-labelson</styleUrl>
        <ExtendedData>
          <Data name="opis">
            <value/>
          </Data>
          <Data name="nr">
            <value>IV</value>
          </Data>
          <Data name="NAZWA">
            <value>Cmentarze żydowskie // Kwarantanna</value>
          </Data>
          <Data name="WYKONAWCZY">
            <value>HIV</value>
          </Data>
          <Data name="nr_końcow">
            <value>04/05</value>
          </Data>
        </ExtendedData>
        <Point>
          <coordinates>
            19.962851,50.032749,0
          </coordinates>
        </Point>
      </Placemark>
      <Placemark>
        <name>06
Grób masowy / The mass grave
</name>
        <description><![CDATA[opis: <br>nr: VI<br>NAZWA: Masowy Grób<br>WYKONAWCZY: HVI<br>nr_końcow: 06]]></description>
        <styleUrl>#icon-1608-E65100-labelson</styleUrl>
        <ExtendedData>
          <Data name="opis">
            <value/>
          </Data>
          <Data name="nr">
            <value>VI</value>
          </Data>
          <Data name="NAZWA">
            <value>Masowy Grób</value>
          </Data>
          <Data name="WYKONAWCZY">
            <value>HVI</value>
          </Data>
          <Data name="nr_końcow">
            <value>06</value>
          </Data>
        </ExtendedData>
        <Point>
          <coordinates>
            19.964463,50.03362,0
          </coordinates>
        </Point>
      </Placemark>
      <Placemark>
        <name>07
Hala przedpogrzebowa / Funeral home
</name>
        <description><![CDATA[opis: <br>nr: VII<br>NAZWA: Hala przedpogrzebowa<br>WYKONAWCZY: HVII<br>nr_końcow: 07]]></description>
        <styleUrl>#icon-1608-E65100-labelson</styleUrl>
        <ExtendedData>
          <Data name="opis">
            <value/>
          </Data>
          <Data name="nr">
            <value>VII</value>
          </Data>
          <Data name="NAZWA">
            <value>Hala przedpogrzebowa</value>
          </Data>
          <Data name="WYKONAWCZY">
            <value>HVII</value>
          </Data>
          <Data name="nr_końcow">
            <value>07</value>
          </Data>
        </ExtendedData>
        <Point>
          <coordinates>
            19.9654318,50.0338825,0
          </coordinates>
        </Point>
      </Placemark>
      <Placemark>
        <name>08
Szary Dom / The Grey House</name>
        <description><![CDATA[opis: <br>nr: VIII<br>NAZWA: Szary Dom<br>WYKONAWCZY: HVIII<br>nr_końcow: 08]]></description>
        <styleUrl>#icon-1608-E65100-labelson</styleUrl>
        <ExtendedData>
          <Data name="opis">
            <value/>
          </Data>
          <Data name="nr">
            <value>VIII</value>
          </Data>
          <Data name="NAZWA">
            <value>Szary Dom</value>
          </Data>
          <Data name="WYKONAWCZY">
            <value>HVIII</value>
          </Data>
          <Data name="nr_końcow">
            <value>08</value>
          </Data>
        </ExtendedData>
        <Point>
          <coordinates>
            19.9660614,50.0328711,0
          </coordinates>
        </Point>
      </Placemark>
      <Placemark>
        <name>09
Kamieniołomy / Quarries
</name>
        <description><![CDATA[opis: <br>nr: IX<br>NAZWA: Kamieniołom<br>WYKONAWCZY: HIX<br>nr_końcow: 09]]></description>
        <styleUrl>#icon-1608-E65100-labelson</styleUrl>
        <ExtendedData>
          <Data name="opis">
            <value/>
          </Data>
          <Data name="nr">
            <value>IX</value>
          </Data>
          <Data name="NAZWA">
            <value>Kamieniołom</value>
          </Data>
          <Data name="WYKONAWCZY">
            <value>HIX</value>
          </Data>
          <Data name="nr_końcow">
            <value>09</value>
          </Data>
        </ExtendedData>
        <Point>
          <coordinates>
            19.966594,50.032722,0
          </coordinates>
        </Point>
      </Placemark>
      <Placemark>
        <name>10
Obóz pracy wychowawczej dla Polaków / Educational Labour Camp for Poles
</name>
        <description><![CDATA[opis: <br>nr: X<br>NAZWA: Obóz Pracy Wychowawczej dla Polaków<br>WYKONAWCZY: HX<br>nr_końcow: 10]]></description>
        <styleUrl>#icon-1608-E65100-labelson</styleUrl>
        <ExtendedData>
          <Data name="opis">
            <value/>
          </Data>
          <Data name="nr">
            <value>X</value>
          </Data>
          <Data name="NAZWA">
            <value>Obóz Pracy Wychowawczej dla Polaków</value>
          </Data>
          <Data name="WYKONAWCZY">
            <value>HX</value>
          </Data>
          <Data name="nr_końcow">
            <value>10</value>
          </Data>
        </ExtendedData>
        <Point>
          <coordinates>
            19.965414,50.032461,0
          </coordinates>
        </Point>
      </Placemark>
      <Placemark>
        <name>11
Grób masowy / The mass grave</name>
        <description><![CDATA[opis: <br>nr: XI<br>NAZWA: Masowy grób<br>WYKONAWCZY: HXI<br>nr_końcow: 11]]></description>
        <styleUrl>#icon-1608-E65100-labelson</styleUrl>
        <ExtendedData>
          <Data name="opis">
            <value/>
          </Data>
          <Data name="nr">
            <value>XI</value>
          </Data>
          <Data name="NAZWA">
            <value>Masowy grób</value>
          </Data>
          <Data name="WYKONAWCZY">
            <value>HXI</value>
          </Data>
          <Data name="nr_końcow">
            <value>11</value>
          </Data>
        </ExtendedData>
        <Point>
          <coordinates>
            19.965011,50.030461,0
          </coordinates>
        </Point>
      </Placemark>
      <Placemark>
        <name>12
Część przemysłowa / The industrial
section</name>
        <description><![CDATA[opis: <br>nr: XII<br>NAZWA: Obszar przemysłowy<br>WYKONAWCZY: HXII<br>nr_końcow: 12]]></description>
        <styleUrl>#icon-1608-E65100-labelson</styleUrl>
        <ExtendedData>
          <Data name="opis">
            <value/>
          </Data>
          <Data name="nr">
            <value>XII</value>
          </Data>
          <Data name="NAZWA">
            <value>Obszar przemysłowy</value>
          </Data>
          <Data name="WYKONAWCZY">
            <value>HXII</value>
          </Data>
          <Data name="nr_końcow">
            <value>12</value>
          </Data>
        </ExtendedData>
        <Point>
          <coordinates>
            19.962506,50.029765,0
          </coordinates>
        </Point>
      </Placemark>
      <Placemark>
        <name>13 
Grób masowy / The mass grave
</name>
        <description><![CDATA[opis: <br>nr: XIII<br>NAZWA: Masowy grób<br>WYKONAWCZY: HXIII<br>nr_końcow: 13]]></description>
        <styleUrl>#icon-1608-E65100-labelson</styleUrl>
        <ExtendedData>
          <Data name="opis">
            <value/>
          </Data>
          <Data name="nr">
            <value>XIII</value>
          </Data>
          <Data name="NAZWA">
            <value>Masowy grób</value>
          </Data>
          <Data name="WYKONAWCZY">
            <value>HXIII</value>
          </Data>
          <Data name="nr_końcow">
            <value>13</value>
          </Data>
        </ExtendedData>
        <Point>
          <coordinates>
            19.961328,50.029795,0
          </coordinates>
        </Point>
      </Placemark>
      <Placemark>
        <name>14
Plac apelowy / The roll-call ground
</name>
        <description><![CDATA[opis: <br>nr: I3<br>NAZWA: Plac apelowy<br>WYKONAWCZY: I3<br>nr_końcow: 14]]></description>
        <styleUrl>#icon-1608-E65100-labelson</styleUrl>
        <ExtendedData>
          <Data name="opis">
            <value/>
          </Data>
          <Data name="nr">
            <value>I3</value>
          </Data>
          <Data name="NAZWA">
            <value>Plac apelowy</value>
          </Data>
          <Data name="WYKONAWCZY">
            <value>I3</value>
          </Data>
          <Data name="nr_końcow">
            <value>14</value>
          </Data>
        </ExtendedData>
        <Point>
          <coordinates>
            19.96449,50.031951,0
          </coordinates>
        </Point>
      </Placemark>
      <Placemark>
        <name>Panorama</name>
        <description><![CDATA[opis: <br>nr: XIV<br>NAZWA: PANORAMA<br>WYKONAWCZY: HP<br>nr_końcow: Panorama]]></description>
        <styleUrl>#icon-1728-E65100-labelson</styleUrl>
        <ExtendedData>
          <Data name="opis">
            <value/>
          </Data>
          <Data name="nr">
            <value>XIV</value>
          </Data>
          <Data name="NAZWA">
            <value>PANORAMA</value>
          </Data>
          <Data name="WYKONAWCZY">
            <value>HP</value>
          </Data>
          <Data name="nr_końcow">
            <value>Panorama</value>
          </Data>
        </ExtendedData>
        <Point>
          <coordinates>
            19.965998,50.031669,0
          </coordinates>
        </Point>
      </Placemark>
    </Folder>
    <Folder>
      <name>Żydowskie cmentarze / Jewish graveyards</name>
      <Placemark>
        <name>Gmentarz Gminy Żydowskiej w Podgórzu (stary)
/ Cemetery of Jewish Congregation in Podgórze (old)</name>
        <description><![CDATA[opis: <br>id: ]]></description>
        <styleUrl>#line-BDBDBD-4100</styleUrl>
        <ExtendedData>
          <Data name="opis">
            <value/>
          </Data>
          <Data name="id">
            <value/>
          </Data>
        </ExtendedData>
        <LineString>
          <tessellate>1</tessellate>
          <coordinates>
            19.96407,50.033486,0
            19.964463,50.03362,0
            19.96424,50.03428,0
            19.9633657,50.0342396,0
            19.963122,50.034208,0
            19.962585,50.034053,0
            19.961951,50.033654,0
            19.961767,50.0334,0
            19.9623355,50.0326792,0
            19.963248,50.033163,0
            19.963482,50.033266,0
            19.963622,50.033366,0
            19.963742,50.033417,0
          </coordinates>
        </LineString>
      </Placemark>
      <Placemark>
        <name>Gmentarz Gminy Żydowskiej w w Krakowie (nowy)
/ Cemetery of Jewish Congregation in Kraków (new)</name>
        <description><![CDATA[opis: <br>id: ]]></description>
        <styleUrl>#line-BDBDBD-3713</styleUrl>
        <ExtendedData>
          <Data name="opis">
            <value/>
          </Data>
          <Data name="id">
            <value/>
          </Data>
        </ExtendedData>
        <LineString>
          <tessellate>1</tessellate>
          <coordinates>
            19.9664406,50.0332248,0
            19.9658316,50.0339424,0
            19.9649316,50.033727,0
            19.9639955,50.0333652,0
            19.9634775,50.0330988,0
            19.9632175,50.0329218,0
            19.963158,50.0328905,0
            19.9628855,50.0327948,0
            19.9624865,50.0325994,0
            19.9620211,50.0324168,0
            19.9619775,50.0323828,0
            19.9630225,50.0312378,0
            19.9638631,50.0316215,0
            19.9643164,50.0318368,0
            19.9652445,50.0322948,0
            19.9656255,50.0325598,0
            19.9658195,50.0326928,0
            19.9661475,50.0328798,0
            19.9665825,50.0330188,0
            19.966531,50.033091,0
            19.9665079,50.0330939,0
          </coordinates>
        </LineString>
      </Placemark>
    </Folder>
    <Folder>
      <name>Punkty terenowe /aeral markings</name>
      <Placemark>
        <name>Wartownia 
/ Guard station
</name>
        <description><![CDATA[opis: <br>LP: 1<br>Funkcja: wartownia<br>Nr_na_plan: 60<br>UWAGI: czytelna forma terenowa<br>Projektowe: T1]]></description>
        <styleUrl>#icon-1739-F9A825</styleUrl>
        <ExtendedData>
          <Data name="opis">
            <value/>
          </Data>
          <Data name="LP">
            <value>1</value>
          </Data>
          <Data name="Funkcja">
            <value>wartownia</value>
          </Data>
          <Data name="Nr_na_plan">
            <value>60</value>
          </Data>
          <Data name="UWAGI">
            <value>czytelna forma terenowa</value>
          </Data>
          <Data name="Projektowe">
            <value>T1</value>
          </Data>
        </ExtendedData>
        <Point>
          <coordinates>
            19.9578,50.031054,0
          </coordinates>
        </Point>
      </Placemark>
      <Placemark>
        <name>Oddział chirurgiczny 
/ Surgical ward
</name>
        <description><![CDATA[opis: <br>LP: 2<br>Funkcja: oddział chirurgii<br>Nr_na_plan: 20<br>UWAGI: badany wykopaliskowo w 2017 r.<br>Projektowe: T2]]></description>
        <styleUrl>#icon-1739-F9A825</styleUrl>
        <ExtendedData>
          <Data name="opis">
            <value/>
          </Data>
          <Data name="LP">
            <value>2</value>
          </Data>
          <Data name="Funkcja">
            <value>oddział chirurgii</value>
          </Data>
          <Data name="Nr_na_plan">
            <value>20</value>
          </Data>
          <Data name="UWAGI">
            <value>badany wykopaliskowo w 2017 r.</value>
          </Data>
          <Data name="Projektowe">
            <value>T2</value>
          </Data>
        </ExtendedData>
        <Point>
          <coordinates>
            19.9600672,50.030538,0
          </coordinates>
        </Point>
      </Placemark>
      <Placemark>
        <name>Kuchnia i lodownia 
/ Kitchen and ice-house
</name>
        <description><![CDATA[opis: <br>LP: 3<br>Funkcja: lodownia<br>Nr_na_plan: 35-36<br>UWAGI: czytelna forma terenowa, widac relikty arch.<br>Projektowe: T3]]></description>
        <styleUrl>#icon-1739-F9A825</styleUrl>
        <ExtendedData>
          <Data name="opis">
            <value/>
          </Data>
          <Data name="LP">
            <value>3</value>
          </Data>
          <Data name="Funkcja">
            <value>lodownia</value>
          </Data>
          <Data name="Nr_na_plan">
            <value>35-36</value>
          </Data>
          <Data name="UWAGI">
            <value>czytelna forma terenowa, widac relikty arch.</value>
          </Data>
          <Data name="Projektowe">
            <value>T3</value>
          </Data>
        </ExtendedData>
        <Point>
          <coordinates>
            19.96101,50.030754,0
          </coordinates>
        </Point>
      </Placemark>
      <Placemark>
        <name>Lodownia 
/ Ice-house
</name>
        <description><![CDATA[opis: <br>LP: 4<br>Funkcja: lodownia<br>Nr_na_plan: 35<br>UWAGI: czytlena forma terenowa; widac beton<br>Projektowe: T4]]></description>
        <styleUrl>#icon-1739-F9A825</styleUrl>
        <ExtendedData>
          <Data name="opis">
            <value/>
          </Data>
          <Data name="LP">
            <value>4</value>
          </Data>
          <Data name="Funkcja">
            <value>lodownia</value>
          </Data>
          <Data name="Nr_na_plan">
            <value>35</value>
          </Data>
          <Data name="UWAGI">
            <value>czytlena forma terenowa; widac beton</value>
          </Data>
          <Data name="Projektowe">
            <value>T4</value>
          </Data>
        </ExtendedData>
        <Point>
          <coordinates>
            19.9602992,50.0308447,0
          </coordinates>
        </Point>
      </Placemark>
      <Placemark>
        <name>Oddział chorób wewnętrznych 
/ Internal medicine ward
</name>
        <description><![CDATA[opis: <br>LP: 5<br>Funkcja: oddział wewnętrzny<br>Nr_na_plan: 19-19<br>UWAGI: widoczna jedynie północna częśc w postaci deformacji terenu; obecnie silnie zarośnięta<br>Projektowe: T5]]></description>
        <styleUrl>#icon-1739-F9A825</styleUrl>
        <ExtendedData>
          <Data name="opis">
            <value/>
          </Data>
          <Data name="LP">
            <value>5</value>
          </Data>
          <Data name="Funkcja">
            <value>oddział wewnętrzny</value>
          </Data>
          <Data name="Nr_na_plan">
            <value>19-19</value>
          </Data>
          <Data name="UWAGI">
            <value>widoczna jedynie północna częśc w postaci deformacji terenu; obecnie silnie zarośnięta</value>
          </Data>
          <Data name="Projektowe">
            <value>T5</value>
          </Data>
        </ExtendedData>
        <Point>
          <coordinates>
            19.959892,50.0310832,0
          </coordinates>
        </Point>
      </Placemark>
      <Placemark>
        <name>Więzienie obozowe 
/ Camp prison
</name>
        <description><![CDATA[opis: <br>LP: 7<br>Funkcja: Kranzówka<br>Nr_na_plan: 14<br>UWAGI: wiodczny fundament<br>Projektowe: T7]]></description>
        <styleUrl>#icon-1739-F9A825</styleUrl>
        <ExtendedData>
          <Data name="opis">
            <value/>
          </Data>
          <Data name="LP">
            <value>7</value>
          </Data>
          <Data name="Funkcja">
            <value>Kranzówka</value>
          </Data>
          <Data name="Nr_na_plan">
            <value>14</value>
          </Data>
          <Data name="UWAGI">
            <value>wiodczny fundament</value>
          </Data>
          <Data name="Projektowe">
            <value>T7</value>
          </Data>
        </ExtendedData>
        <Point>
          <coordinates>
            19.960289,50.031919,0
          </coordinates>
        </Point>
      </Placemark>
      <Placemark>
        <name>Barak dla dzieci 
/ Children’s barrack
</name>
        <description><![CDATA[opis: <br>LP: 8<br>Funkcja: Kinderheim<br>Nr_na_plan: 5<br>UWAGI: badany wykopaliskowo w 2017 r.<br>Projektowe: T8]]></description>
        <styleUrl>#icon-1739-F9A825</styleUrl>
        <ExtendedData>
          <Data name="opis">
            <value/>
          </Data>
          <Data name="LP">
            <value>8</value>
          </Data>
          <Data name="Funkcja">
            <value>Kinderheim</value>
          </Data>
          <Data name="Nr_na_plan">
            <value>5</value>
          </Data>
          <Data name="UWAGI">
            <value>badany wykopaliskowo w 2017 r.</value>
          </Data>
          <Data name="Projektowe">
            <value>T8</value>
          </Data>
        </ExtendedData>
        <Point>
          <coordinates>
            19.959571,50.032347,0
          </coordinates>
        </Point>
      </Placemark>
      <Placemark>
        <name>Latryna 
/ Latrine
</name>
        <description><![CDATA[opis: <br>LP: 9<br>Funkcja: latryna w części kobiecej<br>Nr_na_plan: 7<br>UWAGI: widoczna deformacja terenu<br>Projektowe: T9]]></description>
        <styleUrl>#icon-1739-F9A825</styleUrl>
        <ExtendedData>
          <Data name="opis">
            <value/>
          </Data>
          <Data name="LP">
            <value>9</value>
          </Data>
          <Data name="Funkcja">
            <value>latryna w części kobiecej</value>
          </Data>
          <Data name="Nr_na_plan">
            <value>7</value>
          </Data>
          <Data name="UWAGI">
            <value>widoczna deformacja terenu</value>
          </Data>
          <Data name="Projektowe">
            <value>T9</value>
          </Data>
        </ExtendedData>
        <Point>
          <coordinates>
            19.959942,50.031711,0
          </coordinates>
        </Point>
      </Placemark>
      <Placemark>
        <name>Pralnia i umywalnia 
/ Laundry and washroom
</name>
        <description><![CDATA[opis: <br>LP: 10<br>Funkcja: pralnia<br>Nr_na_plan: 23<br>UWAGI: wiodczny wybetonowany rynsztok<br>Projektowe: T10]]></description>
        <styleUrl>#icon-1739-F9A825</styleUrl>
        <ExtendedData>
          <Data name="opis">
            <value/>
          </Data>
          <Data name="LP">
            <value>10</value>
          </Data>
          <Data name="Funkcja">
            <value>pralnia</value>
          </Data>
          <Data name="Nr_na_plan">
            <value>23</value>
          </Data>
          <Data name="UWAGI">
            <value>wiodczny wybetonowany rynsztok</value>
          </Data>
          <Data name="Projektowe">
            <value>T10</value>
          </Data>
        </ExtendedData>
        <Point>
          <coordinates>
            19.9610664,50.0318988,0
          </coordinates>
        </Point>
      </Placemark>
      <Placemark>
        <name>Pralnia i umywalnia 
/ Laundry and washroom
</name>
        <description><![CDATA[opis: <br>LP: 11<br>Funkcja: latryna/umywalnia?<br>Nr_na_plan: 27<br>UWAGI: widoczny rynsztok i kraj fundamentu?, badany wykopaliskowo w 2017 r.<br>Projektowe: T11]]></description>
        <styleUrl>#icon-1739-F9A825</styleUrl>
        <ExtendedData>
          <Data name="opis">
            <value/>
          </Data>
          <Data name="LP">
            <value>11</value>
          </Data>
          <Data name="Funkcja">
            <value>latryna/umywalnia?</value>
          </Data>
          <Data name="Nr_na_plan">
            <value>27</value>
          </Data>
          <Data name="UWAGI">
            <value>widoczny rynsztok i kraj fundamentu?, badany wykopaliskowo w 2017 r.</value>
          </Data>
          <Data name="Projektowe">
            <value>T11</value>
          </Data>
        </ExtendedData>
        <Point>
          <coordinates>
            19.961144,50.031631,0
          </coordinates>
        </Point>
      </Placemark>
      <Placemark>
        <name>Latryna 
/ Latrine
</name>
        <description><![CDATA[opis: <br>LP: 12<br>Funkcja: latryna<br>Nr_na_plan: 32<br>UWAGI: widoczny rysnsztok, badany wykopaliskowo w 2017 r.<br>Projektowe: T12]]></description>
        <styleUrl>#icon-1739-F9A825</styleUrl>
        <ExtendedData>
          <Data name="opis">
            <value/>
          </Data>
          <Data name="LP">
            <value>12</value>
          </Data>
          <Data name="Funkcja">
            <value>latryna</value>
          </Data>
          <Data name="Nr_na_plan">
            <value>32</value>
          </Data>
          <Data name="UWAGI">
            <value>widoczny rysnsztok, badany wykopaliskowo w 2017 r.</value>
          </Data>
          <Data name="Projektowe">
            <value>T12</value>
          </Data>
        </ExtendedData>
        <Point>
          <coordinates>
            19.9613269,50.0314539,0
          </coordinates>
        </Point>
      </Placemark>
      <Placemark>
        <name>Barak lekarzy i grabarzy/ Physician and gravedigger barrack</name>
        <description><![CDATA[opis: <br>LP: 13<br>Funkcja: barak lekarzy i grabarzy<br>Nr_na_plan: 26<br>UWAGI: rozpoznanie sobdażowe w 2017 r., budynek nieczytelny powierzchniowo<br>Projektowe: T13]]></description>
        <styleUrl>#icon-1739-F9A825</styleUrl>
        <ExtendedData>
          <Data name="opis">
            <value/>
          </Data>
          <Data name="LP">
            <value>13</value>
          </Data>
          <Data name="Funkcja">
            <value>barak lekarzy i grabarzy</value>
          </Data>
          <Data name="Nr_na_plan">
            <value>26</value>
          </Data>
          <Data name="UWAGI">
            <value>rozpoznanie sobdażowe w 2017 r., budynek nieczytelny powierzchniowo</value>
          </Data>
          <Data name="Projektowe">
            <value>T13</value>
          </Data>
        </ExtendedData>
        <Point>
          <coordinates>
            19.960781,50.031448,0
          </coordinates>
        </Point>
      </Placemark>
      <Placemark>
        <name>Magazyn żywności /Foodstuff
warehouse</name>
        <description><![CDATA[opis: <br>LP: 14<br>Funkcja: magazyn żywnościowy<br>Nr_na_plan: 31<br>UWAGI: magazyn żywnościowy, sondaże w 2017 r./tylko rozpoznanie stratygrafii<br>Projektowe: T14]]></description>
        <styleUrl>#icon-1739-F9A825</styleUrl>
        <ExtendedData>
          <Data name="opis">
            <value/>
          </Data>
          <Data name="LP">
            <value>14</value>
          </Data>
          <Data name="Funkcja">
            <value>magazyn żywnościowy</value>
          </Data>
          <Data name="Nr_na_plan">
            <value>31</value>
          </Data>
          <Data name="UWAGI">
            <value>magazyn żywnościowy, sondaże w 2017 r./tylko rozpoznanie stratygrafii</value>
          </Data>
          <Data name="Projektowe">
            <value>T14</value>
          </Data>
        </ExtendedData>
        <Point>
          <coordinates>
            19.96101,50.03133,0
          </coordinates>
        </Point>
      </Placemark>
      <Placemark>
        <name>Barak Żydowskiej Służby Porządkowej (OD) 
/ Barrack of Jewish Police Service (OD)
</name>
        <description><![CDATA[opis: <br>LP: 17<br>Funkcja: barak dla kobier<br>Nr_na_plan: 15<br>UWAGI: zmiana terenu<br>Projektowe: T17]]></description>
        <styleUrl>#icon-1739-F9A825</styleUrl>
        <ExtendedData>
          <Data name="opis">
            <value/>
          </Data>
          <Data name="LP">
            <value>17</value>
          </Data>
          <Data name="Funkcja">
            <value>barak dla kobier</value>
          </Data>
          <Data name="Nr_na_plan">
            <value>15</value>
          </Data>
          <Data name="UWAGI">
            <value>zmiana terenu</value>
          </Data>
          <Data name="Projektowe">
            <value>T17</value>
          </Data>
        </ExtendedData>
        <Point>
          <coordinates>
            19.9615903,50.0323795,0
          </coordinates>
        </Point>
      </Placemark>
      <Placemark>
        <name>Mur nowego cmentarza żydowskiego
 / Wall of the new Jewish cemetery</name>
        <description><![CDATA[opis: <br>LP: 18<br>Funkcja: mur Nowego Cmentarza Żydowskiego<br>Nr_na_plan: <br>UWAGI: wiodczny w terenie<br>Projektowe: T18]]></description>
        <styleUrl>#icon-1739-F9A825</styleUrl>
        <ExtendedData>
          <Data name="opis">
            <value/>
          </Data>
          <Data name="LP">
            <value>18</value>
          </Data>
          <Data name="Funkcja">
            <value>mur Nowego Cmentarza Żydowskiego</value>
          </Data>
          <Data name="Nr_na_plan">
            <value/>
          </Data>
          <Data name="UWAGI">
            <value>wiodczny w terenie</value>
          </Data>
          <Data name="Projektowe">
            <value>T18</value>
          </Data>
        </ExtendedData>
        <Point>
          <coordinates>
            19.963239,50.032986,0
          </coordinates>
        </Point>
      </Placemark>
      <Placemark>
        <name>Mur starego cmentarza żydowskiego
/ Wall of the old Jewish cemetery</name>
        <description><![CDATA[opis: <br>LP: 19<br>Funkcja: mur Starego Cmentarza Żydowskiego<br>Nr_na_plan: <br>UWAGI: Widoczny w terenie (sprawdzenie kwiecień 2017 A. S.)<br>Projektowe: T19]]></description>
        <styleUrl>#icon-1739-F9A825</styleUrl>
        <ExtendedData>
          <Data name="opis">
            <value/>
          </Data>
          <Data name="LP">
            <value>19</value>
          </Data>
          <Data name="Funkcja">
            <value>mur Starego Cmentarza Żydowskiego</value>
          </Data>
          <Data name="Nr_na_plan">
            <value/>
          </Data>
          <Data name="UWAGI">
            <value>Widoczny w terenie (sprawdzenie kwiecień 2017 A. S.)</value>
          </Data>
          <Data name="Projektowe">
            <value>T19</value>
          </Data>
        </ExtendedData>
        <Point>
          <coordinates>
            19.963408,50.033214,0
          </coordinates>
        </Point>
      </Placemark>
      <Placemark>
        <name>Hala przedpogrzebowa starego cmentarza żydowskiego
(odwszalnia) / Funeral home of the old Jewish cemetery (delousing station)</name>
        <description><![CDATA[opis: <br>LP: 20<br>Funkcja: Hala Przedpogrzebowa/ Łaźnia<br>Nr_na_plan: 50<br>UWAGI: widoczne rumowisko/ściana z cegieł<br>Projektowe: T20]]></description>
        <styleUrl>#icon-1739-F9A825</styleUrl>
        <ExtendedData>
          <Data name="opis">
            <value/>
          </Data>
          <Data name="LP">
            <value>20</value>
          </Data>
          <Data name="Funkcja">
            <value>Hala Przedpogrzebowa/ Łaźnia</value>
          </Data>
          <Data name="Nr_na_plan">
            <value>50</value>
          </Data>
          <Data name="UWAGI">
            <value>widoczne rumowisko/ściana z cegieł</value>
          </Data>
          <Data name="Projektowe">
            <value>T20</value>
          </Data>
        </ExtendedData>
        <Point>
          <coordinates>
            19.963709,50.033368,0
          </coordinates>
        </Point>
      </Placemark>
      <Placemark>
        <name>Łaźnia / Bath</name>
        <description><![CDATA[opis: <br>LP: 21<br>Funkcja: nowa łaźnia<br>Nr_na_plan: 49<br>UWAGI: widoczne jedynie zagłębienie terenu/ nieinwazyjne wykazują byc może ślady po kotle?<br>Projektowe: T21]]></description>
        <styleUrl>#icon-1739-F9A825</styleUrl>
        <ExtendedData>
          <Data name="opis">
            <value/>
          </Data>
          <Data name="LP">
            <value>21</value>
          </Data>
          <Data name="Funkcja">
            <value>nowa łaźnia</value>
          </Data>
          <Data name="Nr_na_plan">
            <value>49</value>
          </Data>
          <Data name="UWAGI">
            <value>widoczne jedynie zagłębienie terenu/ nieinwazyjne wykazują byc może ślady po kotle?</value>
          </Data>
          <Data name="Projektowe">
            <value>T21</value>
          </Data>
        </ExtendedData>
        <Point>
          <coordinates>
            19.963479,50.033746,0
          </coordinates>
        </Point>
      </Placemark>
      <Placemark>
        <name>Komendantura / Commandant’s office</name>
        <description><![CDATA[opis: <br>LP: 23<br>Funkcja: komendantura<br>Nr_na_plan: 201<br>UWAGI: badana wykopaliskowo w 2017 r.<br>Projektowe: T23]]></description>
        <styleUrl>#icon-1739-F9A825</styleUrl>
        <ExtendedData>
          <Data name="opis">
            <value/>
          </Data>
          <Data name="LP">
            <value>23</value>
          </Data>
          <Data name="Funkcja">
            <value>komendantura</value>
          </Data>
          <Data name="Nr_na_plan">
            <value>201</value>
          </Data>
          <Data name="UWAGI">
            <value>badana wykopaliskowo w 2017 r.</value>
          </Data>
          <Data name="Projektowe">
            <value>T23</value>
          </Data>
        </ExtendedData>
        <Point>
          <coordinates>
            19.965609,50.034648,0
          </coordinates>
        </Point>
      </Placemark>
      <Placemark>
        <name>Biuro zarządu obozu / Camp administration office</name>
        <description><![CDATA[opis: <br>LP: 24<br>Funkcja: biuro zarządu obozu<br>Nr_na_plan: 173<br>UWAGI: czytleny terenowo<br>Projektowe: T24]]></description>
        <styleUrl>#icon-1739-F9A825</styleUrl>
        <ExtendedData>
          <Data name="opis">
            <value/>
          </Data>
          <Data name="LP">
            <value>24</value>
          </Data>
          <Data name="Funkcja">
            <value>biuro zarządu obozu</value>
          </Data>
          <Data name="Nr_na_plan">
            <value>173</value>
          </Data>
          <Data name="UWAGI">
            <value>czytleny terenowo</value>
          </Data>
          <Data name="Projektowe">
            <value>T24</value>
          </Data>
        </ExtendedData>
        <Point>
          <coordinates>
            19.966072,50.032702,0
          </coordinates>
        </Point>
      </Placemark>
      <Placemark>
        <name>Basen / Swimming pool</name>
        <description><![CDATA[opis: <br>LP: 25<br>Funkcja: basen/zbiornik wodny<br>Nr_na_plan: <br>UWAGI: wiodczne regularne zagłebienie<br>Projektowe: T25]]></description>
        <styleUrl>#icon-1739-F9A825</styleUrl>
        <ExtendedData>
          <Data name="opis">
            <value/>
          </Data>
          <Data name="LP">
            <value>25</value>
          </Data>
          <Data name="Funkcja">
            <value>basen/zbiornik wodny</value>
          </Data>
          <Data name="Nr_na_plan">
            <value/>
          </Data>
          <Data name="UWAGI">
            <value>wiodczne regularne zagłebienie</value>
          </Data>
          <Data name="Projektowe">
            <value>T25</value>
          </Data>
        </ExtendedData>
        <Point>
          <coordinates>
            19.966623,50.031522,0
          </coordinates>
        </Point>
      </Placemark>
      <Placemark>
        <name>Warsztat zegarmistrzowski i naprawy radioodbiorników / Clockmaker and radio repair shop</name>
        <description><![CDATA[opis: <br>LP: 27<br>Funkcja: warsztat<br>Nr_na_plan: 86<br>UWAGI: widoczna niwelacja terenu<br>Projektowe: T27]]></description>
        <styleUrl>#icon-1739-FFD600</styleUrl>
        <ExtendedData>
          <Data name="opis">
            <value/>
          </Data>
          <Data name="LP">
            <value>27</value>
          </Data>
          <Data name="Funkcja">
            <value>warsztat</value>
          </Data>
          <Data name="Nr_na_plan">
            <value>86</value>
          </Data>
          <Data name="UWAGI">
            <value>widoczna niwelacja terenu</value>
          </Data>
          <Data name="Projektowe">
            <value>T27</value>
          </Data>
        </ExtendedData>
        <Point>
          <coordinates>
            19.964221,50.031493,0
          </coordinates>
        </Point>
      </Placemark>
      <Placemark>
        <name>Warsztat elektryków 
/ Electricians’ workshop
</name>
        <description><![CDATA[opis: <br>LP: 28<br>Funkcja: wartat elektryczny<br>Nr_na_plan: 86<br>UWAGI: widoczna niwelacja terenu<br>Projektowe: T28]]></description>
        <styleUrl>#icon-1739-F9A825</styleUrl>
        <ExtendedData>
          <Data name="opis">
            <value/>
          </Data>
          <Data name="LP">
            <value>28</value>
          </Data>
          <Data name="Funkcja">
            <value>wartat elektryczny</value>
          </Data>
          <Data name="Nr_na_plan">
            <value>86</value>
          </Data>
          <Data name="UWAGI">
            <value>widoczna niwelacja terenu</value>
          </Data>
          <Data name="Projektowe">
            <value>T28</value>
          </Data>
        </ExtendedData>
        <Point>
          <coordinates>
            19.964413,50.03127,0
          </coordinates>
        </Point>
      </Placemark>
      <Placemark>
        <name>Magazyn murowany / Masonry warehouse</name>
        <description><![CDATA[opis: <br>LP: 29<br>Funkcja: magazyn murowany<br>Nr_na_plan: 105<br>UWAGI: widoczny w terenie<br>Projektowe: T29]]></description>
        <styleUrl>#icon-1739-F9A825</styleUrl>
        <ExtendedData>
          <Data name="opis">
            <value/>
          </Data>
          <Data name="LP">
            <value>29</value>
          </Data>
          <Data name="Funkcja">
            <value>magazyn murowany</value>
          </Data>
          <Data name="Nr_na_plan">
            <value>105</value>
          </Data>
          <Data name="UWAGI">
            <value>widoczny w terenie</value>
          </Data>
          <Data name="Projektowe">
            <value>T29</value>
          </Data>
        </ExtendedData>
        <Point>
          <coordinates>
            19.967593,50.030176,0
          </coordinates>
        </Point>
      </Placemark>
      <Placemark>
        <name>Drukarnia / Print shop</name>
        <description><![CDATA[opis: <br>LP: 30<br>Funkcja: drukarnia<br>Nr_na_plan: 92<br>UWAGI: czytelna terenowo, rozpoznana archeologicznie w 2017 r.<br>Projektowe: T30]]></description>
        <styleUrl>#icon-1739-F9A825</styleUrl>
        <ExtendedData>
          <Data name="opis">
            <value/>
          </Data>
          <Data name="LP">
            <value>30</value>
          </Data>
          <Data name="Funkcja">
            <value>drukarnia</value>
          </Data>
          <Data name="Nr_na_plan">
            <value>92</value>
          </Data>
          <Data name="UWAGI">
            <value>czytelna terenowo, rozpoznana archeologicznie w 2017 r.</value>
          </Data>
          <Data name="Projektowe">
            <value>T30</value>
          </Data>
        </ExtendedData>
        <Point>
          <coordinates>
            19.962458,50.030266,0
          </coordinates>
        </Point>
      </Placemark>
      <Placemark>
        <name>Warsztaty papiernicze / Paper-making workshop</name>
        <description><![CDATA[opis: <br>LP: 31<br>Funkcja: papiernia<br>Nr_na_plan: 90<br>UWAGI: badana wykopaliskowo w 2017 r.<br>Projektowe: T31]]></description>
        <styleUrl>#icon-1739-F9A825</styleUrl>
        <ExtendedData>
          <Data name="opis">
            <value/>
          </Data>
          <Data name="LP">
            <value>31</value>
          </Data>
          <Data name="Funkcja">
            <value>papiernia</value>
          </Data>
          <Data name="Nr_na_plan">
            <value>90</value>
          </Data>
          <Data name="UWAGI">
            <value>badana wykopaliskowo w 2017 r.</value>
          </Data>
          <Data name="Projektowe">
            <value>T31</value>
          </Data>
        </ExtendedData>
        <Point>
          <coordinates>
            19.962472,50.030532,0
          </coordinates>
        </Point>
      </Placemark>
      <Placemark>
        <name>Warsztaty papiernicze / Paper-making workshop</name>
        <description><![CDATA[opis: <br>LP: 32<br>Funkcja: warsztaty papiernicze<br>Nr_na_plan: 85<br>UWAGI: widoczna niwelacja<br>Projektowe: T32]]></description>
        <styleUrl>#icon-1739-F9A825</styleUrl>
        <ExtendedData>
          <Data name="opis">
            <value/>
          </Data>
          <Data name="LP">
            <value>32</value>
          </Data>
          <Data name="Funkcja">
            <value>warsztaty papiernicze</value>
          </Data>
          <Data name="Nr_na_plan">
            <value>85</value>
          </Data>
          <Data name="UWAGI">
            <value>widoczna niwelacja</value>
          </Data>
          <Data name="Projektowe">
            <value>T32</value>
          </Data>
        </ExtendedData>
        <Point>
          <coordinates>
            19.963061,50.030933,0
          </coordinates>
        </Point>
      </Placemark>
      <Placemark>
        <name>Warsztaty papiernicze / Paper-making workshop</name>
        <description><![CDATA[opis: <br>LP: 33<br>Funkcja: drukarnia<br>Nr_na_plan: ?<br>UWAGI: widoczna niwelacja<br>Projektowe: T33]]></description>
        <styleUrl>#icon-1739-F9A825</styleUrl>
        <ExtendedData>
          <Data name="opis">
            <value/>
          </Data>
          <Data name="LP">
            <value>33</value>
          </Data>
          <Data name="Funkcja">
            <value>drukarnia</value>
          </Data>
          <Data name="Nr_na_plan">
            <value>?</value>
          </Data>
          <Data name="UWAGI">
            <value>widoczna niwelacja</value>
          </Data>
          <Data name="Projektowe">
            <value>T33</value>
          </Data>
        </ExtendedData>
        <Point>
          <coordinates>
            19.962381,50.030704,0
          </coordinates>
        </Point>
      </Placemark>
      <Placemark>
        <name>Stolarnia / Joinery shop</name>
        <description><![CDATA[opis: <br>LP: 34<br>Funkcja: stolarnia<br>Nr_na_plan: 91<br>UWAGI: j. w.<br>Projektowe: T34]]></description>
        <styleUrl>#icon-1739-F9A825</styleUrl>
        <ExtendedData>
          <Data name="opis">
            <value/>
          </Data>
          <Data name="LP">
            <value>34</value>
          </Data>
          <Data name="Funkcja">
            <value>stolarnia</value>
          </Data>
          <Data name="Nr_na_plan">
            <value>91</value>
          </Data>
          <Data name="UWAGI">
            <value>j. w.</value>
          </Data>
          <Data name="Projektowe">
            <value>T34</value>
          </Data>
        </ExtendedData>
        <Point>
          <coordinates>
            19.962102,50.030082,0
          </coordinates>
        </Point>
      </Placemark>
      <Placemark>
        <name>Warsztaty metalowe / Metalwork shop</name>
        <description><![CDATA[opis: <br>LP: 35<br>Funkcja: warsztaty metalowe<br>Nr_na_plan: 89<br>UWAGI: j. w.<br>Projektowe: T35]]></description>
        <styleUrl>#icon-1739-F9A825</styleUrl>
        <ExtendedData>
          <Data name="opis">
            <value/>
          </Data>
          <Data name="LP">
            <value>35</value>
          </Data>
          <Data name="Funkcja">
            <value>warsztaty metalowe</value>
          </Data>
          <Data name="Nr_na_plan">
            <value>89</value>
          </Data>
          <Data name="UWAGI">
            <value>j. w.</value>
          </Data>
          <Data name="Projektowe">
            <value>T35</value>
          </Data>
        </ExtendedData>
        <Point>
          <coordinates>
            19.962191,50.030487,0
          </coordinates>
        </Point>
      </Placemark>
      <Placemark>
        <name>Ślusarnia i blacharnia / Blacksmith and tinsmith shop</name>
        <description><![CDATA[opis: <br>LP: 36<br>Funkcja: ślusarnia i blacharnia<br>Nr_na_plan: 84<br>UWAGI: j. w.<br>Projektowe: T36]]></description>
        <styleUrl>#icon-1739-F9A825</styleUrl>
        <ExtendedData>
          <Data name="opis">
            <value/>
          </Data>
          <Data name="LP">
            <value>36</value>
          </Data>
          <Data name="Funkcja">
            <value>ślusarnia i blacharnia</value>
          </Data>
          <Data name="Nr_na_plan">
            <value>84</value>
          </Data>
          <Data name="UWAGI">
            <value>j. w.</value>
          </Data>
          <Data name="Projektowe">
            <value>T36</value>
          </Data>
        </ExtendedData>
        <Point>
          <coordinates>
            19.962075,50.030594,0
          </coordinates>
        </Point>
      </Placemark>
      <Placemark>
        <name>Barak mieszkalny dla więźniów polskich
/ Residential barrack for Polish prisoners</name>
        <description><![CDATA[opis: <br>LP: 37<br>Funkcja: Wychowawczy obóz dla Polaków<br>Nr_na_plan: 52-57<br>UWAGI: zbiorczo, mogą byc dwa oznaczenia z dwóch stron<br>Projektowe: T46]]></description>
        <styleUrl>#icon-1739-F9A825</styleUrl>
        <ExtendedData>
          <Data name="opis">
            <value/>
          </Data>
          <Data name="LP">
            <value>37</value>
          </Data>
          <Data name="Funkcja">
            <value>Wychowawczy obóz dla Polaków</value>
          </Data>
          <Data name="Nr_na_plan">
            <value>52-57</value>
          </Data>
          <Data name="UWAGI">
            <value>zbiorczo, mogą byc dwa oznaczenia z dwóch stron</value>
          </Data>
          <Data name="Projektowe">
            <value>T46</value>
          </Data>
        </ExtendedData>
        <Point>
          <coordinates>
            19.964046,50.033371,0
          </coordinates>
        </Point>
      </Placemark>
      <Placemark>
        <name>Piwnica na ziemniaki
/ Potato cellar</name>
        <description><![CDATA[opis: <br>LP: 38<br>Funkcja: Piwnica na ziemniaki<br>Nr_na_plan: 88<br>UWAGI: widoczna<br>Projektowe: T38]]></description>
        <styleUrl>#icon-1739-F9A825</styleUrl>
        <ExtendedData>
          <Data name="opis">
            <value/>
          </Data>
          <Data name="LP">
            <value>38</value>
          </Data>
          <Data name="Funkcja">
            <value>Piwnica na ziemniaki</value>
          </Data>
          <Data name="Nr_na_plan">
            <value>88</value>
          </Data>
          <Data name="UWAGI">
            <value>widoczna</value>
          </Data>
          <Data name="Projektowe">
            <value>T38</value>
          </Data>
        </ExtendedData>
        <Point>
          <coordinates>
            19.9605327,50.0299976,0
          </coordinates>
        </Point>
      </Placemark>
      <Placemark>
        <name>Oddział zakaźny
/ Contagious diseases ward
</name>
        <description><![CDATA[opis: <br>LP: 39<br>Funkcja: barak kobiecy<br>Nr_na_plan: 2<br>UWAGI: na podst. opr. GPP<br>Projektowe: T39]]></description>
        <styleUrl>#icon-1739-F9A825</styleUrl>
        <ExtendedData>
          <Data name="opis">
            <value/>
          </Data>
          <Data name="LP">
            <value>39</value>
          </Data>
          <Data name="Funkcja">
            <value>barak kobiecy</value>
          </Data>
          <Data name="Nr_na_plan">
            <value>2</value>
          </Data>
          <Data name="UWAGI">
            <value>na podst. opr. GPP</value>
          </Data>
          <Data name="Projektowe">
            <value>T39</value>
          </Data>
        </ExtendedData>
        <Point>
          <coordinates>
            19.959132,50.031527,0
          </coordinates>
        </Point>
      </Placemark>
      <Placemark>
        <name>Barak Żydowskiej Służby Porządkowej (OD)
/ Barrack of Jewish Police Service (OD)</name>
        <description><![CDATA[opis: <br>LP: 41<br>Funkcja: Żydowska Służba Porządkowa<br>Nr_na_plan: 13<br>UWAGI: j. w.<br>Projektowe: T40]]></description>
        <styleUrl>#icon-1739-F9A825</styleUrl>
        <ExtendedData>
          <Data name="opis">
            <value/>
          </Data>
          <Data name="LP">
            <value>41</value>
          </Data>
          <Data name="Funkcja">
            <value>Żydowska Służba Porządkowa</value>
          </Data>
          <Data name="Nr_na_plan">
            <value>13</value>
          </Data>
          <Data name="UWAGI">
            <value>j. w.</value>
          </Data>
          <Data name="Projektowe">
            <value>T40</value>
          </Data>
        </ExtendedData>
        <Point>
          <coordinates>
            19.9615199,50.0325358,0
          </coordinates>
        </Point>
      </Placemark>
      <Placemark>
        <name>Szczotkarnia
/ Brush-making shop</name>
        <description><![CDATA[opis: <br>LP: <br>Funkcja: staw<br>Nr_na_plan: <br>UWAGI: <br>Projektowe: T37]]></description>
        <styleUrl>#icon-1739-F9A825</styleUrl>
        <ExtendedData>
          <Data name="opis">
            <value/>
          </Data>
          <Data name="LP">
            <value/>
          </Data>
          <Data name="Funkcja">
            <value>staw</value>
          </Data>
          <Data name="Nr_na_plan">
            <value/>
          </Data>
          <Data name="UWAGI">
            <value/>
          </Data>
          <Data name="Projektowe">
            <value>T37</value>
          </Data>
        </ExtendedData>
        <Point>
          <coordinates>
            19.96086,50.029593,0
          </coordinates>
        </Point>
      </Placemark>
      <Placemark>
        <name>Staw przeciwpożarowy
/ Fire pond</name>
        <description><![CDATA[opis: <br>LP: <br>Funkcja: staw<br>Nr_na_plan: <br>UWAGI: <br>Projektowe: T43]]></description>
        <styleUrl>#icon-1739-F9A825</styleUrl>
        <ExtendedData>
          <Data name="opis">
            <value/>
          </Data>
          <Data name="LP">
            <value/>
          </Data>
          <Data name="Funkcja">
            <value>staw</value>
          </Data>
          <Data name="Nr_na_plan">
            <value/>
          </Data>
          <Data name="UWAGI">
            <value/>
          </Data>
          <Data name="Projektowe">
            <value>T43</value>
          </Data>
        </ExtendedData>
        <Point>
          <coordinates>
            19.964734,50.028782,0
          </coordinates>
        </Point>
      </Placemark>
      <Placemark>
        <name>Staw przeciwpożarowy
/ Fire pond</name>
        <description><![CDATA[opis: <br>LP: <br>Funkcja: staw<br>Nr_na_plan: <br>UWAGI: <br>Projektowe: T44]]></description>
        <styleUrl>#icon-1739-F9A825</styleUrl>
        <ExtendedData>
          <Data name="opis">
            <value/>
          </Data>
          <Data name="LP">
            <value/>
          </Data>
          <Data name="Funkcja">
            <value>staw</value>
          </Data>
          <Data name="Nr_na_plan">
            <value/>
          </Data>
          <Data name="UWAGI">
            <value/>
          </Data>
          <Data name="Projektowe">
            <value>T44</value>
          </Data>
        </ExtendedData>
        <Point>
          <coordinates>
            19.966159,50.029112,0
          </coordinates>
        </Point>
      </Placemark>
      <Placemark>
        <name>Staw przeciwpożarowy
/ Fire pond</name>
        <description><![CDATA[opis: <br>LP: <br>Funkcja: staw<br>Nr_na_plan: <br>UWAGI: <br>Projektowe: T45]]></description>
        <styleUrl>#icon-1739-F9A825</styleUrl>
        <ExtendedData>
          <Data name="opis">
            <value/>
          </Data>
          <Data name="LP">
            <value/>
          </Data>
          <Data name="Funkcja">
            <value>staw</value>
          </Data>
          <Data name="Nr_na_plan">
            <value/>
          </Data>
          <Data name="UWAGI">
            <value/>
          </Data>
          <Data name="Projektowe">
            <value>T45</value>
          </Data>
        </ExtendedData>
        <Point>
          <coordinates>
            19.967692,50.029468,0
          </coordinates>
        </Point>
      </Placemark>
      <Placemark>
        <name>Staw przeciwpożarowy
/ Fire pond</name>
        <description><![CDATA[opis: <br>LP: <br>Funkcja: staw<br>Nr_na_plan: <br>UWAGI: <br>Projektowe: T41]]></description>
        <styleUrl>#icon-1739-F9A825</styleUrl>
        <ExtendedData>
          <Data name="opis">
            <value/>
          </Data>
          <Data name="LP">
            <value/>
          </Data>
          <Data name="Funkcja">
            <value>staw</value>
          </Data>
          <Data name="Nr_na_plan">
            <value/>
          </Data>
          <Data name="UWAGI">
            <value/>
          </Data>
          <Data name="Projektowe">
            <value>T41</value>
          </Data>
        </ExtendedData>
        <Point>
          <coordinates>
            19.96362,50.031555,0
          </coordinates>
        </Point>
      </Placemark>
      <Placemark>
        <name>Staw przeciwpożarowy
/ Fire pond</name>
        <description><![CDATA[opis: <br>LP: <br>Funkcja: staw<br>Nr_na_plan: <br>UWAGI: <br>Projektowe: T42]]></description>
        <styleUrl>#icon-1739-F9A825</styleUrl>
        <ExtendedData>
          <Data name="opis">
            <value/>
          </Data>
          <Data name="LP">
            <value/>
          </Data>
          <Data name="Funkcja">
            <value>staw</value>
          </Data>
          <Data name="Nr_na_plan">
            <value/>
          </Data>
          <Data name="UWAGI">
            <value/>
          </Data>
          <Data name="Projektowe">
            <value>T42</value>
          </Data>
        </ExtendedData>
        <Point>
          <coordinates>
            19.964198,50.031812,0
          </coordinates>
        </Point>
      </Placemark>
      <Placemark>
        <name>Relikty archeologiczne
/ Archaeological relicts</name>
        <description><![CDATA[opis: <br>LP: <br>Funkcja: <br>Nr_na_plan: <br>UWAGI: <br>Projektowe: ]]></description>
        <styleUrl>#icon-1500-F9A825</styleUrl>
        <ExtendedData>
          <Data name="opis">
            <value/>
          </Data>
          <Data name="LP">
            <value/>
          </Data>
          <Data name="Funkcja">
            <value/>
          </Data>
          <Data name="Nr_na_plan">
            <value/>
          </Data>
          <Data name="UWAGI">
            <value/>
          </Data>
          <Data name="Projektowe">
            <value/>
          </Data>
        </ExtendedData>
        <Point>
          <coordinates>
            19.9616029,50.0321036,0
          </coordinates>
        </Point>
      </Placemark>
      <Placemark>
        <name>Relikty archeologiczne
/ Archaeological relicts</name>
        <description><![CDATA[opis: <br>LP: <br>Funkcja: <br>Nr_na_plan: <br>UWAGI: <br>Projektowe: ]]></description>
        <styleUrl>#icon-1500-F9A825</styleUrl>
        <ExtendedData>
          <Data name="opis">
            <value/>
          </Data>
          <Data name="LP">
            <value/>
          </Data>
          <Data name="Funkcja">
            <value/>
          </Data>
          <Data name="Nr_na_plan">
            <value/>
          </Data>
          <Data name="UWAGI">
            <value/>
          </Data>
          <Data name="Projektowe">
            <value/>
          </Data>
        </ExtendedData>
        <Point>
          <coordinates>
            19.9599218,50.0313231,0
          </coordinates>
        </Point>
      </Placemark>
      <Placemark>
        <name>Relikty archeologiczne
/ Archaeological relicts</name>
        <description><![CDATA[opis: <br>LP: <br>Funkcja: <br>Nr_na_plan: <br>UWAGI: <br>Projektowe: ]]></description>
        <styleUrl>#icon-1500-F9A825</styleUrl>
        <ExtendedData>
          <Data name="opis">
            <value/>
          </Data>
          <Data name="LP">
            <value/>
          </Data>
          <Data name="Funkcja">
            <value/>
          </Data>
          <Data name="Nr_na_plan">
            <value/>
          </Data>
          <Data name="UWAGI">
            <value/>
          </Data>
          <Data name="Projektowe">
            <value/>
          </Data>
        </ExtendedData>
        <Point>
          <coordinates>
            19.9613383,50.0312411,0
          </coordinates>
        </Point>
      </Placemark>
      <Placemark>
        <name>Makieta KL Plaszow
/ KL Plaszow 3D model</name>
        <description><![CDATA[opis: <br>LP: <br>Funkcja: <br>Nr_na_plan: <br>UWAGI: <br>Projektowe: ]]></description>
        <styleUrl>#icon-1803-FFD600</styleUrl>
        <ExtendedData>
          <Data name="opis">
            <value/>
          </Data>
          <Data name="LP">
            <value/>
          </Data>
          <Data name="Funkcja">
            <value/>
          </Data>
          <Data name="Nr_na_plan">
            <value/>
          </Data>
          <Data name="UWAGI">
            <value/>
          </Data>
          <Data name="Projektowe">
            <value/>
          </Data>
        </ExtendedData>
        <Point>
          <coordinates>
            19.9662189,50.0327593,0
          </coordinates>
        </Point>
      </Placemark>
      <Placemark>
        <name>Makieta Szarego Domu
/ The Grey House 3D model
</name>
        <description><![CDATA[opis: <br>LP: <br>Funkcja: <br>Nr_na_plan: <br>UWAGI: <br>Projektowe: ]]></description>
        <styleUrl>#icon-1803-FFD600</styleUrl>
        <ExtendedData>
          <Data name="opis">
            <value/>
          </Data>
          <Data name="LP">
            <value/>
          </Data>
          <Data name="Funkcja">
            <value/>
          </Data>
          <Data name="Nr_na_plan">
            <value/>
          </Data>
          <Data name="UWAGI">
            <value/>
          </Data>
          <Data name="Projektowe">
            <value/>
          </Data>
        </ExtendedData>
        <Point>
          <coordinates>
            19.9661198,50.0328932,0
          </coordinates>
        </Point>
      </Placemark>
      <Placemark>
        <name>Makieta hali przedpogrzebowej 
/ Funeral home 3D Model
</name>
        <description><![CDATA[opis: <br>LP: <br>Funkcja: <br>Nr_na_plan: <br>UWAGI: <br>Projektowe: ]]></description>
        <styleUrl>#icon-1803-FFD600</styleUrl>
        <ExtendedData>
          <Data name="opis">
            <value/>
          </Data>
          <Data name="LP">
            <value/>
          </Data>
          <Data name="Funkcja">
            <value/>
          </Data>
          <Data name="Nr_na_plan">
            <value/>
          </Data>
          <Data name="UWAGI">
            <value/>
          </Data>
          <Data name="Projektowe">
            <value/>
          </Data>
        </ExtendedData>
        <Point>
          <coordinates>
            19.965484,50.0338905,0
          </coordinates>
        </Point>
      </Placemark>
      <Placemark>
        <name>Makieta KL Plaszow
/ KL Plaszow 3D model</name>
        <description><![CDATA[opis: <br>LP: <br>Funkcja: <br>Nr_na_plan: <br>UWAGI: <br>Projektowe: ]]></description>
        <styleUrl>#icon-1803-FFD600</styleUrl>
        <ExtendedData>
          <Data name="opis">
            <value/>
          </Data>
          <Data name="LP">
            <value/>
          </Data>
          <Data name="Funkcja">
            <value/>
          </Data>
          <Data name="Nr_na_plan">
            <value/>
          </Data>
          <Data name="UWAGI">
            <value/>
          </Data>
          <Data name="Projektowe">
            <value/>
          </Data>
        </ExtendedData>
        <Point>
          <coordinates>
            19.9591164,50.0305561,0
          </coordinates>
        </Point>
      </Placemark>
      <Placemark>
        <name>Makieta Pomnika Ofiar Faszyzmu
/ Nazi Victims Memorial 3d model</name>
        <description><![CDATA[opis: <br>LP: <br>Funkcja: <br>Nr_na_plan: <br>UWAGI: <br>Projektowe: ]]></description>
        <styleUrl>#icon-1803-FFD600</styleUrl>
        <ExtendedData>
          <Data name="opis">
            <value/>
          </Data>
          <Data name="LP">
            <value/>
          </Data>
          <Data name="Funkcja">
            <value/>
          </Data>
          <Data name="Nr_na_plan">
            <value/>
          </Data>
          <Data name="UWAGI">
            <value/>
          </Data>
          <Data name="Projektowe">
            <value/>
          </Data>
        </ExtendedData>
        <Point>
          <coordinates>
            19.9613706,50.0297646,0
          </coordinates>
        </Point>
      </Placemark>
    </Folder>
    <Folder>
      <name>Inne / Others</name>
      <Placemark>
        <name>Schody / Stairs</name>
        <styleUrl>#icon-1877-880E4F-nodesc</styleUrl>
        <Point>
          <coordinates>
            19.965782,50.032228,0
          </coordinates>
        </Point>
      </Placemark>
      <Placemark>
        <name>Schody / Stairs</name>
        <styleUrl>#icon-1877-880E4F-nodesc</styleUrl>
        <Point>
          <coordinates>
            19.9661156,50.0318089,0
          </coordinates>
        </Point>
      </Placemark>
      <Placemark>
        <name>Schody / Stairs</name>
        <styleUrl>#icon-1877-880E4F-nodesc</styleUrl>
        <Point>
          <coordinates>
            19.9640767,50.0314781,0
          </coordinates>
        </Point>
      </Placemark>
      <Placemark>
        <name>Schody / Stairs</name>
        <styleUrl>#icon-1877-880E4F-nodesc</styleUrl>
        <Point>
          <coordinates>
            19.9647902,50.0306166,0
          </coordinates>
        </Point>
      </Placemark>
      <Placemark>
        <name>Schody / Stairs</name>
        <styleUrl>#icon-1877-880E4F-nodesc</styleUrl>
        <Point>
          <coordinates>
            19.9602486,50.0318636,0
          </coordinates>
        </Point>
      </Placemark>
      <Placemark>
        <name>Schody / Stairs</name>
        <styleUrl>#icon-1877-880E4F-nodesc</styleUrl>
        <Point>
          <coordinates>
            19.9595675,50.0322378,0
          </coordinates>
        </Point>
      </Placemark>
    </Folder>
  </Document>
</kml>
